#! /usr/bin/env bash
exec /home/chema/miniconda3/envs/digital/bin/vvp -f "$0" "$@" <<'# EOF'
:ivl_version "13.0 (devel)" "(0_8-6859-gf50cc35d2-dirty)";
:ivl_delay_selection "TYPICAL";
:vpi_time_precision - 12;
:vpi_module "/home/chema/miniconda3/envs/digital/lib/ivl/system.vpi";
:vpi_module "/home/chema/miniconda3/envs/digital/lib/ivl/vhdl_sys.vpi";
:vpi_module "/home/chema/miniconda3/envs/digital/lib/ivl/vhdl_textio.vpi";
:vpi_module "/home/chema/miniconda3/envs/digital/lib/ivl/v2005_math.vpi";
:vpi_module "/home/chema/miniconda3/envs/digital/lib/ivl/va_math.vpi";
S_0x3b862260 .scope module, "bench" "bench" 2 1;
 .timescale 0 0;
P_0x3b8d1bc0 .param/l "c_BIT_PERIOD" 0 2 6, +C4<00000000000000000010000111101000>;
P_0x3b8d1c00 .param/l "tck" 0 2 5, +C4<00000000000000000000000000101000>;
v0x3b8ff390_0 .var "CLK", 0 0;
v0x3b8ff450_0 .net "LEDS", 0 0, v0x3b8f7140_0;  1 drivers
v0x3b8ff560_0 .var "RESET", 0 0;
v0x3b8ff650_0 .var "RXD", 0 0;
v0x3b8ff6f0_0 .net "TXD", 0 0, v0x3b8f69f0_0;  1 drivers
v0x3b8ff7e0_0 .var/i "idx", 31 0;
v0x3b8ff880_0 .var "prev_LEDS", 4 0;
S_0x3b8262b0 .scope task, "UART_WRITE_BYTE" "UART_WRITE_BYTE" 2 18, 2 18 0, S_0x3b862260;
 .timescale 0 0;
v0x3b8c1430_0 .var "i_Data", 7 0;
v0x3b8bfc90_0 .var/i "ii", 31 0;
TD_bench.UART_WRITE_BYTE ;
    %pushi/vec4 0, 0, 1;
    %assign/vec4 v0x3b8ff650_0, 0;
    %delay 4238770176, 2020969;
    %delay 2764472320, 232830;
    %pushi/vec4 0, 0, 32;
    %store/vec4 v0x3b8bfc90_0, 0, 32;
T_0.0 ; Top of for-loop 
    %load/vec4 v0x3b8bfc90_0;
    %cmpi/s 8, 0, 32;
    %jmp/0xz T_0.1, 5;
    %load/vec4 v0x3b8c1430_0;
    %load/vec4 v0x3b8bfc90_0;
    %part/s 1;
    %assign/vec4 v0x3b8ff650_0, 0;
    %delay 4238770176, 2020969;
T_0.2 ; for-loop step statement
    %load/vec4 v0x3b8bfc90_0;
    %addi 1, 0, 32;
    %store/vec4 v0x3b8bfc90_0, 0, 32;
    %jmp T_0.0;
T_0.1 ; for-loop exit label
    %pushi/vec4 1, 0, 1;
    %assign/vec4 v0x3b8ff650_0, 0;
    %delay 4238770176, 2020969;
    %end;
S_0x3b82c7b0 .scope module, "uut" "SOC" 2 43, 3 2 0, S_0x3b862260;
 .timescale -9 -12;
    .port_info 0 /INPUT 1 "clk";
    .port_info 1 /INPUT 1 "resetn";
    .port_info 2 /OUTPUT 1 "LEDS";
    .port_info 3 /INPUT 1 "RXD";
    .port_info 4 /OUTPUT 1 "TXD";
L_0x3b9283b0 .functor BUFZ 1, L_0x3b926a70, C4<0>, C4<0>, C4<0>;
L_0x3b9285f0 .functor AND 1, L_0x3b928550, L_0x3b9283b0, C4<1>, C4<1>;
L_0x3b9287f0 .functor AND 4, L_0x3b928700, L_0x3b9270b0, C4<1111>, C4<1111>;
v0x3b8fdf40_0 .net "LEDS", 0 0, v0x3b8f7140_0;  alias, 1 drivers
v0x3b8fe000_0 .net "RAM_rdata", 31 0, v0x3b8d86b0_0;  1 drivers
v0x3b8fe0a0_0 .net "RXD", 0 0, v0x3b8ff650_0;  1 drivers
v0x3b8fe140_0 .net "TXD", 0 0, v0x3b8f69f0_0;  alias, 1 drivers
v0x3b8fe230_0 .net *"_ivl_13", 0 0, L_0x3b928660;  1 drivers
v0x3b8fe320_0 .net *"_ivl_14", 3 0, L_0x3b928700;  1 drivers
v0x3b8fe400_0 .net *"_ivl_39", 4 0, L_0x3b9296c0;  1 drivers
L_0x7345aa549e28 .functor BUFT 1, C4<0000000000000000>, C4<0>, C4<0>, C4<0>;
v0x3b8fe4e0_0 .net *"_ivl_45", 15 0, L_0x7345aa549e28;  1 drivers
v0x3b8fe5c0_0 .net *"_ivl_9", 0 0, L_0x3b928550;  1 drivers
v0x3b8fe730_0 .net "bcd2bin_dout", 31 0, v0x3b8e0df0_0;  1 drivers
v0x3b8fe7f0_0 .net "bin2bcd_dout", 31 0, v0x3b8ea7d0_0;  1 drivers
v0x3b8fe890_0 .net "clk", 0 0, v0x3b8ff390_0;  1 drivers
v0x3b8fe930_0 .var "cs", 7 0;
v0x3b8fe9f0_0 .net "div_dout", 31 0, L_0x3b929890;  1 drivers
v0x3b8fead0_0 .net "mem_addr", 31 0, L_0x3b917390;  1 drivers
v0x3b8feb90_0 .var "mem_rdata", 31 0;
v0x3b8fec50_0 .net "mem_rstrb", 0 0, L_0x3b926a70;  1 drivers
v0x3b8fee00_0 .net "mem_wdata", 31 0, L_0x3b91c8b0;  1 drivers
v0x3b8feea0_0 .net "mem_wmask", 3 0, L_0x3b9270b0;  1 drivers
v0x3b8fef40_0 .net "mult_dout", 31 0, v0x3b8f4290_0;  1 drivers
v0x3b8fefe0_0 .net "rd", 0 0, L_0x3b9283b0;  1 drivers
v0x3b8ff080_0 .net "resetn", 0 0, v0x3b8ff560_0;  1 drivers
v0x3b8ff120_0 .net "sqrt_dout", 31 0, v0x3b8fd7b0_0;  1 drivers
v0x3b8ff1c0_0 .net "uart_dout", 31 0, v0x3b8f7080_0;  1 drivers
v0x3b8ff260_0 .net "wr", 0 0, L_0x3b928310;  1 drivers
E_0x3b6b9cd0/0 .event anyedge, v0x3b8fe930_0, v0x3b8e0df0_0, v0x3b8f7080_0, v0x3b8fd7b0_0;
E_0x3b6b9cd0/1 .event anyedge, v0x3b8f4290_0, v0x3b8fe9f0_0, v0x3b8ea7d0_0, v0x3b8d86b0_0;
E_0x3b6b9cd0 .event/or E_0x3b6b9cd0/0, E_0x3b6b9cd0/1;
E_0x3b8d5480 .event anyedge, v0x3b8d6410_0;
L_0x3b928310 .reduce/or L_0x3b9270b0;
L_0x3b928550 .part v0x3b8fe930_0, 0, 1;
L_0x3b928660 .part v0x3b8fe930_0, 0, 1;
L_0x3b928700 .concat [ 1 1 1 1], L_0x3b928660, L_0x3b928660, L_0x3b928660, L_0x3b928660;
L_0x3b928c60 .reduce/nor v0x3b8ff560_0;
L_0x3b928d50 .part v0x3b8fe930_0, 5, 1;
L_0x3b928df0 .part L_0x3b917390, 0, 5;
L_0x3b928fa0 .reduce/nor v0x3b8ff560_0;
L_0x3b929120 .part L_0x3b91c8b0, 0, 16;
L_0x3b9291c0 .part v0x3b8fe930_0, 3, 1;
L_0x3b929350 .part L_0x3b917390, 0, 5;
L_0x3b9293f0 .reduce/nor v0x3b8ff560_0;
L_0x3b929500 .part L_0x3b91c8b0, 0, 16;
L_0x3b9295a0 .part v0x3b8fe930_0, 2, 1;
L_0x3b9296c0 .part L_0x3b917390, 0, 5;
L_0x3b929760 .part L_0x3b9296c0, 0, 4;
L_0x3b929890 .concat [ 16 16 0 0], v0x3b8ef970_0, L_0x7345aa549e28;
L_0x3b929d40 .reduce/nor v0x3b8ff560_0;
L_0x3b929e80 .part L_0x3b91c8b0, 0, 16;
L_0x3b929f20 .part v0x3b8fe930_0, 4, 1;
L_0x3b929de0 .part L_0x3b917390, 0, 5;
L_0x3b92b970 .reduce/nor v0x3b8ff560_0;
L_0x3b92bad0 .part L_0x3b91c8b0, 0, 16;
L_0x3b92bcb0 .part v0x3b8fe930_0, 1, 1;
L_0x3b92be50 .part L_0x3b917390, 0, 5;
L_0x3b92d5c0 .reduce/nor v0x3b8ff560_0;
L_0x3b92d850 .part L_0x3b91c8b0, 0, 20;
L_0x3b92d920 .part v0x3b8fe930_0, 7, 1;
L_0x3b92dbf0 .part L_0x3b917390, 0, 5;
S_0x3b82d3a0 .scope module, "CPU" "FemtoRV32" 3 15, 4 2 0, S_0x3b82c7b0;
 .timescale 0 0;
    .port_info 0 /INPUT 1 "clk";
    .port_info 1 /OUTPUT 32 "mem_addr";
    .port_info 2 /OUTPUT 32 "mem_wdata";
    .port_info 3 /OUTPUT 4 "mem_wmask";
    .port_info 4 /INPUT 32 "mem_rdata";
    .port_info 5 /OUTPUT 1 "mem_rstrb";
    .port_info 6 /INPUT 1 "mem_rbusy";
    .port_info 7 /INPUT 1 "mem_wbusy";
    .port_info 8 /INPUT 1 "reset";
P_0x3b7bc270 .param/l "ADDR_PAD" 1 4 33, C4<00000000>;
P_0x3b7bc2b0 .param/l "ADDR_WIDTH" 0 4 25, +C4<00000000000000000000000000011000>;
P_0x3b7bc2f0 .param/l "EXECUTE" 1 4 48, +C4<0000000000000000000000000000000100>;
P_0x3b7bc330 .param/l "EXECUTE_bit" 1 4 42, +C4<00000000000000000000000000000010>;
P_0x3b7bc370 .param/l "FETCH_INSTR" 1 4 46, +C4<00000000000000000000000000000001>;
P_0x3b7bc3b0 .param/l "FETCH_INSTR_bit" 1 4 40, +C4<00000000000000000000000000000000>;
P_0x3b7bc3f0 .param/l "NB_STATES" 1 4 44, +C4<00000000000000000000000000000100>;
P_0x3b7bc430 .param/l "RESET_ADDR" 0 4 30, C4<00000000000000000000000000000000>;
P_0x3b7bc470 .param/l "WAIT_ALU_OR_MEM" 1 4 49, +C4<00000000000000000000000000000001000>;
P_0x3b7bc4b0 .param/l "WAIT_ALU_OR_MEM_bit" 1 4 43, +C4<00000000000000000000000000000011>;
P_0x3b7bc4f0 .param/l "WAIT_INSTR" 1 4 47, +C4<000000000000000000000000000000010>;
P_0x3b7bc530 .param/l "WAIT_INSTR_bit" 1 4 41, +C4<00000000000000000000000000000001>;
L_0x3b9140c0 .functor OR 1, L_0x3b912600, L_0x3b912f00, C4<0>, C4<0>;
L_0x3b9141d0 .functor BUFZ 32, v0x3b8d81b0_0, C4<00000000000000000000000000000000>, C4<00000000000000000000000000000000>, C4<00000000000000000000000000000000>;
L_0x3b914240 .functor OR 1, L_0x3b912f00, L_0x3b913530, C4<0>, C4<0>;
L_0x3b914710 .functor NOT 32, L_0x3b914300, C4<00000000000000000000000000000000>, C4<00000000000000000000000000000000>, C4<00000000000000000000000000000000>;
L_0x3b914e70 .functor XOR 1, L_0x3b9152b0, L_0x3b915350, C4<0>, C4<0>;
L_0x3b916a60 .functor OR 1, L_0x3b916da0, L_0x3b916e40, C4<0>, C4<0>;
L_0x3b919c50 .functor AND 1, L_0x3b919270, L_0x3b919b10, C4<1>, C4<1>;
L_0x3b91e4e0 .functor OR 1, L_0x3b91dfb0, L_0x3b91e0a0, C4<0>, C4<0>;
L_0x3b91efe0 .functor AND 1, L_0x3b91e6e0, L_0x3b91ef40, C4<1>, C4<1>;
L_0x3b920340 .functor OR 32, L_0x3b91f690, L_0x3b9201b0, C4<00000000000000000000000000000000>, C4<00000000000000000000000000000000>;
L_0x3b920fc0 .functor OR 32, L_0x3b920340, L_0x3b920a30, C4<00000000000000000000000000000000>, C4<00000000000000000000000000000000>;
L_0x3b921170 .functor XOR 32, L_0x3b9141d0, L_0x3b914300, C4<00000000000000000000000000000000>, C4<00000000000000000000000000000000>;
L_0x3b9217f0 .functor OR 32, L_0x3b920fc0, L_0x3b921250, C4<00000000000000000000000000000000>, C4<00000000000000000000000000000000>;
L_0x3b921ab0 .functor OR 32, L_0x3b9141d0, L_0x3b914300, C4<00000000000000000000000000000000>, C4<00000000000000000000000000000000>;
L_0x3b9211e0 .functor OR 32, L_0x3b9217f0, L_0x3b921ba0, C4<00000000000000000000000000000000>, C4<00000000000000000000000000000000>;
L_0x3b922290 .functor AND 32, L_0x3b9141d0, L_0x3b914300, C4<11111111111111111111111111111111>, C4<11111111111111111111111111111111>;
L_0x3b921d30 .functor OR 32, L_0x3b9211e0, L_0x3b9224a0, C4<00000000000000000000000000000000>, C4<00000000000000000000000000000000>;
L_0x3b921f80 .functor OR 32, L_0x3b921d30, L_0x3b921e40, C4<00000000000000000000000000000000>, C4<00000000000000000000000000000000>;
L_0x3b922c90 .functor OR 1, L_0x3b913530, L_0x3b912bf0, C4<0>, C4<0>;
L_0x3b922ee0 .functor NOT 1, L_0x3b922c90, C4<0>, C4<0>, C4<0>;
L_0x3b9230f0 .functor OR 1, L_0x3b9229c0, L_0x3b923670, C4<0>, C4<0>;
L_0x3b923160 .functor AND 1, L_0x3b922ee0, L_0x3b9230f0, C4<1>, C4<1>;
L_0x3b923c00 .functor OR 32, L_0x3b923330, L_0x3b923470, C4<00000000000000000000000000000000>, C4<00000000000000000000000000000000>;
L_0x3b923ea0 .functor OR 32, L_0x3b923c00, L_0x3b923d10, C4<00000000000000000000000000000000>, C4<00000000000000000000000000000000>;
L_0x3b6735a0 .functor OR 32, L_0x3b923ea0, L_0x3b923710, C4<00000000000000000000000000000000>, C4<00000000000000000000000000000000>;
L_0x3b923940 .functor OR 1, L_0x3b9138a0, L_0x3b913c20, C4<0>, C4<0>;
L_0x3b924350 .functor OR 32, L_0x3b6735a0, L_0x3b9241c0, C4<00000000000000000000000000000000>, C4<00000000000000000000000000000000>;
L_0x3b9245f0 .functor OR 32, L_0x3b924350, L_0x3b924460, C4<00000000000000000000000000000000>, C4<00000000000000000000000000000000>;
L_0x3b924e60 .functor AND 1, L_0x3b924dc0, L_0x3b915df0, C4<1>, C4<1>;
L_0x3b924800 .functor AND 1, L_0x3b924f70, L_0x3b924760, C4<1>, C4<1>;
L_0x3b9249c0 .functor OR 1, L_0x3b924e60, L_0x3b924800, C4<0>, C4<0>;
L_0x3b924b70 .functor AND 1, L_0x3b924ad0, L_0x3b915930, C4<1>, C4<1>;
L_0x3b925610 .functor OR 1, L_0x3b9249c0, L_0x3b924b70, C4<0>, C4<0>;
L_0x3b925010 .functor AND 1, L_0x3b925720, L_0x3b9257c0, C4<1>, C4<1>;
L_0x3b9251f0 .functor OR 1, L_0x3b925610, L_0x3b925010, C4<0>, C4<0>;
L_0x3b9253a0 .functor AND 1, L_0x3b925300, L_0x3b915ac0, C4<1>, C4<1>;
L_0x3b925460 .functor OR 1, L_0x3b9251f0, L_0x3b9253a0, C4<0>, C4<0>;
L_0x3b925900 .functor AND 1, L_0x3b925f30, L_0x3b925860, C4<1>, C4<1>;
L_0x3b925b00 .functor OR 1, L_0x3b925460, L_0x3b925900, C4<0>, C4<0>;
L_0x3b9267c0 .functor AND 1, L_0x3b926720, L_0x3b912320, C4<1>, C4<1>;
L_0x3b926a70 .functor OR 1, L_0x3b9267c0, L_0x3b9269d0, C4<0>, C4<0>;
L_0x3b926d10 .functor AND 1, L_0x3b927370, L_0x3b912bf0, C4<1>, C4<1>;
L_0x3b9270b0 .functor AND 4, L_0x3b926f30, L_0x3b926630, C4<1111>, C4<1111>;
L_0x3b9279a0 .functor AND 1, L_0x3b9271c0, L_0x3b9140c0, C4<1>, C4<1>;
L_0x3b927bd0 .functor AND 1, L_0x3b913530, L_0x3b925b00, C4<1>, C4<1>;
L_0x3b927c40 .functor OR 1, L_0x3b913c20, L_0x3b927bd0, C4<0>, C4<0>;
L_0x3b927e80 .functor OR 1, L_0x3b912320, L_0x3b912bf0, C4<0>, C4<0>;
L_0x3b928010 .functor AND 1, L_0x3b9140c0, L_0x3b91e4e0, C4<1>, C4<1>;
L_0x3b9282a0 .functor OR 1, L_0x3b927e80, L_0x3b928010, C4<0>, C4<0>;
v0x3b8bc790_0 .net "Bimm", 31 0, L_0x3b9112b0;  1 drivers
v0x3b860140_0 .net "EQ", 0 0, L_0x3b915df0;  1 drivers
v0x3b858fd0_0 .net "Iimm", 31 0, L_0x3b9103e0;  1 drivers
v0x3b85a560_0 .net "Jimm", 31 0, L_0x3b911f30;  1 drivers
v0x3b85a890_0 .net "LOAD_byte", 7 0, L_0x3b9184a0;  1 drivers
v0x3b823480_0 .net "LOAD_data", 31 0, L_0x3b91af70;  1 drivers
v0x3b823540_0 .net "LOAD_halfword", 15 0, L_0x3b917bb0;  1 drivers
v0x3b8213b0_0 .net "LOAD_sign", 0 0, L_0x3b919c50;  1 drivers
v0x3b821470_0 .net "LT", 0 0, L_0x3b915930;  1 drivers
v0x3b820c40_0 .net "LTU", 0 0, L_0x3b915ac0;  1 drivers
v0x3b820d00_0 .var "PC", 23 0;
v0x3b819d60_0 .net "PCplus4", 23 0, L_0x3b922da0;  1 drivers
v0x3b819e40_0 .net "PCplusImm", 23 0, L_0x3b922bf0;  1 drivers
v0x3b819280_0 .net "STORE_wmask", 3 0, L_0x3b926630;  1 drivers
v0x3b819340_0 .net "Simm", 31 0, L_0x3b910ab0;  1 drivers
v0x3b821050_0 .net "Uimm", 31 0, L_0x3b90fe10;  1 drivers
L_0x7345aa5492e8 .functor BUFT 1, C4<11000>, C4<0>, C4<0>, C4<0>;
v0x3b821110_0 .net/2u *"_ivl_100", 4 0, L_0x7345aa5492e8;  1 drivers
v0x3b8a51f0_0 .net *"_ivl_105", 4 0, L_0x3b9136a0;  1 drivers
L_0x7345aa549330 .functor BUFT 1, C4<11001>, C4<0>, C4<0>, C4<0>;
v0x3b8a52b0_0 .net/2u *"_ivl_106", 4 0, L_0x7345aa549330;  1 drivers
v0x3b8a5dc0_0 .net *"_ivl_11", 18 0, L_0x3b8ffd30;  1 drivers
v0x3b8a5ea0_0 .net *"_ivl_111", 4 0, L_0x3b913a10;  1 drivers
L_0x7345aa549378 .functor BUFT 1, C4<11011>, C4<0>, C4<0>, C4<0>;
v0x3b8a6990_0 .net/2u *"_ivl_112", 4 0, L_0x7345aa549378;  1 drivers
v0x3b8a6a70_0 .net *"_ivl_117", 4 0, L_0x3b913d60;  1 drivers
L_0x7345aa5493c0 .functor BUFT 1, C4<11100>, C4<0>, C4<0>, C4<0>;
v0x3b8a38b0_0 .net/2u *"_ivl_118", 4 0, L_0x7345aa5493c0;  1 drivers
L_0x7345aa549060 .functor BUFT 1, C4<000000000000>, C4<0>, C4<0>, C4<0>;
v0x3b8a3990_0 .net/2u *"_ivl_12", 11 0, L_0x7345aa549060;  1 drivers
v0x3b8a2860_0 .net *"_ivl_126", 0 0, L_0x3b914240;  1 drivers
L_0x7345aa549408 .functor BUFT 1, C4<1>, C4<0>, C4<0>, C4<0>;
v0x3b8a2940_0 .net/2u *"_ivl_134", 0 0, L_0x7345aa549408;  1 drivers
v0x3b8a1810_0 .net *"_ivl_136", 31 0, L_0x3b914710;  1 drivers
v0x3b8a18f0_0 .net *"_ivl_138", 32 0, L_0x3b9149f0;  1 drivers
L_0x7345aa549450 .functor BUFT 1, C4<0>, C4<0>, C4<0>, C4<0>;
v0x3b8a07c0_0 .net/2u *"_ivl_140", 0 0, L_0x7345aa549450;  1 drivers
v0x3b8a08a0_0 .net *"_ivl_142", 32 0, L_0x3b914b30;  1 drivers
v0x3b89f710_0 .net *"_ivl_144", 32 0, L_0x3b914dd0;  1 drivers
L_0x7345aa549498 .functor BUFT 1, C4<000000000000000000000000000000001>, C4<0>, C4<0>, C4<0>;
v0x3b89f7f0_0 .net/2u *"_ivl_146", 32 0, L_0x7345aa549498;  1 drivers
v0x3b8be220_0 .net *"_ivl_151", 0 0, L_0x3b9152b0;  1 drivers
v0x3b8be300_0 .net *"_ivl_153", 0 0, L_0x3b915350;  1 drivers
v0x3b8bd1d0_0 .net *"_ivl_154", 0 0, L_0x3b914e70;  1 drivers
v0x3b8bd2b0_0 .net *"_ivl_157", 0 0, L_0x3b9155c0;  1 drivers
v0x3b8bc180_0 .net *"_ivl_159", 0 0, L_0x3b915660;  1 drivers
v0x3b8bc260_0 .net *"_ivl_165", 31 0, L_0x3b915d50;  1 drivers
L_0x7345aa5494e0 .functor BUFT 1, C4<00000000000000000000000000000000>, C4<0>, C4<0>, C4<0>;
v0x3b8bb130_0 .net/2u *"_ivl_166", 31 0, L_0x7345aa5494e0;  1 drivers
v0x3b8bb210_0 .net *"_ivl_17", 0 0, L_0x3b90ffc0;  1 drivers
v0x3b8ba080_0 .net *"_ivl_171", 23 0, L_0x3b9160e0;  1 drivers
v0x3b8ba160_0 .net *"_ivl_173", 0 0, L_0x3b9161d0;  1 drivers
v0x3b89b0d0_0 .net *"_ivl_175", 23 0, L_0x3b916480;  1 drivers
v0x3b89b1b0_0 .net *"_ivl_177", 23 0, L_0x3b916570;  1 drivers
v0x3b8b5b90_0 .net *"_ivl_178", 23 0, L_0x3b916830;  1 drivers
v0x3b8b5c70_0 .net *"_ivl_18", 20 0, L_0x3b910060;  1 drivers
L_0x7345aa549528 .functor BUFT 1, C4<00000000>, C4<0>, C4<0>, C4<0>;
v0x3b8108f0_0 .net/2u *"_ivl_182", 7 0, L_0x7345aa549528;  1 drivers
v0x3b8109b0_0 .net *"_ivl_185", 0 0, L_0x3b916da0;  1 drivers
v0x3b8166b0_0 .net *"_ivl_187", 0 0, L_0x3b916e40;  1 drivers
v0x3b816790_0 .net *"_ivl_188", 0 0, L_0x3b916a60;  1 drivers
v0x3b843480_0 .net *"_ivl_190", 23 0, L_0x3b917250;  1 drivers
v0x3b843540_0 .net *"_ivl_195", 0 0, L_0x3b917720;  1 drivers
v0x3b842cb0_0 .net *"_ivl_197", 15 0, L_0x3b9177c0;  1 drivers
v0x3b842d90_0 .net *"_ivl_199", 15 0, L_0x3b917b10;  1 drivers
L_0x7345aa549018 .functor BUFT 1, C4<00000001>, C4<0>, C4<0>, C4<0>;
v0x3b814570_0 .net/2u *"_ivl_2", 7 0, L_0x7345aa549018;  1 drivers
v0x3b814630_0 .net *"_ivl_203", 0 0, L_0x3b917fb0;  1 drivers
v0x3b827f60_0 .net *"_ivl_205", 7 0, L_0x3b9180e0;  1 drivers
v0x3b828040_0 .net *"_ivl_207", 7 0, L_0x3b918400;  1 drivers
v0x3b811960_0 .net *"_ivl_21", 10 0, L_0x3b910340;  1 drivers
v0x3b811a20_0 .net *"_ivl_211", 1 0, L_0x3b9188c0;  1 drivers
L_0x7345aa549570 .functor BUFT 1, C4<00>, C4<0>, C4<0>, C4<0>;
v0x3b8a1cd0_0 .net/2u *"_ivl_212", 1 0, L_0x7345aa549570;  1 drivers
v0x3b8a1db0_0 .net *"_ivl_217", 1 0, L_0x3b918d40;  1 drivers
L_0x7345aa5495b8 .functor BUFT 1, C4<01>, C4<0>, C4<0>, C4<0>;
v0x3b893a30_0 .net/2u *"_ivl_218", 1 0, L_0x7345aa5495b8;  1 drivers
v0x3b893b10_0 .net *"_ivl_223", 0 0, L_0x3b9191d0;  1 drivers
v0x3b70a710_0 .net *"_ivl_225", 0 0, L_0x3b919270;  1 drivers
v0x3b893bb0_0 .net *"_ivl_227", 0 0, L_0x3b919620;  1 drivers
v0x3b8aea40_0 .net *"_ivl_229", 0 0, L_0x3b919710;  1 drivers
v0x3b8aeb00_0 .net *"_ivl_230", 0 0, L_0x3b919b10;  1 drivers
v0x3b8aebe0_0 .net *"_ivl_234", 23 0, L_0x3b919d60;  1 drivers
v0x3b8c95d0_0 .net *"_ivl_236", 31 0, L_0x3b91a1c0;  1 drivers
v0x3b8c9690_0 .net *"_ivl_238", 15 0, L_0x3b91a260;  1 drivers
v0x3b8c9770_0 .net *"_ivl_240", 31 0, L_0x3b91aa00;  1 drivers
v0x3b76c000_0 .net *"_ivl_242", 31 0, L_0x3b91aaf0;  1 drivers
v0x3b76c0c0_0 .net *"_ivl_249", 7 0, L_0x3b91b0b0;  1 drivers
v0x3b76c1a0_0 .net *"_ivl_25", 0 0, L_0x3b910530;  1 drivers
v0x3b76c280_0 .net *"_ivl_253", 0 0, L_0x3b91b4b0;  1 drivers
v0x3b76c360_0 .net *"_ivl_255", 7 0, L_0x3b91b550;  1 drivers
v0x3b741fe0_0 .net *"_ivl_257", 7 0, L_0x3b91b910;  1 drivers
v0x3b7420c0_0 .net *"_ivl_258", 7 0, L_0x3b91ba40;  1 drivers
v0x3b7421a0_0 .net *"_ivl_26", 20 0, L_0x3b9105d0;  1 drivers
v0x3b742280_0 .net *"_ivl_263", 0 0, L_0x3b91beb0;  1 drivers
v0x3b742360_0 .net *"_ivl_265", 7 0, L_0x3b91bf50;  1 drivers
v0x3b79d7f0_0 .net *"_ivl_267", 7 0, L_0x3b91c330;  1 drivers
v0x3b79d8d0_0 .net *"_ivl_268", 7 0, L_0x3b91c3d0;  1 drivers
v0x3b79d9b0_0 .net *"_ivl_274", 0 0, L_0x3b91ca80;  1 drivers
v0x3b79da90_0 .net *"_ivl_276", 7 0, L_0x3b91ce80;  1 drivers
v0x3b79db70_0 .net *"_ivl_278", 0 0, L_0x3b91cf20;  1 drivers
v0x3b673140_0 .net *"_ivl_280", 7 0, L_0x3b91d330;  1 drivers
v0x3b673220_0 .net *"_ivl_282", 7 0, L_0x3b91d4e0;  1 drivers
v0x3b673300_0 .net *"_ivl_283", 7 0, L_0x3b91d900;  1 drivers
v0x3b6733e0_0 .net *"_ivl_285", 7 0, L_0x3b91da90;  1 drivers
v0x3b6734c0_0 .net *"_ivl_288", 0 0, L_0x3b91dfb0;  1 drivers
v0x3b76d7f0_0 .net *"_ivl_29", 5 0, L_0x3b9108f0;  1 drivers
v0x3b76d8d0_0 .net *"_ivl_290", 0 0, L_0x3b91e0a0;  1 drivers
v0x3b76d9b0_0 .net *"_ivl_294", 0 0, L_0x3b91e640;  1 drivers
v0x3b76da90_0 .net *"_ivl_296", 0 0, L_0x3b91e6e0;  1 drivers
v0x3b76db70_0 .net *"_ivl_298", 0 0, L_0x3b91ef40;  1 drivers
v0x3b7b6d60_0 .net *"_ivl_299", 0 0, L_0x3b91efe0;  1 drivers
v0x3b7b6e40_0 .net *"_ivl_302", 31 0, L_0x3b91f0a0;  1 drivers
v0x3b7b6f20_0 .net *"_ivl_303", 31 0, L_0x3b91f500;  1 drivers
L_0x7345aa549600 .functor BUFT 1, C4<00000000000000000000000000000000>, C4<0>, C4<0>, C4<0>;
v0x3b7b7000_0 .net/2u *"_ivl_305", 31 0, L_0x7345aa549600;  1 drivers
v0x3b7b70e0_0 .net *"_ivl_307", 31 0, L_0x3b91f690;  1 drivers
v0x3b77aaf0_0 .net *"_ivl_31", 4 0, L_0x3b910990;  1 drivers
v0x3b77abd0_0 .net *"_ivl_310", 0 0, L_0x3b91fbf0;  1 drivers
L_0x7345aa549648 .functor BUFT 1, C4<0000000000000000000000000000000>, C4<0>, C4<0>, C4<0>;
v0x3b77acb0_0 .net/2u *"_ivl_311", 30 0, L_0x7345aa549648;  1 drivers
v0x3b77ad90_0 .net *"_ivl_313", 31 0, L_0x3b91fc90;  1 drivers
L_0x7345aa549690 .functor BUFT 1, C4<00000000000000000000000000000000>, C4<0>, C4<0>, C4<0>;
v0x3b77ae70_0 .net/2u *"_ivl_315", 31 0, L_0x7345aa549690;  1 drivers
v0x3b70c6c0_0 .net *"_ivl_317", 31 0, L_0x3b9201b0;  1 drivers
v0x3b70c7a0_0 .net *"_ivl_319", 31 0, L_0x3b920340;  1 drivers
v0x3b70c880_0 .net *"_ivl_322", 0 0, L_0x3b9204b0;  1 drivers
L_0x7345aa5496d8 .functor BUFT 1, C4<0000000000000000000000000000000>, C4<0>, C4<0>, C4<0>;
v0x3b70c960_0 .net/2u *"_ivl_323", 30 0, L_0x7345aa5496d8;  1 drivers
v0x3b70ca40_0 .net *"_ivl_325", 31 0, L_0x3b920940;  1 drivers
L_0x7345aa549720 .functor BUFT 1, C4<00000000000000000000000000000000>, C4<0>, C4<0>, C4<0>;
v0x3b72ad40_0 .net/2u *"_ivl_327", 31 0, L_0x7345aa549720;  1 drivers
v0x3b72ae20_0 .net *"_ivl_329", 31 0, L_0x3b920a30;  1 drivers
v0x3b72af00_0 .net *"_ivl_331", 31 0, L_0x3b920fc0;  1 drivers
v0x3b72afe0_0 .net *"_ivl_334", 0 0, L_0x3b9210d0;  1 drivers
v0x3b72b0c0_0 .net *"_ivl_335", 31 0, L_0x3b921170;  1 drivers
L_0x7345aa549768 .functor BUFT 1, C4<00000000000000000000000000000000>, C4<0>, C4<0>, C4<0>;
v0x3b70ff80_0 .net/2u *"_ivl_337", 31 0, L_0x7345aa549768;  1 drivers
v0x3b710060_0 .net *"_ivl_339", 31 0, L_0x3b921250;  1 drivers
v0x3b710140_0 .net *"_ivl_341", 31 0, L_0x3b9217f0;  1 drivers
v0x3b710220_0 .net *"_ivl_344", 0 0, L_0x3b921900;  1 drivers
v0x3b710300_0 .net *"_ivl_345", 31 0, L_0x3b921ab0;  1 drivers
L_0x7345aa5497b0 .functor BUFT 1, C4<00000000000000000000000000000000>, C4<0>, C4<0>, C4<0>;
v0x3b75b020_0 .net/2u *"_ivl_347", 31 0, L_0x7345aa5497b0;  1 drivers
v0x3b75b100_0 .net *"_ivl_349", 31 0, L_0x3b921ba0;  1 drivers
v0x3b75b1e0_0 .net *"_ivl_35", 0 0, L_0x3b910c20;  1 drivers
v0x3b75b2c0_0 .net *"_ivl_351", 31 0, L_0x3b9211e0;  1 drivers
v0x3b75b3a0_0 .net *"_ivl_354", 0 0, L_0x3b9221f0;  1 drivers
v0x3b7438d0_0 .net *"_ivl_355", 31 0, L_0x3b922290;  1 drivers
L_0x7345aa5497f8 .functor BUFT 1, C4<00000000000000000000000000000000>, C4<0>, C4<0>, C4<0>;
v0x3b743970_0 .net/2u *"_ivl_357", 31 0, L_0x7345aa5497f8;  1 drivers
v0x3b743a50_0 .net *"_ivl_359", 31 0, L_0x3b9224a0;  1 drivers
v0x3b743b30_0 .net *"_ivl_36", 19 0, L_0x3b910d50;  1 drivers
v0x3b743c10_0 .net *"_ivl_361", 31 0, L_0x3b921d30;  1 drivers
L_0x7345aa549840 .functor BUFT 1, C4<00000000000000000000000000000000>, C4<0>, C4<0>, C4<0>;
v0x3b743cf0_0 .net/2u *"_ivl_363", 31 0, L_0x7345aa549840;  1 drivers
v0x3b738530_0 .net *"_ivl_365", 31 0, L_0x3b921e40;  1 drivers
v0x3b738610_0 .net *"_ivl_370", 0 0, L_0x3b922a60;  1 drivers
v0x3b7386f0_0 .net *"_ivl_372", 23 0, L_0x3b922540;  1 drivers
v0x3b7387d0_0 .net *"_ivl_374", 0 0, L_0x3b922630;  1 drivers
v0x3b7388b0_0 .net *"_ivl_376", 23 0, L_0x3b9226d0;  1 drivers
v0x3b77d3b0_0 .net *"_ivl_378", 23 0, L_0x3b9227c0;  1 drivers
v0x3b77d490_0 .net *"_ivl_379", 23 0, L_0x3b9228b0;  1 drivers
v0x3b77d570_0 .net *"_ivl_381", 23 0, L_0x3b923050;  1 drivers
L_0x7345aa549888 .functor BUFT 1, C4<000000000000000000000100>, C4<0>, C4<0>, C4<0>;
v0x3b77d650_0 .net/2u *"_ivl_385", 23 0, L_0x7345aa549888;  1 drivers
v0x3b77d730_0 .net *"_ivl_389", 0 0, L_0x3b922c90;  1 drivers
v0x3b725f00_0 .net *"_ivl_39", 0 0, L_0x3b911210;  1 drivers
v0x3b725fe0_0 .net *"_ivl_391", 0 0, L_0x3b922ee0;  1 drivers
v0x3b7260c0_0 .net *"_ivl_394", 0 0, L_0x3b9229c0;  1 drivers
v0x3b7261a0_0 .net *"_ivl_396", 0 0, L_0x3b923670;  1 drivers
v0x3b726280_0 .net *"_ivl_397", 0 0, L_0x3b9230f0;  1 drivers
L_0x7345aa5498d0 .functor BUFT 1, C4<00000000000000000000000000000000>, C4<0>, C4<0>, C4<0>;
v0x3b746190_0 .net/2u *"_ivl_401", 31 0, L_0x7345aa5498d0;  1 drivers
v0x3b746270_0 .net *"_ivl_403", 31 0, L_0x3b923330;  1 drivers
L_0x7345aa549918 .functor BUFT 1, C4<00000000000000000000000000000000>, C4<0>, C4<0>, C4<0>;
v0x3b746350_0 .net/2u *"_ivl_405", 31 0, L_0x7345aa549918;  1 drivers
v0x3b746430_0 .net *"_ivl_407", 31 0, L_0x3b923470;  1 drivers
v0x3b746510_0 .net *"_ivl_409", 31 0, L_0x3b923c00;  1 drivers
v0x3b7576c0_0 .net *"_ivl_41", 5 0, L_0x3b911350;  1 drivers
L_0x7345aa549960 .functor BUFT 1, C4<00000000000000000000000000000000>, C4<0>, C4<0>, C4<0>;
v0x3b7577a0_0 .net/2u *"_ivl_411", 31 0, L_0x7345aa549960;  1 drivers
v0x3b757880_0 .net *"_ivl_413", 31 0, L_0x3b923d10;  1 drivers
v0x3b757960_0 .net *"_ivl_415", 31 0, L_0x3b923ea0;  1 drivers
L_0x7345aa5499a8 .functor BUFT 1, C4<00000000>, C4<0>, C4<0>, C4<0>;
v0x3b757a40_0 .net/2u *"_ivl_417", 7 0, L_0x7345aa5499a8;  1 drivers
v0x3b794770_0 .net *"_ivl_419", 31 0, L_0x3b924080;  1 drivers
L_0x7345aa5499f0 .functor BUFT 1, C4<00000000000000000000000000000000>, C4<0>, C4<0>, C4<0>;
v0x3b794850_0 .net/2u *"_ivl_421", 31 0, L_0x7345aa5499f0;  1 drivers
v0x3b794930_0 .net *"_ivl_423", 31 0, L_0x3b923710;  1 drivers
v0x3b794a10_0 .net *"_ivl_425", 31 0, L_0x3b6735a0;  1 drivers
v0x3b794af0_0 .net *"_ivl_427", 0 0, L_0x3b923940;  1 drivers
L_0x7345aa549a38 .functor BUFT 1, C4<00000000>, C4<0>, C4<0>, C4<0>;
v0x3b73ae40_0 .net/2u *"_ivl_429", 7 0, L_0x7345aa549a38;  1 drivers
v0x3b73af20_0 .net *"_ivl_43", 3 0, L_0x3b9113f0;  1 drivers
v0x3b73b000_0 .net *"_ivl_431", 31 0, L_0x3b924670;  1 drivers
L_0x7345aa549a80 .functor BUFT 1, C4<00000000000000000000000000000000>, C4<0>, C4<0>, C4<0>;
v0x3b73b0e0_0 .net/2u *"_ivl_433", 31 0, L_0x7345aa549a80;  1 drivers
v0x3b73b1c0_0 .net *"_ivl_435", 31 0, L_0x3b9241c0;  1 drivers
v0x3b70dd90_0 .net *"_ivl_437", 31 0, L_0x3b924350;  1 drivers
L_0x7345aa549ac8 .functor BUFT 1, C4<00000000000000000000000000000000>, C4<0>, C4<0>, C4<0>;
v0x3b70de70_0 .net/2u *"_ivl_439", 31 0, L_0x7345aa549ac8;  1 drivers
L_0x7345aa5490a8 .functor BUFT 1, C4<0>, C4<0>, C4<0>, C4<0>;
v0x3b70df50_0 .net/2u *"_ivl_44", 0 0, L_0x7345aa5490a8;  1 drivers
v0x3b70e030_0 .net *"_ivl_441", 31 0, L_0x3b924460;  1 drivers
v0x3b70e110_0 .net *"_ivl_446", 0 0, L_0x3b924dc0;  1 drivers
v0x3b705780_0 .net *"_ivl_447", 0 0, L_0x3b924e60;  1 drivers
v0x3b705860_0 .net *"_ivl_450", 0 0, L_0x3b924f70;  1 drivers
v0x3b705940_0 .net *"_ivl_452", 0 0, L_0x3b924760;  1 drivers
v0x3b705a00_0 .net *"_ivl_453", 0 0, L_0x3b924800;  1 drivers
v0x3b705ae0_0 .net *"_ivl_455", 0 0, L_0x3b9249c0;  1 drivers
v0x3b778fc0_0 .net *"_ivl_458", 0 0, L_0x3b924ad0;  1 drivers
v0x3b7790a0_0 .net *"_ivl_459", 0 0, L_0x3b924b70;  1 drivers
v0x3b779180_0 .net *"_ivl_461", 0 0, L_0x3b925610;  1 drivers
v0x3b779260_0 .net *"_ivl_464", 0 0, L_0x3b925720;  1 drivers
v0x3b779340_0 .net *"_ivl_466", 0 0, L_0x3b9257c0;  1 drivers
v0x3b7a8ae0_0 .net *"_ivl_467", 0 0, L_0x3b925010;  1 drivers
v0x3b7a8bc0_0 .net *"_ivl_469", 0 0, L_0x3b9251f0;  1 drivers
v0x3b7a8ca0_0 .net *"_ivl_472", 0 0, L_0x3b925300;  1 drivers
v0x3b7a8d80_0 .net *"_ivl_473", 0 0, L_0x3b9253a0;  1 drivers
v0x3b7a8e60_0 .net *"_ivl_475", 0 0, L_0x3b925460;  1 drivers
v0x3b78c7e0_0 .net *"_ivl_478", 0 0, L_0x3b925f30;  1 drivers
v0x3b78c8c0_0 .net *"_ivl_480", 0 0, L_0x3b925860;  1 drivers
v0x3b78c980_0 .net *"_ivl_481", 0 0, L_0x3b925900;  1 drivers
v0x3b78ca60_0 .net *"_ivl_486", 0 0, L_0x3b925c10;  1 drivers
v0x3b78cb40_0 .net *"_ivl_488", 0 0, L_0x3b925cb0;  1 drivers
L_0x7345aa549b10 .functor BUFT 1, C4<1000>, C4<0>, C4<0>, C4<0>;
v0x3b71cf20_0 .net/2u *"_ivl_489", 3 0, L_0x7345aa549b10;  1 drivers
v0x3b71d000_0 .net *"_ivl_49", 0 0, L_0x3b911740;  1 drivers
L_0x7345aa549b58 .functor BUFT 1, C4<0100>, C4<0>, C4<0>, C4<0>;
v0x3b71d0e0_0 .net/2u *"_ivl_491", 3 0, L_0x7345aa549b58;  1 drivers
v0x3b71d1c0_0 .net *"_ivl_493", 3 0, L_0x3b9264f0;  1 drivers
v0x3b71d2a0_0 .net *"_ivl_496", 0 0, L_0x3b926070;  1 drivers
L_0x7345aa549ba0 .functor BUFT 1, C4<0010>, C4<0>, C4<0>, C4<0>;
v0x3b6fcd00_0 .net/2u *"_ivl_497", 3 0, L_0x7345aa549ba0;  1 drivers
L_0x7345aa549be8 .functor BUFT 1, C4<0001>, C4<0>, C4<0>, C4<0>;
v0x3b6fcde0_0 .net/2u *"_ivl_499", 3 0, L_0x7345aa549be8;  1 drivers
v0x3b6fcec0_0 .net *"_ivl_5", 2 0, L_0x3b8ffa00;  1 drivers
v0x3b6fcfa0_0 .net *"_ivl_50", 11 0, L_0x3b9118a0;  1 drivers
v0x3b6fd080_0 .net *"_ivl_501", 3 0, L_0x3b926110;  1 drivers
v0x3b749570_0 .net *"_ivl_503", 3 0, L_0x3b9262a0;  1 drivers
v0x3b749650_0 .net *"_ivl_506", 0 0, L_0x3b926430;  1 drivers
L_0x7345aa549c30 .functor BUFT 1, C4<1100>, C4<0>, C4<0>, C4<0>;
v0x3b749730_0 .net/2u *"_ivl_507", 3 0, L_0x7345aa549c30;  1 drivers
L_0x7345aa549c78 .functor BUFT 1, C4<0011>, C4<0>, C4<0>, C4<0>;
v0x3b749810_0 .net/2u *"_ivl_509", 3 0, L_0x7345aa549c78;  1 drivers
v0x3b7498f0_0 .net *"_ivl_511", 3 0, L_0x3b926ae0;  1 drivers
L_0x7345aa549cc0 .functor BUFT 1, C4<1111>, C4<0>, C4<0>, C4<0>;
v0x3b6e1bc0_0 .net/2u *"_ivl_513", 3 0, L_0x7345aa549cc0;  1 drivers
v0x3b6e1ca0_0 .net *"_ivl_515", 3 0, L_0x3b926c70;  1 drivers
v0x3b6e1d80_0 .net *"_ivl_520", 0 0, L_0x3b926720;  1 drivers
v0x3b6e1e60_0 .net *"_ivl_521", 0 0, L_0x3b9267c0;  1 drivers
v0x3b6e1f40_0 .net *"_ivl_524", 0 0, L_0x3b9269d0;  1 drivers
v0x3b79a390_0 .net *"_ivl_528", 0 0, L_0x3b927370;  1 drivers
v0x3b79a470_0 .net *"_ivl_529", 0 0, L_0x3b926d10;  1 drivers
v0x3b79a550_0 .net *"_ivl_53", 7 0, L_0x3b911990;  1 drivers
v0x3b79a630_0 .net *"_ivl_531", 3 0, L_0x3b926f30;  1 drivers
v0x3b79a710_0 .net *"_ivl_536", 0 0, L_0x3b9271c0;  1 drivers
v0x3b71acc0_0 .net *"_ivl_539", 0 0, L_0x3b927bd0;  1 drivers
v0x3b71ada0_0 .net *"_ivl_543", 0 0, L_0x3b927e80;  1 drivers
v0x3b71ae80_0 .net *"_ivl_545", 0 0, L_0x3b928010;  1 drivers
v0x3b71af60_0 .net *"_ivl_55", 0 0, L_0x3b911b00;  1 drivers
v0x3b71b040_0 .net *"_ivl_57", 9 0, L_0x3b911db0;  1 drivers
L_0x7345aa5490f0 .functor BUFT 1, C4<0>, C4<0>, C4<0>, C4<0>;
v0x3b7b0a40_0 .net/2u *"_ivl_58", 0 0, L_0x7345aa5490f0;  1 drivers
v0x3b7b0b20_0 .net *"_ivl_63", 4 0, L_0x3b912140;  1 drivers
L_0x7345aa549138 .functor BUFT 1, C4<00000>, C4<0>, C4<0>, C4<0>;
v0x3b7b0c00_0 .net/2u *"_ivl_64", 4 0, L_0x7345aa549138;  1 drivers
v0x3b7b0ce0_0 .net *"_ivl_69", 4 0, L_0x3b912460;  1 drivers
L_0x7345aa549180 .functor BUFT 1, C4<00100>, C4<0>, C4<0>, C4<0>;
v0x3b7b0dc0_0 .net/2u *"_ivl_70", 4 0, L_0x7345aa549180;  1 drivers
v0x3b7514d0_0 .net *"_ivl_75", 4 0, L_0x3b912740;  1 drivers
L_0x7345aa5491c8 .functor BUFT 1, C4<00101>, C4<0>, C4<0>, C4<0>;
v0x3b7515b0_0 .net/2u *"_ivl_76", 4 0, L_0x7345aa5491c8;  1 drivers
v0x3b751690_0 .net *"_ivl_81", 4 0, L_0x3b912a30;  1 drivers
L_0x7345aa549210 .functor BUFT 1, C4<01000>, C4<0>, C4<0>, C4<0>;
v0x3b751770_0 .net/2u *"_ivl_82", 4 0, L_0x7345aa549210;  1 drivers
v0x3b751850_0 .net *"_ivl_87", 4 0, L_0x3b912d30;  1 drivers
L_0x7345aa549258 .functor BUFT 1, C4<01100>, C4<0>, C4<0>, C4<0>;
v0x3b7401a0_0 .net/2u *"_ivl_88", 4 0, L_0x7345aa549258;  1 drivers
v0x3b740280_0 .net *"_ivl_9", 0 0, L_0x3b8ffc60;  1 drivers
v0x3b740360_0 .net *"_ivl_93", 4 0, L_0x3b912ff0;  1 drivers
L_0x7345aa5492a0 .functor BUFT 1, C4<01101>, C4<0>, C4<0>, C4<0>;
v0x3b740440_0 .net/2u *"_ivl_94", 4 0, L_0x7345aa5492a0;  1 drivers
v0x3b740520_0 .net *"_ivl_99", 4 0, L_0x3b913340;  1 drivers
v0x3b6ead30_0 .net "aluBusy", 0 0, L_0x3b9145d0;  1 drivers
v0x3b6eadf0_0 .net "aluIn1", 31 0, L_0x3b9141d0;  1 drivers
v0x3b6eaed0_0 .net "aluIn2", 31 0, L_0x3b914300;  1 drivers
v0x3b6eafb0_0 .net "aluMinus", 32 0, L_0x3b914fb0;  1 drivers
v0x3b6eb090_0 .net "aluOut", 31 0, L_0x3b921f80;  1 drivers
v0x3b6b5590_0 .net "aluPlus", 31 0, L_0x3b914670;  1 drivers
v0x3b6b5670_0 .var "aluReg", 31 0;
v0x3b6b5750_0 .var "aluShamt", 4 0;
v0x3b6b5830_0 .net "aluWr", 0 0, L_0x3b9279a0;  1 drivers
v0x3b6b58f0_0 .net "clk", 0 0, v0x3b8ff390_0;  alias, 1 drivers
v0x3b6b59b0_0 .var "cycles", 31 0;
v0x3b8d6520_0 .net "funct3Is", 7 0, L_0x3b8ffb20;  1 drivers
v0x3b8d65c0_0 .net "funct3IsShift", 0 0, L_0x3b91e4e0;  1 drivers
v0x3b8d6660_0 .var "instr", 31 2;
v0x3b8d6700_0 .net "isALU", 0 0, L_0x3b9140c0;  1 drivers
v0x3b8d67a0_0 .net "isALUimm", 0 0, L_0x3b912600;  1 drivers
v0x3b8d6840_0 .net "isALUreg", 0 0, L_0x3b912f00;  1 drivers
v0x3b8d68e0_0 .net "isAUIPC", 0 0, L_0x3b9128f0;  1 drivers
v0x3b8d5d10_0 .net "isBranch", 0 0, L_0x3b913530;  1 drivers
v0x3b8d5dd0_0 .net "isJAL", 0 0, L_0x3b913c20;  1 drivers
v0x3b8d5e90_0 .net "isJALR", 0 0, L_0x3b9138a0;  1 drivers
v0x3b8d5f50_0 .net "isLUI", 0 0, L_0x3b9131d0;  1 drivers
v0x3b8d6010_0 .net "isLoad", 0 0, L_0x3b912320;  1 drivers
v0x3b8d60d0_0 .net "isSYSTEM", 0 0, L_0x3b913f80;  1 drivers
v0x3b8d6190_0 .net "isStore", 0 0, L_0x3b912bf0;  1 drivers
v0x3b8d6250_0 .net "jumpToPCplusImm", 0 0, L_0x3b927c40;  1 drivers
v0x3b8d6310_0 .net "loadstore_addr", 23 0, L_0x3b9169c0;  1 drivers
v0x3b8d6410_0 .net "mem_addr", 31 0, L_0x3b917390;  alias, 1 drivers
v0x3b8d7990_0 .net "mem_byteAccess", 0 0, L_0x3b918960;  1 drivers
v0x3b8d7a30_0 .net "mem_halfwordAccess", 0 0, L_0x3b918de0;  1 drivers
L_0x7345aa549d08 .functor BUFT 1, C4<0>, C4<0>, C4<0>, C4<0>;
v0x3b8d7ad0_0 .net "mem_rbusy", 0 0, L_0x7345aa549d08;  1 drivers
v0x3b8d7b70_0 .net "mem_rdata", 31 0, v0x3b8feb90_0;  1 drivers
v0x3b8d7c10_0 .net "mem_rstrb", 0 0, L_0x3b926a70;  alias, 1 drivers
L_0x7345aa549d50 .functor BUFT 1, C4<0>, C4<0>, C4<0>, C4<0>;
v0x3b8d7cb0_0 .net "mem_wbusy", 0 0, L_0x7345aa549d50;  1 drivers
v0x3b8d7d50_0 .net "mem_wdata", 31 0, L_0x3b91c8b0;  alias, 1 drivers
v0x3b8d7df0_0 .net "mem_wmask", 3 0, L_0x3b9270b0;  alias, 1 drivers
v0x3b8d7e90_0 .net "needToWait", 0 0, L_0x3b9282a0;  1 drivers
v0x3b8d7f30_0 .net "predicate", 0 0, L_0x3b925b00;  1 drivers
v0x3b8d7fd0_0 .net "rdId", 4 0, L_0x3b8ff960;  1 drivers
v0x3b8d8070 .array "registerFile", 0 31, 31 0;
v0x3b8d8110_0 .net "reset", 0 0, v0x3b8ff560_0;  alias, 1 drivers
v0x3b8d81b0_0 .var "rs1", 31 0;
v0x3b8d8250_0 .var "rs2", 31 0;
v0x3b8d82f0_0 .var "state", 3 0;
v0x3b8d8390_0 .net "writeBack", 0 0, L_0x3b923160;  1 drivers
v0x3b8d8430_0 .net "writeBackData", 31 0, L_0x3b9245f0;  1 drivers
E_0x3b8d52f0 .event posedge, v0x3b6b58f0_0;
L_0x3b8ff960 .part v0x3b8d6660_0, 5, 5;
L_0x3b8ffa00 .part v0x3b8d6660_0, 10, 3;
L_0x3b8ffb20 .shift/l 8, L_0x7345aa549018, L_0x3b8ffa00;
L_0x3b8ffc60 .part v0x3b8d6660_0, 29, 1;
L_0x3b8ffd30 .part v0x3b8d6660_0, 10, 19;
L_0x3b90fe10 .concat [ 12 19 1 0], L_0x7345aa549060, L_0x3b8ffd30, L_0x3b8ffc60;
L_0x3b90ffc0 .part v0x3b8d6660_0, 29, 1;
LS_0x3b910060_0_0 .concat [ 1 1 1 1], L_0x3b90ffc0, L_0x3b90ffc0, L_0x3b90ffc0, L_0x3b90ffc0;
LS_0x3b910060_0_4 .concat [ 1 1 1 1], L_0x3b90ffc0, L_0x3b90ffc0, L_0x3b90ffc0, L_0x3b90ffc0;
LS_0x3b910060_0_8 .concat [ 1 1 1 1], L_0x3b90ffc0, L_0x3b90ffc0, L_0x3b90ffc0, L_0x3b90ffc0;
LS_0x3b910060_0_12 .concat [ 1 1 1 1], L_0x3b90ffc0, L_0x3b90ffc0, L_0x3b90ffc0, L_0x3b90ffc0;
LS_0x3b910060_0_16 .concat [ 1 1 1 1], L_0x3b90ffc0, L_0x3b90ffc0, L_0x3b90ffc0, L_0x3b90ffc0;
LS_0x3b910060_0_20 .concat [ 1 0 0 0], L_0x3b90ffc0;
LS_0x3b910060_1_0 .concat [ 4 4 4 4], LS_0x3b910060_0_0, LS_0x3b910060_0_4, LS_0x3b910060_0_8, LS_0x3b910060_0_12;
LS_0x3b910060_1_4 .concat [ 4 1 0 0], LS_0x3b910060_0_16, LS_0x3b910060_0_20;
L_0x3b910060 .concat [ 16 5 0 0], LS_0x3b910060_1_0, LS_0x3b910060_1_4;
L_0x3b910340 .part v0x3b8d6660_0, 18, 11;
L_0x3b9103e0 .concat [ 11 21 0 0], L_0x3b910340, L_0x3b910060;
L_0x3b910530 .part v0x3b8d6660_0, 29, 1;
LS_0x3b9105d0_0_0 .concat [ 1 1 1 1], L_0x3b910530, L_0x3b910530, L_0x3b910530, L_0x3b910530;
LS_0x3b9105d0_0_4 .concat [ 1 1 1 1], L_0x3b910530, L_0x3b910530, L_0x3b910530, L_0x3b910530;
LS_0x3b9105d0_0_8 .concat [ 1 1 1 1], L_0x3b910530, L_0x3b910530, L_0x3b910530, L_0x3b910530;
LS_0x3b9105d0_0_12 .concat [ 1 1 1 1], L_0x3b910530, L_0x3b910530, L_0x3b910530, L_0x3b910530;
LS_0x3b9105d0_0_16 .concat [ 1 1 1 1], L_0x3b910530, L_0x3b910530, L_0x3b910530, L_0x3b910530;
LS_0x3b9105d0_0_20 .concat [ 1 0 0 0], L_0x3b910530;
LS_0x3b9105d0_1_0 .concat [ 4 4 4 4], LS_0x3b9105d0_0_0, LS_0x3b9105d0_0_4, LS_0x3b9105d0_0_8, LS_0x3b9105d0_0_12;
LS_0x3b9105d0_1_4 .concat [ 4 1 0 0], LS_0x3b9105d0_0_16, LS_0x3b9105d0_0_20;
L_0x3b9105d0 .concat [ 16 5 0 0], LS_0x3b9105d0_1_0, LS_0x3b9105d0_1_4;
L_0x3b9108f0 .part v0x3b8d6660_0, 23, 6;
L_0x3b910990 .part v0x3b8d6660_0, 5, 5;
L_0x3b910ab0 .concat [ 5 6 21 0], L_0x3b910990, L_0x3b9108f0, L_0x3b9105d0;
L_0x3b910c20 .part v0x3b8d6660_0, 29, 1;
LS_0x3b910d50_0_0 .concat [ 1 1 1 1], L_0x3b910c20, L_0x3b910c20, L_0x3b910c20, L_0x3b910c20;
LS_0x3b910d50_0_4 .concat [ 1 1 1 1], L_0x3b910c20, L_0x3b910c20, L_0x3b910c20, L_0x3b910c20;
LS_0x3b910d50_0_8 .concat [ 1 1 1 1], L_0x3b910c20, L_0x3b910c20, L_0x3b910c20, L_0x3b910c20;
LS_0x3b910d50_0_12 .concat [ 1 1 1 1], L_0x3b910c20, L_0x3b910c20, L_0x3b910c20, L_0x3b910c20;
LS_0x3b910d50_0_16 .concat [ 1 1 1 1], L_0x3b910c20, L_0x3b910c20, L_0x3b910c20, L_0x3b910c20;
LS_0x3b910d50_1_0 .concat [ 4 4 4 4], LS_0x3b910d50_0_0, LS_0x3b910d50_0_4, LS_0x3b910d50_0_8, LS_0x3b910d50_0_12;
LS_0x3b910d50_1_4 .concat [ 4 0 0 0], LS_0x3b910d50_0_16;
L_0x3b910d50 .concat [ 16 4 0 0], LS_0x3b910d50_1_0, LS_0x3b910d50_1_4;
L_0x3b911210 .part v0x3b8d6660_0, 5, 1;
L_0x3b911350 .part v0x3b8d6660_0, 23, 6;
L_0x3b9113f0 .part v0x3b8d6660_0, 6, 4;
LS_0x3b9112b0_0_0 .concat [ 1 4 6 1], L_0x7345aa5490a8, L_0x3b9113f0, L_0x3b911350, L_0x3b911210;
LS_0x3b9112b0_0_4 .concat [ 20 0 0 0], L_0x3b910d50;
L_0x3b9112b0 .concat [ 12 20 0 0], LS_0x3b9112b0_0_0, LS_0x3b9112b0_0_4;
L_0x3b911740 .part v0x3b8d6660_0, 29, 1;
LS_0x3b9118a0_0_0 .concat [ 1 1 1 1], L_0x3b911740, L_0x3b911740, L_0x3b911740, L_0x3b911740;
LS_0x3b9118a0_0_4 .concat [ 1 1 1 1], L_0x3b911740, L_0x3b911740, L_0x3b911740, L_0x3b911740;
LS_0x3b9118a0_0_8 .concat [ 1 1 1 1], L_0x3b911740, L_0x3b911740, L_0x3b911740, L_0x3b911740;
L_0x3b9118a0 .concat [ 4 4 4 0], LS_0x3b9118a0_0_0, LS_0x3b9118a0_0_4, LS_0x3b9118a0_0_8;
L_0x3b911990 .part v0x3b8d6660_0, 10, 8;
L_0x3b911b00 .part v0x3b8d6660_0, 18, 1;
L_0x3b911db0 .part v0x3b8d6660_0, 19, 10;
LS_0x3b911f30_0_0 .concat [ 1 10 1 8], L_0x7345aa5490f0, L_0x3b911db0, L_0x3b911b00, L_0x3b911990;
LS_0x3b911f30_0_4 .concat [ 12 0 0 0], L_0x3b9118a0;
L_0x3b911f30 .concat [ 20 12 0 0], LS_0x3b911f30_0_0, LS_0x3b911f30_0_4;
L_0x3b912140 .part v0x3b8d6660_0, 0, 5;
L_0x3b912320 .cmp/eq 5, L_0x3b912140, L_0x7345aa549138;
L_0x3b912460 .part v0x3b8d6660_0, 0, 5;
L_0x3b912600 .cmp/eq 5, L_0x3b912460, L_0x7345aa549180;
L_0x3b912740 .part v0x3b8d6660_0, 0, 5;
L_0x3b9128f0 .cmp/eq 5, L_0x3b912740, L_0x7345aa5491c8;
L_0x3b912a30 .part v0x3b8d6660_0, 0, 5;
L_0x3b912bf0 .cmp/eq 5, L_0x3b912a30, L_0x7345aa549210;
L_0x3b912d30 .part v0x3b8d6660_0, 0, 5;
L_0x3b912f00 .cmp/eq 5, L_0x3b912d30, L_0x7345aa549258;
L_0x3b912ff0 .part v0x3b8d6660_0, 0, 5;
L_0x3b9131d0 .cmp/eq 5, L_0x3b912ff0, L_0x7345aa5492a0;
L_0x3b913340 .part v0x3b8d6660_0, 0, 5;
L_0x3b913530 .cmp/eq 5, L_0x3b913340, L_0x7345aa5492e8;
L_0x3b9136a0 .part v0x3b8d6660_0, 0, 5;
L_0x3b9138a0 .cmp/eq 5, L_0x3b9136a0, L_0x7345aa549330;
L_0x3b913a10 .part v0x3b8d6660_0, 0, 5;
L_0x3b913c20 .cmp/eq 5, L_0x3b913a10, L_0x7345aa549378;
L_0x3b913d60 .part v0x3b8d6660_0, 0, 5;
L_0x3b913f80 .cmp/eq 5, L_0x3b913d60, L_0x7345aa5493c0;
L_0x3b914300 .functor MUXZ 32, L_0x3b9103e0, v0x3b8d8250_0, L_0x3b914240, C4<>;
L_0x3b9145d0 .reduce/or v0x3b6b5750_0;
L_0x3b914670 .arith/sum 32, L_0x3b9141d0, L_0x3b914300;
L_0x3b9149f0 .concat [ 32 1 0 0], L_0x3b914710, L_0x7345aa549408;
L_0x3b914b30 .concat [ 32 1 0 0], L_0x3b9141d0, L_0x7345aa549450;
L_0x3b914dd0 .arith/sum 33, L_0x3b9149f0, L_0x3b914b30;
L_0x3b914fb0 .arith/sum 33, L_0x3b914dd0, L_0x7345aa549498;
L_0x3b9152b0 .part L_0x3b9141d0, 31, 1;
L_0x3b915350 .part L_0x3b914300, 31, 1;
L_0x3b9155c0 .part L_0x3b9141d0, 31, 1;
L_0x3b915660 .part L_0x3b914fb0, 32, 1;
L_0x3b915930 .functor MUXZ 1, L_0x3b915660, L_0x3b9155c0, L_0x3b914e70, C4<>;
L_0x3b915ac0 .part L_0x3b914fb0, 32, 1;
L_0x3b915d50 .part L_0x3b914fb0, 0, 32;
L_0x3b915df0 .cmp/eq 32, L_0x3b915d50, L_0x7345aa5494e0;
L_0x3b9160e0 .part v0x3b8d81b0_0, 0, 24;
L_0x3b9161d0 .part v0x3b8d6660_0, 3, 1;
L_0x3b916480 .part L_0x3b910ab0, 0, 24;
L_0x3b916570 .part L_0x3b9103e0, 0, 24;
L_0x3b916830 .functor MUXZ 24, L_0x3b916570, L_0x3b916480, L_0x3b9161d0, C4<>;
L_0x3b9169c0 .arith/sum 24, L_0x3b9160e0, L_0x3b916830;
L_0x3b916da0 .part v0x3b8d82f0_0, 1, 1;
L_0x3b916e40 .part v0x3b8d82f0_0, 0, 1;
L_0x3b917250 .functor MUXZ 24, L_0x3b9169c0, v0x3b820d00_0, L_0x3b916a60, C4<>;
L_0x3b917390 .concat [ 24 8 0 0], L_0x3b917250, L_0x7345aa549528;
L_0x3b917720 .part L_0x3b9169c0, 1, 1;
L_0x3b9177c0 .part v0x3b8feb90_0, 16, 16;
L_0x3b917b10 .part v0x3b8feb90_0, 0, 16;
L_0x3b917bb0 .functor MUXZ 16, L_0x3b917b10, L_0x3b9177c0, L_0x3b917720, C4<>;
L_0x3b917fb0 .part L_0x3b9169c0, 0, 1;
L_0x3b9180e0 .part L_0x3b917bb0, 8, 8;
L_0x3b918400 .part L_0x3b917bb0, 0, 8;
L_0x3b9184a0 .functor MUXZ 8, L_0x3b918400, L_0x3b9180e0, L_0x3b917fb0, C4<>;
L_0x3b9188c0 .part v0x3b8d6660_0, 10, 2;
L_0x3b918960 .cmp/eq 2, L_0x3b9188c0, L_0x7345aa549570;
L_0x3b918d40 .part v0x3b8d6660_0, 10, 2;
L_0x3b918de0 .cmp/eq 2, L_0x3b918d40, L_0x7345aa5495b8;
L_0x3b9191d0 .part v0x3b8d6660_0, 12, 1;
L_0x3b919270 .reduce/nor L_0x3b9191d0;
L_0x3b919620 .part L_0x3b9184a0, 7, 1;
L_0x3b919710 .part L_0x3b917bb0, 15, 1;
L_0x3b919b10 .functor MUXZ 1, L_0x3b919710, L_0x3b919620, L_0x3b918960, C4<>;
LS_0x3b919d60_0_0 .concat [ 1 1 1 1], L_0x3b919c50, L_0x3b919c50, L_0x3b919c50, L_0x3b919c50;
LS_0x3b919d60_0_4 .concat [ 1 1 1 1], L_0x3b919c50, L_0x3b919c50, L_0x3b919c50, L_0x3b919c50;
LS_0x3b919d60_0_8 .concat [ 1 1 1 1], L_0x3b919c50, L_0x3b919c50, L_0x3b919c50, L_0x3b919c50;
LS_0x3b919d60_0_12 .concat [ 1 1 1 1], L_0x3b919c50, L_0x3b919c50, L_0x3b919c50, L_0x3b919c50;
LS_0x3b919d60_0_16 .concat [ 1 1 1 1], L_0x3b919c50, L_0x3b919c50, L_0x3b919c50, L_0x3b919c50;
LS_0x3b919d60_0_20 .concat [ 1 1 1 1], L_0x3b919c50, L_0x3b919c50, L_0x3b919c50, L_0x3b919c50;
LS_0x3b919d60_1_0 .concat [ 4 4 4 4], LS_0x3b919d60_0_0, LS_0x3b919d60_0_4, LS_0x3b919d60_0_8, LS_0x3b919d60_0_12;
LS_0x3b919d60_1_4 .concat [ 4 4 0 0], LS_0x3b919d60_0_16, LS_0x3b919d60_0_20;
L_0x3b919d60 .concat [ 16 8 0 0], LS_0x3b919d60_1_0, LS_0x3b919d60_1_4;
L_0x3b91a1c0 .concat [ 8 24 0 0], L_0x3b9184a0, L_0x3b919d60;
LS_0x3b91a260_0_0 .concat [ 1 1 1 1], L_0x3b919c50, L_0x3b919c50, L_0x3b919c50, L_0x3b919c50;
LS_0x3b91a260_0_4 .concat [ 1 1 1 1], L_0x3b919c50, L_0x3b919c50, L_0x3b919c50, L_0x3b919c50;
LS_0x3b91a260_0_8 .concat [ 1 1 1 1], L_0x3b919c50, L_0x3b919c50, L_0x3b919c50, L_0x3b919c50;
LS_0x3b91a260_0_12 .concat [ 1 1 1 1], L_0x3b919c50, L_0x3b919c50, L_0x3b919c50, L_0x3b919c50;
L_0x3b91a260 .concat [ 4 4 4 4], LS_0x3b91a260_0_0, LS_0x3b91a260_0_4, LS_0x3b91a260_0_8, LS_0x3b91a260_0_12;
L_0x3b91aa00 .concat [ 16 16 0 0], L_0x3b917bb0, L_0x3b91a260;
L_0x3b91aaf0 .functor MUXZ 32, v0x3b8feb90_0, L_0x3b91aa00, L_0x3b918de0, C4<>;
L_0x3b91af70 .functor MUXZ 32, L_0x3b91aaf0, L_0x3b91a1c0, L_0x3b918960, C4<>;
L_0x3b91b0b0 .part v0x3b8d8250_0, 0, 8;
L_0x3b91b4b0 .part L_0x3b9169c0, 0, 1;
L_0x3b91b550 .part v0x3b8d8250_0, 0, 8;
L_0x3b91b910 .part v0x3b8d8250_0, 8, 8;
L_0x3b91ba40 .functor MUXZ 8, L_0x3b91b910, L_0x3b91b550, L_0x3b91b4b0, C4<>;
L_0x3b91beb0 .part L_0x3b9169c0, 1, 1;
L_0x3b91bf50 .part v0x3b8d8250_0, 0, 8;
L_0x3b91c330 .part v0x3b8d8250_0, 16, 8;
L_0x3b91c3d0 .functor MUXZ 8, L_0x3b91c330, L_0x3b91bf50, L_0x3b91beb0, C4<>;
L_0x3b91c8b0 .concat8 [ 8 8 8 8], L_0x3b91b0b0, L_0x3b91ba40, L_0x3b91c3d0, L_0x3b91da90;
L_0x3b91ca80 .part L_0x3b9169c0, 0, 1;
L_0x3b91ce80 .part v0x3b8d8250_0, 0, 8;
L_0x3b91cf20 .part L_0x3b9169c0, 1, 1;
L_0x3b91d330 .part v0x3b8d8250_0, 8, 8;
L_0x3b91d4e0 .part v0x3b8d8250_0, 24, 8;
L_0x3b91d900 .functor MUXZ 8, L_0x3b91d4e0, L_0x3b91d330, L_0x3b91cf20, C4<>;
L_0x3b91da90 .functor MUXZ 8, L_0x3b91d900, L_0x3b91ce80, L_0x3b91ca80, C4<>;
L_0x3b91dfb0 .part L_0x3b8ffb20, 1, 1;
L_0x3b91e0a0 .part L_0x3b8ffb20, 5, 1;
L_0x3b91e640 .part L_0x3b8ffb20, 0, 1;
L_0x3b91e6e0 .part v0x3b8d6660_0, 28, 1;
L_0x3b91ef40 .part v0x3b8d6660_0, 3, 1;
L_0x3b91f0a0 .part L_0x3b914fb0, 0, 32;
L_0x3b91f500 .functor MUXZ 32, L_0x3b914670, L_0x3b91f0a0, L_0x3b91efe0, C4<>;
L_0x3b91f690 .functor MUXZ 32, L_0x7345aa549600, L_0x3b91f500, L_0x3b91e640, C4<>;
L_0x3b91fbf0 .part L_0x3b8ffb20, 2, 1;
L_0x3b91fc90 .concat [ 1 31 0 0], L_0x3b915930, L_0x7345aa549648;
L_0x3b9201b0 .functor MUXZ 32, L_0x7345aa549690, L_0x3b91fc90, L_0x3b91fbf0, C4<>;
L_0x3b9204b0 .part L_0x3b8ffb20, 3, 1;
L_0x3b920940 .concat [ 1 31 0 0], L_0x3b915ac0, L_0x7345aa5496d8;
L_0x3b920a30 .functor MUXZ 32, L_0x7345aa549720, L_0x3b920940, L_0x3b9204b0, C4<>;
L_0x3b9210d0 .part L_0x3b8ffb20, 4, 1;
L_0x3b921250 .functor MUXZ 32, L_0x7345aa549768, L_0x3b921170, L_0x3b9210d0, C4<>;
L_0x3b921900 .part L_0x3b8ffb20, 6, 1;
L_0x3b921ba0 .functor MUXZ 32, L_0x7345aa5497b0, L_0x3b921ab0, L_0x3b921900, C4<>;
L_0x3b9221f0 .part L_0x3b8ffb20, 7, 1;
L_0x3b9224a0 .functor MUXZ 32, L_0x7345aa5497f8, L_0x3b922290, L_0x3b9221f0, C4<>;
L_0x3b921e40 .functor MUXZ 32, L_0x7345aa549840, v0x3b6b5670_0, L_0x3b91e4e0, C4<>;
L_0x3b922a60 .part v0x3b8d6660_0, 1, 1;
L_0x3b922540 .part L_0x3b911f30, 0, 24;
L_0x3b922630 .part v0x3b8d6660_0, 2, 1;
L_0x3b9226d0 .part L_0x3b90fe10, 0, 24;
L_0x3b9227c0 .part L_0x3b9112b0, 0, 24;
L_0x3b9228b0 .functor MUXZ 24, L_0x3b9227c0, L_0x3b9226d0, L_0x3b922630, C4<>;
L_0x3b923050 .functor MUXZ 24, L_0x3b9228b0, L_0x3b922540, L_0x3b922a60, C4<>;
L_0x3b922bf0 .arith/sum 24, v0x3b820d00_0, L_0x3b923050;
L_0x3b922da0 .arith/sum 24, v0x3b820d00_0, L_0x7345aa549888;
L_0x3b9229c0 .part v0x3b8d82f0_0, 2, 1;
L_0x3b923670 .part v0x3b8d82f0_0, 3, 1;
L_0x3b923330 .functor MUXZ 32, L_0x7345aa5498d0, v0x3b6b59b0_0, L_0x3b913f80, C4<>;
L_0x3b923470 .functor MUXZ 32, L_0x7345aa549918, L_0x3b90fe10, L_0x3b9131d0, C4<>;
L_0x3b923d10 .functor MUXZ 32, L_0x7345aa549960, L_0x3b921f80, L_0x3b9140c0, C4<>;
L_0x3b924080 .concat [ 24 8 0 0], L_0x3b922bf0, L_0x7345aa5499a8;
L_0x3b923710 .functor MUXZ 32, L_0x7345aa5499f0, L_0x3b924080, L_0x3b9128f0, C4<>;
L_0x3b924670 .concat [ 24 8 0 0], L_0x3b922da0, L_0x7345aa549a38;
L_0x3b9241c0 .functor MUXZ 32, L_0x7345aa549a80, L_0x3b924670, L_0x3b923940, C4<>;
L_0x3b924460 .functor MUXZ 32, L_0x7345aa549ac8, L_0x3b91af70, L_0x3b912320, C4<>;
L_0x3b924dc0 .part L_0x3b8ffb20, 0, 1;
L_0x3b924f70 .part L_0x3b8ffb20, 1, 1;
L_0x3b924760 .reduce/nor L_0x3b915df0;
L_0x3b924ad0 .part L_0x3b8ffb20, 4, 1;
L_0x3b925720 .part L_0x3b8ffb20, 5, 1;
L_0x3b9257c0 .reduce/nor L_0x3b915930;
L_0x3b925300 .part L_0x3b8ffb20, 6, 1;
L_0x3b925f30 .part L_0x3b8ffb20, 7, 1;
L_0x3b925860 .reduce/nor L_0x3b915ac0;
L_0x3b925c10 .part L_0x3b9169c0, 1, 1;
L_0x3b925cb0 .part L_0x3b9169c0, 0, 1;
L_0x3b9264f0 .functor MUXZ 4, L_0x7345aa549b58, L_0x7345aa549b10, L_0x3b925cb0, C4<>;
L_0x3b926070 .part L_0x3b9169c0, 0, 1;
L_0x3b926110 .functor MUXZ 4, L_0x7345aa549be8, L_0x7345aa549ba0, L_0x3b926070, C4<>;
L_0x3b9262a0 .functor MUXZ 4, L_0x3b926110, L_0x3b9264f0, L_0x3b925c10, C4<>;
L_0x3b926430 .part L_0x3b9169c0, 1, 1;
L_0x3b926ae0 .functor MUXZ 4, L_0x7345aa549c78, L_0x7345aa549c30, L_0x3b926430, C4<>;
L_0x3b926c70 .functor MUXZ 4, L_0x7345aa549cc0, L_0x3b926ae0, L_0x3b918de0, C4<>;
L_0x3b926630 .functor MUXZ 4, L_0x3b926c70, L_0x3b9262a0, L_0x3b918960, C4<>;
L_0x3b926720 .part v0x3b8d82f0_0, 2, 1;
L_0x3b9269d0 .part v0x3b8d82f0_0, 0, 1;
L_0x3b927370 .part v0x3b8d82f0_0, 2, 1;
L_0x3b926f30 .concat [ 1 1 1 1], L_0x3b926d10, L_0x3b926d10, L_0x3b926d10, L_0x3b926d10;
L_0x3b9271c0 .part v0x3b8d82f0_0, 2, 1;
S_0x3b81a840 .scope module, "RAM" "bram" 3 30, 5 3 0, S_0x3b82c7b0;
 .timescale 0 0;
    .port_info 0 /INPUT 1 "clk";
    .port_info 1 /INPUT 32 "mem_addr";
    .port_info 2 /OUTPUT 32 "mem_rdata";
    .port_info 3 /INPUT 1 "mem_rstrb";
    .port_info 4 /INPUT 32 "mem_wdata";
    .port_info 5 /INPUT 4 "mem_wmask";
v0x3b8d84d0 .array "MEM", 4096 0, 31 0;
v0x3b8d8570_0 .net "clk", 0 0, v0x3b8ff390_0;  alias, 1 drivers
v0x3b8d8610_0 .net "mem_addr", 31 0, L_0x3b917390;  alias, 1 drivers
v0x3b8d86b0_0 .var "mem_rdata", 31 0;
v0x3b8d8750_0 .net "mem_rstrb", 0 0, L_0x3b9285f0;  1 drivers
v0x3b8d87f0_0 .net "mem_wdata", 31 0, L_0x3b91c8b0;  alias, 1 drivers
v0x3b8d8890_0 .net "mem_wmask", 3 0, L_0x3b9287f0;  1 drivers
v0x3b8d8930_0 .net "word_addr", 29 0, L_0x3b928420;  1 drivers
L_0x3b928420 .part L_0x3b917390, 2, 30;
S_0x3b81b430 .scope module, "bcd2bin0" "peripheral_bcd2bin" 3 107, 6 1 0, S_0x3b82c7b0;
 .timescale 0 0;
    .port_info 0 /INPUT 1 "clk";
    .port_info 1 /INPUT 1 "reset";
    .port_info 2 /INPUT 20 "d_in";
    .port_info 3 /INPUT 1 "cs";
    .port_info 4 /INPUT 5 "addr";
    .port_info 5 /INPUT 1 "rd";
    .port_info 6 /INPUT 1 "wr";
    .port_info 7 /OUTPUT 32 "d_out";
v0x3b8e0970_0 .var "A", 19 0;
v0x3b8e0aa0_0 .net "addr", 4 0, L_0x3b92dbf0;  1 drivers
v0x3b8e0b80_0 .net "clk", 0 0, v0x3b8ff390_0;  alias, 1 drivers
v0x3b8e0c20_0 .net "cs", 0 0, L_0x3b92d920;  1 drivers
v0x3b8e0cc0_0 .net "d_in", 19 0, L_0x3b92d850;  1 drivers
v0x3b8e0df0_0 .var "d_out", 31 0;
v0x3b8e0ed0_0 .net "done", 0 0, v0x3b8dab90_0;  1 drivers
v0x3b8e0fc0_0 .var "init", 0 0;
v0x3b8e10b0_0 .net "rd", 0 0, L_0x3b9283b0;  alias, 1 drivers
v0x3b8e1200_0 .net "reset", 0 0, L_0x3b92d5c0;  1 drivers
v0x3b8e12a0_0 .net "result", 15 0, L_0x3b92c5f0;  1 drivers
v0x3b8e13b0_0 .var "s", 4 0;
v0x3b8e1490_0 .net "wr", 0 0, L_0x3b928310;  alias, 1 drivers
E_0x3b8d5070 .event anyedge, v0x3b8e0c20_0, v0x3b8e0aa0_0;
S_0x3b81c020 .scope module, "bcd2bin0" "bcd2bin" 6 61, 7 1 0, S_0x3b81b430;
 .timescale 0 0;
    .port_info 0 /INPUT 1 "clk";
    .port_info 1 /INPUT 1 "rst";
    .port_info 2 /INPUT 1 "init";
    .port_info 3 /INPUT 20 "A";
    .port_info 4 /OUTPUT 16 "result";
    .port_info 5 /OUTPUT 1 "done";
v0x3b8df370_0 .net "A", 19 0, v0x3b8e0970_0;  1 drivers
v0x3b8df450_0 .net *"_ivl_1", 0 0, L_0x3b92bf20;  1 drivers
v0x3b8df510_0 .net *"_ivl_3", 0 0, L_0x3b92bff0;  1 drivers
v0x3b8df600_0 .net *"_ivl_5", 0 0, L_0x3b92c090;  1 drivers
v0x3b8df6e0_0 .net *"_ivl_7", 0 0, L_0x3b92c160;  1 drivers
v0x3b8df7c0_0 .net *"_ivl_9", 0 0, L_0x3b92c260;  1 drivers
v0x3b8df8a0_0 .net "clk", 0 0, v0x3b8ff390_0;  alias, 1 drivers
v0x3b8df940_0 .net "done", 0 0, v0x3b8dab90_0;  alias, 1 drivers
v0x3b8df9e0_0 .net "init", 0 0, v0x3b8e0fc0_0;  1 drivers
v0x3b8dfb40_0 .net "result", 15 0, L_0x3b92c5f0;  alias, 1 drivers
v0x3b8dfc10_0 .net "rst", 0 0, L_0x3b92d5c0;  alias, 1 drivers
v0x3b8dfce0_0 .net "w_LD", 4 0, v0x3b8de5a0_0;  1 drivers
v0x3b8dfd80_0 .net "w_MSB", 4 0, L_0x3b92c330;  1 drivers
v0x3b8dfe20_0 .net "w_MUX", 19 0, L_0x3b92cbf0;  1 drivers
v0x3b8dfec0_0 .net "w_add", 0 0, v0x3b8da900_0;  1 drivers
v0x3b8dffb0_0 .net "w_cen", 3 0, L_0x3b92c960;  1 drivers
v0x3b8e0070_0 .net "w_dec", 3 0, L_0x3b92ca50;  1 drivers
v0x3b8e0250_0 .net "w_dmi", 3 0, L_0x3b92c6e0;  1 drivers
v0x3b8e0320_0 .net "w_ld", 0 0, v0x3b8dad60_0;  1 drivers
v0x3b8e03c0_0 .net "w_ld_in", 19 0, L_0x3b92d390;  1 drivers
v0x3b8e0490_0 .net "w_ld_msb", 0 0, v0x3b8dae20_0;  1 drivers
v0x3b8e0530_0 .net "w_sel", 0 0, v0x3b8dafa0_0;  1 drivers
v0x3b8e05d0_0 .net "w_sh", 0 0, v0x3b8db060_0;  1 drivers
v0x3b8e0670_0 .net "w_umi", 3 0, L_0x3b92c820;  1 drivers
v0x3b8e0710_0 .net "w_uni", 3 0, L_0x3b92cb50;  1 drivers
v0x3b8e07e0_0 .net "w_z", 0 0, v0x3b8dba60_0;  1 drivers
L_0x3b92bf20 .part L_0x3b92d390, 19, 1;
L_0x3b92bff0 .part L_0x3b92d390, 15, 1;
L_0x3b92c090 .part L_0x3b92d390, 11, 1;
L_0x3b92c160 .part L_0x3b92d390, 7, 1;
L_0x3b92c260 .part L_0x3b92d390, 3, 1;
LS_0x3b92c330_0_0 .concat [ 1 1 1 1], L_0x3b92c260, L_0x3b92c160, L_0x3b92c090, L_0x3b92bff0;
LS_0x3b92c330_0_4 .concat [ 1 0 0 0], L_0x3b92bf20;
L_0x3b92c330 .concat [ 4 1 0 0], LS_0x3b92c330_0_0, LS_0x3b92c330_0_4;
L_0x3b92c6e0 .part L_0x3b92c550, 16, 4;
L_0x3b92c820 .part L_0x3b92c550, 12, 4;
L_0x3b92c960 .part L_0x3b92c550, 8, 4;
L_0x3b92ca50 .part L_0x3b92c550, 4, 4;
L_0x3b92cb50 .part L_0x3b92c550, 0, 4;
LS_0x3b92cbf0_0_0 .concat8 [ 4 4 4 4], v0x3b8dbfc0_0, v0x3b8dc650_0, v0x3b8dcd30_0, v0x3b8dd440_0;
LS_0x3b92cbf0_0_4 .concat8 [ 4 0 0 0], v0x3b8ddb90_0;
L_0x3b92cbf0 .concat8 [ 16 4 0 0], LS_0x3b92cbf0_0_0, LS_0x3b92cbf0_0_4;
L_0x3b92cdc0 .part L_0x3b92cbf0, 0, 4;
L_0x3b92cee0 .part L_0x3b92cbf0, 4, 4;
L_0x3b92d000 .part L_0x3b92cbf0, 8, 4;
L_0x3b92d160 .part L_0x3b92cbf0, 12, 4;
L_0x3b92d2c0 .part L_0x3b92cbf0, 16, 4;
LS_0x3b92d390_0_0 .concat8 [ 4 4 4 4], v0x3b8d8aa0_0, v0x3b8d8e10_0, v0x3b8d9270_0, v0x3b8d9820_0;
LS_0x3b92d390_0_4 .concat8 [ 4 0 0 0], v0x3b8d9e20_0;
L_0x3b92d390 .concat8 [ 16 4 0 0], LS_0x3b92d390_0_0, LS_0x3b92d390_0_4;
S_0x3b81cc10 .scope module, "comp0" "add_sub_c2" 7 35, 8 1 0, S_0x3b81c020;
 .timescale 0 0;
    .port_info 0 /INPUT 4 "in_A";
    .port_info 1 /INPUT 4 "in_B";
    .port_info 2 /OUTPUT 4 "Result";
v0x3b8d8aa0_0 .var "Result", 3 0;
v0x3b8d8b40_0 .net "in_A", 3 0, L_0x3b92cb50;  alias, 1 drivers
v0x3b8d8be0_0 .net "in_B", 3 0, L_0x3b92cdc0;  1 drivers
E_0x3b71b140 .event anyedge, v0x3b8d8b40_0, v0x3b8d8be0_0;
S_0x3b8d8c80 .scope module, "comp1" "add_sub_c2" 7 36, 8 1 0, S_0x3b81c020;
 .timescale 0 0;
    .port_info 0 /INPUT 4 "in_A";
    .port_info 1 /INPUT 4 "in_B";
    .port_info 2 /OUTPUT 4 "Result";
v0x3b8d8e10_0 .var "Result", 3 0;
v0x3b8d8eb0_0 .net "in_A", 3 0, L_0x3b92ca50;  alias, 1 drivers
v0x3b8d8f50_0 .net "in_B", 3 0, L_0x3b92cee0;  1 drivers
E_0x3b779400 .event anyedge, v0x3b8d8eb0_0, v0x3b8d8f50_0;
S_0x3b8d9030 .scope module, "comp2" "add_sub_c2" 7 37, 8 1 0, S_0x3b81c020;
 .timescale 0 0;
    .port_info 0 /INPUT 4 "in_A";
    .port_info 1 /INPUT 4 "in_B";
    .port_info 2 /OUTPUT 4 "Result";
v0x3b8d9270_0 .var "Result", 3 0;
v0x3b8d9370_0 .net "in_A", 3 0, L_0x3b92c960;  alias, 1 drivers
v0x3b8d9450_0 .net "in_B", 3 0, L_0x3b92d000;  1 drivers
E_0x3b8d9210 .event anyedge, v0x3b8d9370_0, v0x3b8d9450_0;
S_0x3b8d95c0 .scope module, "comp3" "add_sub_c2" 7 38, 8 1 0, S_0x3b81c020;
 .timescale 0 0;
    .port_info 0 /INPUT 4 "in_A";
    .port_info 1 /INPUT 4 "in_B";
    .port_info 2 /OUTPUT 4 "Result";
v0x3b8d9820_0 .var "Result", 3 0;
v0x3b8d9920_0 .net "in_A", 3 0, L_0x3b92c820;  alias, 1 drivers
v0x3b8d9a00_0 .net "in_B", 3 0, L_0x3b92d160;  1 drivers
E_0x3b8d97a0 .event anyedge, v0x3b8d9920_0, v0x3b8d9a00_0;
S_0x3b8d9b70 .scope module, "comp4" "add_sub_c2" 7 39, 8 1 0, S_0x3b81c020;
 .timescale 0 0;
    .port_info 0 /INPUT 4 "in_A";
    .port_info 1 /INPUT 4 "in_B";
    .port_info 2 /OUTPUT 4 "Result";
v0x3b8d9e20_0 .var "Result", 3 0;
v0x3b8d9f20_0 .net "in_A", 3 0, L_0x3b92c6e0;  alias, 1 drivers
v0x3b8da000_0 .net "in_B", 3 0, L_0x3b92d2c0;  1 drivers
E_0x3b8d9da0 .event anyedge, v0x3b8d9f20_0, v0x3b8da000_0;
S_0x3b8da140 .scope module, "control0" "ctrl_b2b" 7 43, 9 1 0, S_0x3b81c020;
 .timescale 0 0;
    .port_info 0 /INPUT 1 "clk";
    .port_info 1 /INPUT 1 "rst";
    .port_info 2 /INPUT 1 "init";
    .port_info 3 /OUTPUT 1 "done";
    .port_info 4 /OUTPUT 1 "sh";
    .port_info 5 /OUTPUT 1 "ld";
    .port_info 6 /OUTPUT 1 "sel";
    .port_info 7 /OUTPUT 1 "ld_msb";
    .port_info 8 /OUTPUT 1 "add";
    .port_info 9 /INPUT 1 "z";
P_0x3b8da320 .param/l "ADD" 0 9 17, C4<011>;
P_0x3b8da360 .param/l "CHECK" 0 9 15, C4<001>;
P_0x3b8da3a0 .param/l "END1" 0 9 19, C4<101>;
P_0x3b8da3e0 .param/l "LOAD_A2" 0 9 18, C4<100>;
P_0x3b8da420 .param/l "SHIFT_DEC" 0 9 16, C4<010>;
P_0x3b8da460 .param/l "START" 0 9 14, C4<000>;
v0x3b8da900_0 .var "add", 0 0;
v0x3b8da9e0_0 .net "clk", 0 0, v0x3b8ff390_0;  alias, 1 drivers
v0x3b8daaf0_0 .var "count", 5 0;
v0x3b8dab90_0 .var "done", 0 0;
v0x3b8dac50_0 .net "init", 0 0, v0x3b8e0fc0_0;  alias, 1 drivers
v0x3b8dad60_0 .var "ld", 0 0;
v0x3b8dae20_0 .var "ld_msb", 0 0;
v0x3b8daee0_0 .net "rst", 0 0, L_0x3b92d5c0;  alias, 1 drivers
v0x3b8dafa0_0 .var "sel", 0 0;
v0x3b8db060_0 .var "sh", 0 0;
v0x3b8db120_0 .var "state", 2 0;
v0x3b8db200_0 .var "state_name", 320 1;
v0x3b8db2e0_0 .net "z", 0 0, v0x3b8dba60_0;  alias, 1 drivers
E_0x3b8da8a0 .event anyedge, v0x3b8db120_0;
S_0x3b8db4e0 .scope module, "count0" "cnt_bin2bcd" 7 42, 10 1 0, S_0x3b81c020;
 .timescale 0 0;
    .port_info 0 /INPUT 1 "clk";
    .port_info 1 /INPUT 1 "ld";
    .port_info 2 /INPUT 1 "dec";
    .port_info 3 /OUTPUT 1 "z";
v0x3b8db6f0_0 .net "clk", 0 0, v0x3b8ff390_0;  alias, 1 drivers
v0x3b8db7b0_0 .var "cont", 4 0;
v0x3b8db890_0 .net "dec", 0 0, v0x3b8db060_0;  alias, 1 drivers
v0x3b8db990_0 .net "ld", 0 0, v0x3b8dad60_0;  alias, 1 drivers
v0x3b8dba60_0 .var "z", 0 0;
E_0x3b8db670 .event negedge, v0x3b6b58f0_0;
S_0x3b8dbb80 .scope module, "mux0" "mux" 7 30, 11 1 0, S_0x3b81c020;
 .timescale 0 0;
    .port_info 0 /INPUT 4 "in1";
    .port_info 1 /INPUT 4 "in2";
    .port_info 2 /OUTPUT 4 "out";
    .port_info 3 /INPUT 1 "sel";
L_0x7345aa54a2f0 .functor BUFT 1, C4<1101>, C4<0>, C4<0>, C4<0>;
v0x3b8dbde0_0 .net "in1", 3 0, L_0x7345aa54a2f0;  1 drivers
L_0x7345aa54a338 .functor BUFT 1, C4<1011>, C4<0>, C4<0>, C4<0>;
v0x3b8dbee0_0 .net "in2", 3 0, L_0x7345aa54a338;  1 drivers
v0x3b8dbfc0_0 .var "out", 3 0;
v0x3b8dc0b0_0 .net "sel", 0 0, v0x3b8dafa0_0;  alias, 1 drivers
E_0x3b8dbd60 .event anyedge, v0x3b8dafa0_0, v0x3b8dbee0_0, v0x3b8dbde0_0;
S_0x3b8dc210 .scope module, "mux1" "mux" 7 31, 11 1 0, S_0x3b81c020;
 .timescale 0 0;
    .port_info 0 /INPUT 4 "in1";
    .port_info 1 /INPUT 4 "in2";
    .port_info 2 /OUTPUT 4 "out";
    .port_info 3 /INPUT 1 "sel";
L_0x7345aa54a380 .functor BUFT 1, C4<1101>, C4<0>, C4<0>, C4<0>;
v0x3b8dc470_0 .net "in1", 3 0, L_0x7345aa54a380;  1 drivers
L_0x7345aa54a3c8 .functor BUFT 1, C4<1011>, C4<0>, C4<0>, C4<0>;
v0x3b8dc570_0 .net "in2", 3 0, L_0x7345aa54a3c8;  1 drivers
v0x3b8dc650_0 .var "out", 3 0;
v0x3b8dc740_0 .net "sel", 0 0, v0x3b8dafa0_0;  alias, 1 drivers
E_0x3b8dc3f0 .event anyedge, v0x3b8dafa0_0, v0x3b8dc570_0, v0x3b8dc470_0;
S_0x3b8dc860 .scope module, "mux2" "mux" 7 32, 11 1 0, S_0x3b81c020;
 .timescale 0 0;
    .port_info 0 /INPUT 4 "in1";
    .port_info 1 /INPUT 4 "in2";
    .port_info 2 /OUTPUT 4 "out";
    .port_info 3 /INPUT 1 "sel";
L_0x7345aa54a410 .functor BUFT 1, C4<1101>, C4<0>, C4<0>, C4<0>;
v0x3b8dcb50_0 .net "in1", 3 0, L_0x7345aa54a410;  1 drivers
L_0x7345aa54a458 .functor BUFT 1, C4<1011>, C4<0>, C4<0>, C4<0>;
v0x3b8dcc50_0 .net "in2", 3 0, L_0x7345aa54a458;  1 drivers
v0x3b8dcd30_0 .var "out", 3 0;
v0x3b8dce20_0 .net "sel", 0 0, v0x3b8dafa0_0;  alias, 1 drivers
E_0x3b8dcad0 .event anyedge, v0x3b8dafa0_0, v0x3b8dcc50_0, v0x3b8dcb50_0;
S_0x3b8dcf70 .scope module, "mux3" "mux" 7 33, 11 1 0, S_0x3b81c020;
 .timescale 0 0;
    .port_info 0 /INPUT 4 "in1";
    .port_info 1 /INPUT 4 "in2";
    .port_info 2 /OUTPUT 4 "out";
    .port_info 3 /INPUT 1 "sel";
L_0x7345aa54a4a0 .functor BUFT 1, C4<1101>, C4<0>, C4<0>, C4<0>;
v0x3b8dd260_0 .net "in1", 3 0, L_0x7345aa54a4a0;  1 drivers
L_0x7345aa54a4e8 .functor BUFT 1, C4<1011>, C4<0>, C4<0>, C4<0>;
v0x3b8dd360_0 .net "in2", 3 0, L_0x7345aa54a4e8;  1 drivers
v0x3b8dd440_0 .var "out", 3 0;
v0x3b8dd530_0 .net "sel", 0 0, v0x3b8dafa0_0;  alias, 1 drivers
E_0x3b8dd1e0 .event anyedge, v0x3b8dafa0_0, v0x3b8dd360_0, v0x3b8dd260_0;
S_0x3b8dd710 .scope module, "mux4" "mux" 7 34, 11 1 0, S_0x3b81c020;
 .timescale 0 0;
    .port_info 0 /INPUT 4 "in1";
    .port_info 1 /INPUT 4 "in2";
    .port_info 2 /OUTPUT 4 "out";
    .port_info 3 /INPUT 1 "sel";
L_0x7345aa54a530 .functor BUFT 1, C4<1101>, C4<0>, C4<0>, C4<0>;
v0x3b8dd9b0_0 .net "in1", 3 0, L_0x7345aa54a530;  1 drivers
L_0x7345aa54a578 .functor BUFT 1, C4<1011>, C4<0>, C4<0>, C4<0>;
v0x3b8ddab0_0 .net "in2", 3 0, L_0x7345aa54a578;  1 drivers
v0x3b8ddb90_0 .var "out", 3 0;
v0x3b8ddc80_0 .net "sel", 0 0, v0x3b8dafa0_0;  alias, 1 drivers
E_0x3b8dd930 .event anyedge, v0x3b8dafa0_0, v0x3b8ddab0_0, v0x3b8dd9b0_0;
S_0x3b8dddd0 .scope module, "reg0" "reg_msb" 7 40, 12 1 0, S_0x3b81c020;
 .timescale 0 0;
    .port_info 0 /INPUT 1 "clk";
    .port_info 1 /INPUT 1 "reset";
    .port_info 2 /INPUT 5 "in";
    .port_info 3 /OUTPUT 5 "out";
    .port_info 4 /INPUT 1 "ld";
    .port_info 5 /INPUT 1 "oe";
v0x3b8de140_0 .net "clk", 0 0, v0x3b8ff390_0;  alias, 1 drivers
v0x3b8de290_0 .var "cont", 4 0;
v0x3b8de370_0 .net "in", 4 0, L_0x3b92c330;  alias, 1 drivers
v0x3b8de430_0 .net "ld", 0 0, v0x3b8dae20_0;  alias, 1 drivers
v0x3b8de500_0 .net "oe", 0 0, v0x3b8da900_0;  alias, 1 drivers
v0x3b8de5a0_0 .var "out", 4 0;
v0x3b8de640_0 .net "reset", 0 0, v0x3b8dad60_0;  alias, 1 drivers
E_0x3b8de0c0 .event anyedge, v0x3b8da900_0, v0x3b8de290_0;
S_0x3b8de830 .scope module, "rsr40" "rsr4" 7 29, 13 1 0, S_0x3b81c020;
 .timescale 0 0;
    .port_info 0 /INPUT 1 "clk";
    .port_info 1 /INPUT 1 "rst_ld";
    .port_info 2 /INPUT 1 "shift";
    .port_info 3 /INPUT 5 "lda2";
    .port_info 4 /INPUT 20 "in_R1";
    .port_info 5 /INPUT 20 "in_R2";
    .port_info 6 /OUTPUT 20 "out_R";
    .port_info 7 /OUTPUT 16 "out_R2";
v0x3b8dea60_0 .net "clk", 0 0, v0x3b8ff390_0;  alias, 1 drivers
v0x3b8deb20_0 .var "data", 35 0;
v0x3b8dec00_0 .net "in_R1", 19 0, v0x3b8e0970_0;  alias, 1 drivers
v0x3b8decc0_0 .net "in_R2", 19 0, L_0x3b92d390;  alias, 1 drivers
v0x3b8deda0_0 .net "lda2", 4 0, v0x3b8de5a0_0;  alias, 1 drivers
v0x3b8deeb0_0 .net "out_R", 19 0, L_0x3b92c550;  1 drivers
v0x3b8def70_0 .net "out_R2", 15 0, L_0x3b92c5f0;  alias, 1 drivers
v0x3b8df050_0 .net "rst_ld", 0 0, v0x3b8dad60_0;  alias, 1 drivers
v0x3b8df0f0_0 .net "shift", 0 0, v0x3b8db060_0;  alias, 1 drivers
L_0x3b92c550 .part v0x3b8deb20_0, 16, 20;
L_0x3b92c5f0 .part v0x3b8deb20_0, 0, 16;
S_0x3b8e16a0 .scope module, "bin2bcd0" "peripheral_bin2bcd" 3 96, 14 1 0, S_0x3b82c7b0;
 .timescale 0 0;
    .port_info 0 /INPUT 1 "clk";
    .port_info 1 /INPUT 1 "reset";
    .port_info 2 /INPUT 16 "d_in";
    .port_info 3 /INPUT 1 "cs";
    .port_info 4 /INPUT 5 "addr";
    .port_info 5 /INPUT 1 "rd";
    .port_info 6 /INPUT 1 "wr";
    .port_info 7 /OUTPUT 32 "d_out";
v0x3b8ea350_0 .var "A", 15 0;
v0x3b8ea480_0 .net "addr", 4 0, L_0x3b92be50;  1 drivers
v0x3b8ea560_0 .net "clk", 0 0, v0x3b8ff390_0;  alias, 1 drivers
v0x3b8ea600_0 .net "cs", 0 0, L_0x3b92bcb0;  1 drivers
v0x3b8ea6a0_0 .net "d_in", 15 0, L_0x3b92bad0;  1 drivers
v0x3b8ea7d0_0 .var "d_out", 31 0;
v0x3b8ea8b0_0 .net "done", 0 0, v0x3b8e4530_0;  1 drivers
v0x3b8ea9a0_0 .var "init", 0 0;
v0x3b8eaa90_0 .net "rd", 0 0, L_0x3b9283b0;  alias, 1 drivers
v0x3b8eabc0_0 .net "reset", 0 0, L_0x3b92b970;  1 drivers
v0x3b8eac60_0 .net "result", 19 0, L_0x3b92a8b0;  1 drivers
v0x3b8ead00_0 .var "s", 4 0;
v0x3b8eadc0_0 .net "wr", 0 0, L_0x3b928310;  alias, 1 drivers
E_0x3b6fd190 .event anyedge, v0x3b8ea600_0, v0x3b8ea480_0;
S_0x3b8e19d0 .scope module, "bin2bcd0" "bin2bcd" 14 61, 15 1 0, S_0x3b8e16a0;
 .timescale 0 0;
    .port_info 0 /INPUT 1 "clk";
    .port_info 1 /INPUT 1 "rst";
    .port_info 2 /INPUT 1 "init";
    .port_info 3 /INPUT 16 "A";
    .port_info 4 /OUTPUT 20 "result";
    .port_info 5 /OUTPUT 1 "done";
v0x3b8e8cc0_0 .net "A", 15 0, v0x3b8ea350_0;  1 drivers
v0x3b8e8dd0_0 .net *"_ivl_1", 0 0, L_0x3b92a1e0;  1 drivers
v0x3b8e8e90_0 .net *"_ivl_3", 0 0, L_0x3b92a300;  1 drivers
v0x3b8e8f80_0 .net *"_ivl_5", 0 0, L_0x3b92a3a0;  1 drivers
v0x3b8e9060_0 .net *"_ivl_7", 0 0, L_0x3b92a470;  1 drivers
v0x3b8e9190_0 .net *"_ivl_9", 0 0, L_0x3b92a570;  1 drivers
v0x3b8e9270_0 .net "clk", 0 0, v0x3b8ff390_0;  alias, 1 drivers
v0x3b8e9310_0 .net "done", 0 0, v0x3b8e4530_0;  alias, 1 drivers
v0x3b8e93b0_0 .net "init", 0 0, v0x3b8ea9a0_0;  1 drivers
v0x3b8e9510_0 .net "result", 19 0, L_0x3b92a8b0;  alias, 1 drivers
v0x3b8e95b0_0 .net "rst", 0 0, L_0x3b92b970;  alias, 1 drivers
v0x3b8e9680_0 .net "w_LD", 4 0, v0x3b8e8a90_0;  1 drivers
v0x3b8e9720_0 .net "w_MSB", 4 0, L_0x3b92a640;  1 drivers
v0x3b8e97e0_0 .net "w_MUX", 19 0, L_0x3b92b060;  1 drivers
v0x3b8e98a0_0 .net "w_add", 0 0, v0x3b8e41e0_0;  1 drivers
v0x3b8e9990_0 .net "w_cen", 3 0, L_0x3b92adb0;  1 drivers
v0x3b8e9a50_0 .net "w_dec", 3 0, L_0x3b92aeb0;  1 drivers
v0x3b8e9c30_0 .net "w_dmi", 3 0, L_0x3b92abd0;  1 drivers
v0x3b8e9d00_0 .net "w_ld", 0 0, v0x3b8e4700_0;  1 drivers
v0x3b8e9da0_0 .net "w_ld_in", 19 0, L_0x3b92b7e0;  1 drivers
v0x3b8e9e70_0 .net "w_ld_msb", 0 0, v0x3b8e47c0_0;  1 drivers
v0x3b8e9f10_0 .net "w_sel", 0 0, v0x3b8e4940_0;  1 drivers
v0x3b8e9fb0_0 .net "w_sh", 0 0, v0x3b8e4a00_0;  1 drivers
v0x3b8ea050_0 .net "w_umi", 3 0, L_0x3b92ad10;  1 drivers
v0x3b8ea0f0_0 .net "w_uni", 3 0, L_0x3b92af50;  1 drivers
v0x3b8ea1c0_0 .net "w_z", 0 0, v0x3b8e5410_0;  1 drivers
L_0x3b92a1e0 .part L_0x3b92b7e0, 19, 1;
L_0x3b92a300 .part L_0x3b92b7e0, 15, 1;
L_0x3b92a3a0 .part L_0x3b92b7e0, 11, 1;
L_0x3b92a470 .part L_0x3b92b7e0, 7, 1;
L_0x3b92a570 .part L_0x3b92b7e0, 3, 1;
LS_0x3b92a640_0_0 .concat [ 1 1 1 1], L_0x3b92a570, L_0x3b92a470, L_0x3b92a3a0, L_0x3b92a300;
LS_0x3b92a640_0_4 .concat [ 1 0 0 0], L_0x3b92a1e0;
L_0x3b92a640 .concat [ 4 1 0 0], LS_0x3b92a640_0_0, LS_0x3b92a640_0_4;
LS_0x3b92a8b0_0_0 .concat [ 4 4 4 4], L_0x3b92af50, L_0x3b92aeb0, L_0x3b92adb0, L_0x3b92ad10;
LS_0x3b92a8b0_0_4 .concat [ 4 0 0 0], L_0x3b92abd0;
L_0x3b92a8b0 .concat [ 16 4 0 0], LS_0x3b92a8b0_0_0, LS_0x3b92a8b0_0_4;
L_0x3b92abd0 .part L_0x3b92ab30, 16, 4;
L_0x3b92ad10 .part L_0x3b92ab30, 12, 4;
L_0x3b92adb0 .part L_0x3b92ab30, 8, 4;
L_0x3b92aeb0 .part L_0x3b92ab30, 4, 4;
L_0x3b92af50 .part L_0x3b92ab30, 0, 4;
LS_0x3b92b060_0_0 .concat8 [ 4 4 4 4], v0x3b8e64c0_0, v0x3b8e6b30_0, v0x3b8e7260_0, v0x3b8e7970_0;
LS_0x3b92b060_0_4 .concat8 [ 4 0 0 0], v0x3b8e80c0_0;
L_0x3b92b060 .concat8 [ 16 4 0 0], LS_0x3b92b060_0_0, LS_0x3b92b060_0_4;
L_0x3b92b1c0 .part L_0x3b92b060, 0, 4;
L_0x3b92b310 .part L_0x3b92b060, 4, 4;
L_0x3b92b3b0 .part L_0x3b92b060, 8, 4;
L_0x3b92b5a0 .part L_0x3b92b060, 12, 4;
L_0x3b92b670 .part L_0x3b92b060, 16, 4;
LS_0x3b92b7e0_0_0 .concat8 [ 4 4 4 4], v0x3b8e1f80_0, v0x3b8e2500_0, v0x3b8e2ad0_0, v0x3b8e30c0_0;
LS_0x3b92b7e0_0_4 .concat8 [ 4 0 0 0], v0x3b8e3700_0;
L_0x3b92b7e0 .concat8 [ 16 4 0 0], LS_0x3b92b7e0_0_0, LS_0x3b92b7e0_0_4;
S_0x3b8e1ce0 .scope module, "comp0" "add_sub_c2" 15 36, 8 1 0, S_0x3b8e19d0;
 .timescale 0 0;
    .port_info 0 /INPUT 4 "in_A";
    .port_info 1 /INPUT 4 "in_B";
    .port_info 2 /OUTPUT 4 "Result";
v0x3b8e1f80_0 .var "Result", 3 0;
v0x3b8e2080_0 .net "in_A", 3 0, L_0x3b92af50;  alias, 1 drivers
v0x3b8e2160_0 .net "in_B", 3 0, L_0x3b92b1c0;  1 drivers
E_0x3b8e1f00 .event anyedge, v0x3b8e2080_0, v0x3b8e2160_0;
S_0x3b8e22a0 .scope module, "comp1" "add_sub_c2" 15 37, 8 1 0, S_0x3b8e19d0;
 .timescale 0 0;
    .port_info 0 /INPUT 4 "in_A";
    .port_info 1 /INPUT 4 "in_B";
    .port_info 2 /OUTPUT 4 "Result";
v0x3b8e2500_0 .var "Result", 3 0;
v0x3b8e2600_0 .net "in_A", 3 0, L_0x3b92aeb0;  alias, 1 drivers
v0x3b8e26e0_0 .net "in_B", 3 0, L_0x3b92b310;  1 drivers
E_0x3b8e2480 .event anyedge, v0x3b8e2600_0, v0x3b8e26e0_0;
S_0x3b8e2820 .scope module, "comp2" "add_sub_c2" 15 38, 8 1 0, S_0x3b8e19d0;
 .timescale 0 0;
    .port_info 0 /INPUT 4 "in_A";
    .port_info 1 /INPUT 4 "in_B";
    .port_info 2 /OUTPUT 4 "Result";
v0x3b8e2ad0_0 .var "Result", 3 0;
v0x3b8e2bd0_0 .net "in_A", 3 0, L_0x3b92adb0;  alias, 1 drivers
v0x3b8e2cb0_0 .net "in_B", 3 0, L_0x3b92b3b0;  1 drivers
E_0x3b8e2a70 .event anyedge, v0x3b8e2bd0_0, v0x3b8e2cb0_0;
S_0x3b8e2df0 .scope module, "comp3" "add_sub_c2" 15 39, 8 1 0, S_0x3b8e19d0;
 .timescale 0 0;
    .port_info 0 /INPUT 4 "in_A";
    .port_info 1 /INPUT 4 "in_B";
    .port_info 2 /OUTPUT 4 "Result";
v0x3b8e30c0_0 .var "Result", 3 0;
v0x3b8e31c0_0 .net "in_A", 3 0, L_0x3b92ad10;  alias, 1 drivers
v0x3b8e32a0_0 .net "in_B", 3 0, L_0x3b92b5a0;  1 drivers
E_0x3b8e3040 .event anyedge, v0x3b8e31c0_0, v0x3b8e32a0_0;
S_0x3b8e33e0 .scope module, "comp4" "add_sub_c2" 15 40, 8 1 0, S_0x3b8e19d0;
 .timescale 0 0;
    .port_info 0 /INPUT 4 "in_A";
    .port_info 1 /INPUT 4 "in_B";
    .port_info 2 /OUTPUT 4 "Result";
v0x3b8e3700_0 .var "Result", 3 0;
v0x3b8e3800_0 .net "in_A", 3 0, L_0x3b92abd0;  alias, 1 drivers
v0x3b8e38e0_0 .net "in_B", 3 0, L_0x3b92b670;  1 drivers
E_0x3b8e3680 .event anyedge, v0x3b8e3800_0, v0x3b8e38e0_0;
S_0x3b8e3a20 .scope module, "control0" "ctrl_b2b" 15 44, 9 1 0, S_0x3b8e19d0;
 .timescale 0 0;
    .port_info 0 /INPUT 1 "clk";
    .port_info 1 /INPUT 1 "rst";
    .port_info 2 /INPUT 1 "init";
    .port_info 3 /OUTPUT 1 "done";
    .port_info 4 /OUTPUT 1 "sh";
    .port_info 5 /OUTPUT 1 "ld";
    .port_info 6 /OUTPUT 1 "sel";
    .port_info 7 /OUTPUT 1 "ld_msb";
    .port_info 8 /OUTPUT 1 "add";
    .port_info 9 /INPUT 1 "z";
P_0x3b8e3c00 .param/l "ADD" 0 9 17, C4<011>;
P_0x3b8e3c40 .param/l "CHECK" 0 9 15, C4<001>;
P_0x3b8e3c80 .param/l "END1" 0 9 19, C4<101>;
P_0x3b8e3cc0 .param/l "LOAD_A2" 0 9 18, C4<100>;
P_0x3b8e3d00 .param/l "SHIFT_DEC" 0 9 16, C4<010>;
P_0x3b8e3d40 .param/l "START" 0 9 14, C4<000>;
v0x3b8e41e0_0 .var "add", 0 0;
v0x3b8e42c0_0 .net "clk", 0 0, v0x3b8ff390_0;  alias, 1 drivers
v0x3b8e4490_0 .var "count", 5 0;
v0x3b8e4530_0 .var "done", 0 0;
v0x3b8e45f0_0 .net "init", 0 0, v0x3b8ea9a0_0;  alias, 1 drivers
v0x3b8e4700_0 .var "ld", 0 0;
v0x3b8e47c0_0 .var "ld_msb", 0 0;
v0x3b8e4880_0 .net "rst", 0 0, L_0x3b92b970;  alias, 1 drivers
v0x3b8e4940_0 .var "sel", 0 0;
v0x3b8e4a00_0 .var "sh", 0 0;
v0x3b8e4ac0_0 .var "state", 2 0;
v0x3b8e4ba0_0 .var "state_name", 320 1;
v0x3b8e4c80_0 .net "z", 0 0, v0x3b8e5410_0;  alias, 1 drivers
E_0x3b8e4180 .event anyedge, v0x3b8e4ac0_0;
S_0x3b8e4e80 .scope module, "count0" "cnt_bin2bcd" 15 43, 10 1 0, S_0x3b8e19d0;
 .timescale 0 0;
    .port_info 0 /INPUT 1 "clk";
    .port_info 1 /INPUT 1 "ld";
    .port_info 2 /INPUT 1 "dec";
    .port_info 3 /OUTPUT 1 "z";
v0x3b8e50a0_0 .net "clk", 0 0, v0x3b8ff390_0;  alias, 1 drivers
v0x3b8e5160_0 .var "cont", 4 0;
v0x3b8e5240_0 .net "dec", 0 0, v0x3b8e4a00_0;  alias, 1 drivers
v0x3b8e5340_0 .net "ld", 0 0, v0x3b8e4700_0;  alias, 1 drivers
v0x3b8e5410_0 .var "z", 0 0;
S_0x3b8e5530 .scope module, "lsr40" "lsr4" 15 30, 16 1 0, S_0x3b8e19d0;
 .timescale 0 0;
    .port_info 0 /INPUT 1 "clk";
    .port_info 1 /INPUT 1 "rst_ld";
    .port_info 2 /INPUT 1 "shift";
    .port_info 3 /INPUT 5 "lda2";
    .port_info 4 /INPUT 16 "in_R1";
    .port_info 5 /INPUT 20 "in_R2";
    .port_info 6 /OUTPUT 20 "out_R";
v0x3b8e5750_0 .net "clk", 0 0, v0x3b8ff390_0;  alias, 1 drivers
v0x3b8e5810_0 .var "data", 35 0;
v0x3b8e58f0_0 .net "in_R1", 15 0, v0x3b8ea350_0;  alias, 1 drivers
v0x3b8e59b0_0 .net "in_R2", 19 0, L_0x3b92b7e0;  alias, 1 drivers
v0x3b8e5a90_0 .net "lda2", 4 0, v0x3b8e8a90_0;  alias, 1 drivers
v0x3b8e5bc0_0 .net "out_R", 19 0, L_0x3b92ab30;  1 drivers
v0x3b8e5ca0_0 .net "rst_ld", 0 0, v0x3b8e4700_0;  alias, 1 drivers
v0x3b8e5d90_0 .net "shift", 0 0, v0x3b8e4a00_0;  alias, 1 drivers
L_0x3b92ab30 .part v0x3b8e5810_0, 16, 20;
S_0x3b8e5fa0 .scope module, "mux0" "mux" 15 31, 11 1 0, S_0x3b8e19d0;
 .timescale 0 0;
    .port_info 0 /INPUT 4 "in1";
    .port_info 1 /INPUT 4 "in2";
    .port_info 2 /OUTPUT 4 "out";
    .port_info 3 /INPUT 1 "sel";
L_0x7345aa54a020 .functor BUFT 1, C4<0011>, C4<0>, C4<0>, C4<0>;
v0x3b8e62e0_0 .net "in1", 3 0, L_0x7345aa54a020;  1 drivers
L_0x7345aa54a068 .functor BUFT 1, C4<1011>, C4<0>, C4<0>, C4<0>;
v0x3b8e63e0_0 .net "in2", 3 0, L_0x7345aa54a068;  1 drivers
v0x3b8e64c0_0 .var "out", 3 0;
v0x3b8e6580_0 .net "sel", 0 0, v0x3b8e4940_0;  alias, 1 drivers
E_0x3b8e5710 .event anyedge, v0x3b8e4940_0, v0x3b8e63e0_0, v0x3b8e62e0_0;
S_0x3b8e66b0 .scope module, "mux1" "mux" 15 32, 11 1 0, S_0x3b8e19d0;
 .timescale 0 0;
    .port_info 0 /INPUT 4 "in1";
    .port_info 1 /INPUT 4 "in2";
    .port_info 2 /OUTPUT 4 "out";
    .port_info 3 /INPUT 1 "sel";
L_0x7345aa54a0b0 .functor BUFT 1, C4<0011>, C4<0>, C4<0>, C4<0>;
v0x3b8e6950_0 .net "in1", 3 0, L_0x7345aa54a0b0;  1 drivers
L_0x7345aa54a0f8 .functor BUFT 1, C4<1011>, C4<0>, C4<0>, C4<0>;
v0x3b8e6a50_0 .net "in2", 3 0, L_0x7345aa54a0f8;  1 drivers
v0x3b8e6b30_0 .var "out", 3 0;
v0x3b8e6c20_0 .net "sel", 0 0, v0x3b8e4940_0;  alias, 1 drivers
E_0x3b8e68d0 .event anyedge, v0x3b8e4940_0, v0x3b8e6a50_0, v0x3b8e6950_0;
S_0x3b8e6d90 .scope module, "mux2" "mux" 15 33, 11 1 0, S_0x3b8e19d0;
 .timescale 0 0;
    .port_info 0 /INPUT 4 "in1";
    .port_info 1 /INPUT 4 "in2";
    .port_info 2 /OUTPUT 4 "out";
    .port_info 3 /INPUT 1 "sel";
L_0x7345aa54a140 .functor BUFT 1, C4<0011>, C4<0>, C4<0>, C4<0>;
v0x3b8e7080_0 .net "in1", 3 0, L_0x7345aa54a140;  1 drivers
L_0x7345aa54a188 .functor BUFT 1, C4<1011>, C4<0>, C4<0>, C4<0>;
v0x3b8e7180_0 .net "in2", 3 0, L_0x7345aa54a188;  1 drivers
v0x3b8e7260_0 .var "out", 3 0;
v0x3b8e7350_0 .net "sel", 0 0, v0x3b8e4940_0;  alias, 1 drivers
E_0x3b8e7000 .event anyedge, v0x3b8e4940_0, v0x3b8e7180_0, v0x3b8e7080_0;
S_0x3b8e74a0 .scope module, "mux3" "mux" 15 34, 11 1 0, S_0x3b8e19d0;
 .timescale 0 0;
    .port_info 0 /INPUT 4 "in1";
    .port_info 1 /INPUT 4 "in2";
    .port_info 2 /OUTPUT 4 "out";
    .port_info 3 /INPUT 1 "sel";
L_0x7345aa54a1d0 .functor BUFT 1, C4<0011>, C4<0>, C4<0>, C4<0>;
v0x3b8e7790_0 .net "in1", 3 0, L_0x7345aa54a1d0;  1 drivers
L_0x7345aa54a218 .functor BUFT 1, C4<1011>, C4<0>, C4<0>, C4<0>;
v0x3b8e7890_0 .net "in2", 3 0, L_0x7345aa54a218;  1 drivers
v0x3b8e7970_0 .var "out", 3 0;
v0x3b8e7a60_0 .net "sel", 0 0, v0x3b8e4940_0;  alias, 1 drivers
E_0x3b8e7710 .event anyedge, v0x3b8e4940_0, v0x3b8e7890_0, v0x3b8e7790_0;
S_0x3b8e7c40 .scope module, "mux4" "mux" 15 35, 11 1 0, S_0x3b8e19d0;
 .timescale 0 0;
    .port_info 0 /INPUT 4 "in1";
    .port_info 1 /INPUT 4 "in2";
    .port_info 2 /OUTPUT 4 "out";
    .port_info 3 /INPUT 1 "sel";
L_0x7345aa54a260 .functor BUFT 1, C4<0011>, C4<0>, C4<0>, C4<0>;
v0x3b8e7ee0_0 .net "in1", 3 0, L_0x7345aa54a260;  1 drivers
L_0x7345aa54a2a8 .functor BUFT 1, C4<1011>, C4<0>, C4<0>, C4<0>;
v0x3b8e7fe0_0 .net "in2", 3 0, L_0x7345aa54a2a8;  1 drivers
v0x3b8e80c0_0 .var "out", 3 0;
v0x3b8e81b0_0 .net "sel", 0 0, v0x3b8e4940_0;  alias, 1 drivers
E_0x3b8e7e60 .event anyedge, v0x3b8e4940_0, v0x3b8e7fe0_0, v0x3b8e7ee0_0;
S_0x3b8e8300 .scope module, "reg0" "reg_msb" 15 41, 12 1 0, S_0x3b8e19d0;
 .timescale 0 0;
    .port_info 0 /INPUT 1 "clk";
    .port_info 1 /INPUT 1 "reset";
    .port_info 2 /INPUT 5 "in";
    .port_info 3 /OUTPUT 5 "out";
    .port_info 4 /INPUT 1 "ld";
    .port_info 5 /INPUT 1 "oe";
v0x3b8e8670_0 .net "clk", 0 0, v0x3b8ff390_0;  alias, 1 drivers
v0x3b8e8730_0 .var "cont", 4 0;
v0x3b8e8810_0 .net "in", 4 0, L_0x3b92a640;  alias, 1 drivers
v0x3b8e88d0_0 .net "ld", 0 0, v0x3b8e47c0_0;  alias, 1 drivers
v0x3b8e89a0_0 .net "oe", 0 0, v0x3b8e41e0_0;  alias, 1 drivers
v0x3b8e8a90_0 .var "out", 4 0;
v0x3b8e8b60_0 .net "reset", 0 0, v0x3b8e4700_0;  alias, 1 drivers
E_0x3b8e85f0 .event anyedge, v0x3b8e41e0_0, v0x3b8e8730_0;
S_0x3b8eaf90 .scope module, "div1" "peripheral_div" 3 76, 17 1 0, S_0x3b82c7b0;
 .timescale 0 0;
    .port_info 0 /INPUT 1 "clk";
    .port_info 1 /INPUT 1 "reset";
    .port_info 2 /INPUT 16 "d_in";
    .port_info 3 /INPUT 1 "cs";
    .port_info 4 /INPUT 4 "addr";
    .port_info 5 /INPUT 1 "rd";
    .port_info 6 /INPUT 1 "wr";
    .port_info 7 /OUTPUT 16 "d_out";
v0x3b8ef2d0_0 .var "A", 15 0;
v0x3b8ef400_0 .var "B", 15 0;
v0x3b8ef510_0 .net "C", 15 0, v0x3b8ed8f0_0;  1 drivers
v0x3b8ef600_0 .net "addr", 3 0, L_0x3b929760;  1 drivers
v0x3b8ef6e0_0 .net "clk", 0 0, v0x3b8ff390_0;  alias, 1 drivers
v0x3b8ef7d0_0 .net "cs", 0 0, L_0x3b9295a0;  1 drivers
v0x3b8ef890_0 .net "d_in", 15 0, L_0x3b929500;  1 drivers
v0x3b8ef970_0 .var "d_out", 15 0;
v0x3b8efa50_0 .net "done", 0 0, v0x3b8ebe10_0;  1 drivers
v0x3b8efb80_0 .var "init", 0 0;
v0x3b8efc70_0 .net "rd", 0 0, L_0x3b9283b0;  alias, 1 drivers
v0x3b8efd60_0 .net "reset", 0 0, L_0x3b9293f0;  1 drivers
o0x7345aa598f18 .functor BUFZ 1, C4<z>; HiZ drive
v0x3b8efe20_0 .net "rst", 0 0, o0x7345aa598f18;  0 drivers
v0x3b8eff10_0 .var "s", 5 0;
v0x3b8efff0_0 .net "wr", 0 0, L_0x3b928310;  alias, 1 drivers
E_0x3b8e1bd0 .event anyedge, v0x3b8ef600_0, v0x3b8ef7d0_0, v0x3b8e1490_0, v0x3b8e10b0_0;
S_0x3b8eb320 .scope module, "d_16" "div_16" 17 64, 18 1 0, S_0x3b8eaf90;
 .timescale 0 0;
    .port_info 0 /INPUT 1 "clk";
    .port_info 1 /INPUT 1 "rst";
    .port_info 2 /INPUT 1 "init_in";
    .port_info 3 /INPUT 16 "A";
    .port_info 4 /INPUT 16 "B";
    .port_info 5 /OUTPUT 16 "Result";
    .port_info 6 /OUTPUT 1 "done";
v0x3b8ee420_0 .net "A", 15 0, v0x3b8ef2d0_0;  1 drivers
v0x3b8ee500_0 .net "B", 15 0, v0x3b8ef400_0;  1 drivers
v0x3b8ee5d0_0 .net "DEC", 0 0, v0x3b8ebd30_0;  1 drivers
v0x3b8ee6f0_0 .net "DV0", 0 0, v0x3b8ebed0_0;  1 drivers
v0x3b8ee7e0_0 .net "INIT", 0 0, v0x3b8ebf70_0;  1 drivers
v0x3b8ee960_0 .net "LDA", 0 0, v0x3b8ec030_0;  1 drivers
v0x3b8eea00_0 .net "MSB", 0 0, v0x3b8ee010_0;  1 drivers
v0x3b8eeaf0_0 .net "Reg_A", 15 0, v0x3b8ed2d0_0;  1 drivers
v0x3b8eebe0_0 .net "Result", 15 0, v0x3b8ed8f0_0;  alias, 1 drivers
v0x3b8eed10_0 .net "Result_Sub", 15 0, v0x3b8ee100_0;  1 drivers
v0x3b8eedb0_0 .net "SH", 0 0, v0x3b8ec200_0;  1 drivers
v0x3b8eeea0_0 .net "clk", 0 0, v0x3b8ff390_0;  alias, 1 drivers
v0x3b8eef40_0 .net "done", 0 0, v0x3b8ebe10_0;  alias, 1 drivers
v0x3b8eefe0_0 .net "init_in", 0 0, v0x3b8efb80_0;  1 drivers
v0x3b8ef080_0 .net "rst", 0 0, o0x7345aa598f18;  alias, 0 drivers
v0x3b8ef120_0 .net "z", 0 0, v0x3b8ece40_0;  1 drivers
S_0x3b8eb560 .scope module, "ctl_dv" "control_div" 18 24, 19 1 0, S_0x3b8eb320;
 .timescale 0 0;
    .port_info 0 /INPUT 1 "clk";
    .port_info 1 /INPUT 1 "rst";
    .port_info 2 /INPUT 1 "init_in";
    .port_info 3 /INPUT 1 "MSB";
    .port_info 4 /INPUT 1 "z";
    .port_info 5 /OUTPUT 1 "INIT";
    .port_info 6 /OUTPUT 1 "SH";
    .port_info 7 /OUTPUT 1 "DEC";
    .port_info 8 /OUTPUT 1 "LDA";
    .port_info 9 /OUTPUT 1 "DONE";
    .port_info 10 /OUTPUT 1 "DV0";
P_0x3b8eb760 .param/l "ADD" 0 19 20, C4<011>;
P_0x3b8eb7a0 .param/l "CHECK" 0 19 19, C4<010>;
P_0x3b8eb7e0 .param/l "END1" 0 19 21, C4<100>;
P_0x3b8eb820 .param/l "SHIFT_DEC" 0 19 18, C4<001>;
P_0x3b8eb860 .param/l "START" 0 19 17, C4<000>;
v0x3b8ebd30_0 .var "DEC", 0 0;
v0x3b8ebe10_0 .var "DONE", 0 0;
v0x3b8ebed0_0 .var "DV0", 0 0;
v0x3b8ebf70_0 .var "INIT", 0 0;
v0x3b8ec030_0 .var "LDA", 0 0;
v0x3b8ec140_0 .net "MSB", 0 0, v0x3b8ee010_0;  alias, 1 drivers
v0x3b8ec200_0 .var "SH", 0 0;
v0x3b8ec2c0_0 .net "clk", 0 0, v0x3b8ff390_0;  alias, 1 drivers
v0x3b8ec360_0 .net "init_in", 0 0, v0x3b8efb80_0;  alias, 1 drivers
v0x3b8ec4b0_0 .net "rst", 0 0, o0x7345aa598f18;  alias, 0 drivers
v0x3b8ec570_0 .var "state", 2 0;
v0x3b8ec650_0 .var "state_name", 320 1;
v0x3b8ec730_0 .net "z", 0 0, v0x3b8ece40_0;  alias, 1 drivers
E_0x3b8ebc70 .event anyedge, v0x3b8ec570_0;
E_0x3b8ebcd0 .event anyedge, v0x3b8ec570_0, v0x3b8ebed0_0;
S_0x3b8ec950 .scope module, "ctr_dv" "counter_div" 18 23, 20 1 0, S_0x3b8eb320;
 .timescale 0 0;
    .port_info 0 /INPUT 1 "clk";
    .port_info 1 /INPUT 1 "rst";
    .port_info 2 /INPUT 1 "DEC";
    .port_info 3 /OUTPUT 1 "z";
v0x3b8ecb90_0 .net "DEC", 0 0, v0x3b8ebd30_0;  alias, 1 drivers
v0x3b8ecc30_0 .net "clk", 0 0, v0x3b8ff390_0;  alias, 1 drivers
v0x3b8eccd0_0 .var "cont", 4 0;
v0x3b8ecd70_0 .net "rst", 0 0, v0x3b8ebf70_0;  alias, 1 drivers
v0x3b8ece40_0 .var "z", 0 0;
S_0x3b8ecfa0 .scope module, "lsr_d" "lsr_div" 18 21, 21 1 0, S_0x3b8eb320;
 .timescale 0 0;
    .port_info 0 /INPUT 1 "clk";
    .port_info 1 /INPUT 1 "rst";
    .port_info 2 /INPUT 16 "DV_in";
    .port_info 3 /INPUT 16 "IN_A";
    .port_info 4 /INPUT 1 "INIT";
    .port_info 5 /INPUT 1 "SH";
    .port_info 6 /INPUT 1 "LDA";
    .port_info 7 /OUTPUT 16 "A";
    .port_info 8 /INPUT 1 "DV0";
    .port_info 9 /OUTPUT 16 "OUT_R";
v0x3b8ed2d0_0 .var "A", 15 0;
v0x3b8ed3b0_0 .var "DV", 15 0;
v0x3b8ed490_0 .net "DV0", 0 0, v0x3b8ebed0_0;  alias, 1 drivers
v0x3b8ed590_0 .net "DV_in", 15 0, v0x3b8ef2d0_0;  alias, 1 drivers
v0x3b8ed630_0 .net "INIT", 0 0, v0x3b8ebf70_0;  alias, 1 drivers
v0x3b8ed770_0 .net "IN_A", 15 0, v0x3b8ee100_0;  alias, 1 drivers
v0x3b8ed850_0 .net "LDA", 0 0, v0x3b8ec030_0;  alias, 1 drivers
v0x3b8ed8f0_0 .var "OUT_R", 15 0;
v0x3b8ed9b0_0 .net "SH", 0 0, v0x3b8ec200_0;  alias, 1 drivers
v0x3b8edae0_0 .net "clk", 0 0, v0x3b8ff390_0;  alias, 1 drivers
v0x3b8edb80_0 .net "rst", 0 0, v0x3b8ebf70_0;  alias, 1 drivers
S_0x3b8edd40 .scope module, "sb" "subtractor" 18 22, 22 1 0, S_0x3b8eb320;
 .timescale 0 0;
    .port_info 0 /INPUT 16 "in_A";
    .port_info 1 /INPUT 16 "in_B";
    .port_info 2 /OUTPUT 1 "MSB";
    .port_info 3 /OUTPUT 16 "Result";
v0x3b8ee010_0 .var "MSB", 0 0;
v0x3b8ee100_0 .var "Result", 15 0;
v0x3b8ee1d0_0 .net "in_A", 15 0, v0x3b8ed2d0_0;  alias, 1 drivers
v0x3b8ee2d0_0 .net "in_B", 15 0, v0x3b8ef400_0;  alias, 1 drivers
E_0x3b8edf90 .event anyedge, v0x3b8ed2d0_0, v0x3b8ee2d0_0, v0x3b8ed770_0;
S_0x3b8f0230 .scope module, "mult1" "peripheral_mult" 3 65, 23 1 0, S_0x3b82c7b0;
 .timescale 0 0;
    .port_info 0 /INPUT 1 "clk";
    .port_info 1 /INPUT 1 "reset";
    .port_info 2 /INPUT 16 "d_in";
    .port_info 3 /INPUT 1 "cs";
    .port_info 4 /INPUT 5 "addr";
    .port_info 5 /INPUT 1 "rd";
    .port_info 6 /INPUT 1 "wr";
    .port_info 7 /OUTPUT 32 "d_out";
v0x3b8f3d00_0 .var "A", 15 0;
v0x3b8f3e30_0 .var "B", 15 0;
v0x3b8f3f40_0 .net "addr", 4 0, L_0x3b929350;  1 drivers
v0x3b8f4000_0 .net "clk", 0 0, v0x3b8ff390_0;  alias, 1 drivers
v0x3b8f40a0_0 .net "cs", 0 0, L_0x3b9291c0;  1 drivers
v0x3b8f41b0_0 .net "d_in", 15 0, L_0x3b929120;  1 drivers
v0x3b8f4290_0 .var "d_out", 31 0;
v0x3b8f4370_0 .net "done", 0 0, v0x3b8f1ae0_0;  1 drivers
v0x3b8f4460_0 .var "init", 0 0;
v0x3b8f4590_0 .net "rd", 0 0, L_0x3b9283b0;  alias, 1 drivers
v0x3b8f4630_0 .net "reset", 0 0, L_0x3b928fa0;  1 drivers
v0x3b8f4720_0 .net "result", 31 0, v0x3b8f0af0_0;  1 drivers
v0x3b8f4830_0 .var "s", 4 0;
v0x3b8f4910_0 .net "wr", 0 0, L_0x3b928310;  alias, 1 drivers
E_0x3b8eb520 .event anyedge, v0x3b8f40a0_0, v0x3b8f3f40_0;
S_0x3b8f0450 .scope module, "mult1" "mult_32" 23 68, 24 1 0, S_0x3b8f0230;
 .timescale 0 0;
    .port_info 0 /INPUT 1 "clk";
    .port_info 1 /INPUT 1 "rst";
    .port_info 2 /INPUT 1 "init";
    .port_info 3 /INPUT 16 "A";
    .port_info 4 /INPUT 16 "B";
    .port_info 5 /OUTPUT 32 "pp";
    .port_info 6 /OUTPUT 1 "done";
v0x3b8f31a0_0 .net "A", 15 0, v0x3b8f3d00_0;  1 drivers
v0x3b8f3280_0 .net "B", 15 0, v0x3b8f3e30_0;  1 drivers
v0x3b8f3320_0 .net "clk", 0 0, v0x3b8ff390_0;  alias, 1 drivers
v0x3b8f33c0_0 .net "done", 0 0, v0x3b8f1ae0_0;  alias, 1 drivers
v0x3b8f3460_0 .net "init", 0 0, v0x3b8f4460_0;  1 drivers
v0x3b8f3550_0 .net "pp", 31 0, v0x3b8f0af0_0;  alias, 1 drivers
v0x3b8f35f0_0 .net "rst", 0 0, L_0x3b928fa0;  alias, 1 drivers
v0x3b8f36c0_0 .net "w_A", 31 0, v0x3b8f2830_0;  1 drivers
v0x3b8f37b0_0 .net "w_B", 15 0, v0x3b8f2f40_0;  1 drivers
v0x3b8f38e0_0 .net "w_add", 0 0, v0x3b8f18e0_0;  1 drivers
v0x3b8f39d0_0 .net "w_reset", 0 0, v0x3b8f1d70_0;  1 drivers
v0x3b8f3b00_0 .net "w_sh", 0 0, v0x3b8f1eb0_0;  1 drivers
v0x3b8f3ba0_0 .net "w_z", 0 0, L_0x3b928e90;  1 drivers
L_0x3b928f00 .part v0x3b8f2f40_0, 0, 1;
S_0x3b8f0690 .scope module, "acc0" "acc" 24 23, 25 1 0, S_0x3b8f0450;
 .timescale 0 0;
    .port_info 0 /INPUT 1 "clk";
    .port_info 1 /INPUT 32 "A";
    .port_info 2 /INPUT 1 "add";
    .port_info 3 /INPUT 1 "rst";
    .port_info 4 /OUTPUT 32 "pp";
v0x3b8f0890_0 .net "A", 31 0, v0x3b8f2830_0;  alias, 1 drivers
v0x3b8f0990_0 .net "add", 0 0, v0x3b8f18e0_0;  alias, 1 drivers
v0x3b8f0a50_0 .net "clk", 0 0, v0x3b8ff390_0;  alias, 1 drivers
v0x3b8f0af0_0 .var "pp", 31 0;
v0x3b8f0bb0_0 .net "rst", 0 0, v0x3b8f1d70_0;  alias, 1 drivers
S_0x3b8f0d60 .scope module, "comp0" "comp" 24 22, 26 1 0, S_0x3b8f0450;
 .timescale 0 0;
    .port_info 0 /INPUT 16 "B";
    .port_info 1 /OUTPUT 1 "z";
L_0x3b928e90 .functor BUFZ 1, v0x3b8f1130_0, C4<0>, C4<0>, C4<0>;
v0x3b8f1030_0 .net "B", 15 0, v0x3b8f2f40_0;  alias, 1 drivers
v0x3b8f1130_0 .var "tmp", 0 0;
v0x3b8f11f0_0 .net "z", 0 0, L_0x3b928e90;  alias, 1 drivers
E_0x3b8f0fb0 .event anyedge, v0x3b8f1030_0;
S_0x3b8f12f0 .scope module, "control0" "control_mult" 24 24, 27 1 0, S_0x3b8f0450;
 .timescale 0 0;
    .port_info 0 /INPUT 1 "clk";
    .port_info 1 /INPUT 1 "rst";
    .port_info 2 /INPUT 1 "lsb_B";
    .port_info 3 /INPUT 1 "init";
    .port_info 4 /INPUT 1 "z";
    .port_info 5 /OUTPUT 1 "done";
    .port_info 6 /OUTPUT 1 "sh";
    .port_info 7 /OUTPUT 1 "reset";
    .port_info 8 /OUTPUT 1 "add";
P_0x3b8f14d0 .param/l "ADD" 0 27 19, C4<011>;
P_0x3b8f1510 .param/l "CHECK" 0 27 17, C4<001>;
P_0x3b8f1550 .param/l "END" 0 27 20, C4<100>;
P_0x3b8f1590 .param/l "SHIFT" 0 27 18, C4<010>;
P_0x3b8f15d0 .param/l "START" 0 27 16, C4<000>;
v0x3b8f18e0_0 .var "add", 0 0;
v0x3b8f19a0_0 .net "clk", 0 0, v0x3b8ff390_0;  alias, 1 drivers
v0x3b8f1a40_0 .var "count", 3 0;
v0x3b8f1ae0_0 .var "done", 0 0;
v0x3b8f1ba0_0 .net "init", 0 0, v0x3b8f4460_0;  alias, 1 drivers
v0x3b8f1cb0_0 .net "lsb_B", 0 0, L_0x3b928f00;  1 drivers
v0x3b8f1d70_0 .var "reset", 0 0;
v0x3b8f1e10_0 .net "rst", 0 0, L_0x3b928fa0;  alias, 1 drivers
v0x3b8f1eb0_0 .var "sh", 0 0;
v0x3b8f2000_0 .var "state", 2 0;
v0x3b8f20e0_0 .var "state_name", 320 1;
v0x3b8f21c0_0 .net "z", 0 0, L_0x3b928e90;  alias, 1 drivers
E_0x3b8f1880 .event anyedge, v0x3b8f2000_0;
S_0x3b8f2360 .scope module, "lsr0" "lsr_mult" 24 21, 28 1 0, S_0x3b8f0450;
 .timescale 0 0;
    .port_info 0 /INPUT 1 "clk";
    .port_info 1 /INPUT 16 "in_A";
    .port_info 2 /INPUT 1 "shift";
    .port_info 3 /INPUT 1 "load";
    .port_info 4 /OUTPUT 32 "s_A";
v0x3b8f25a0_0 .net "clk", 0 0, v0x3b8ff390_0;  alias, 1 drivers
v0x3b8f2660_0 .net "in_A", 15 0, v0x3b8f3d00_0;  alias, 1 drivers
v0x3b8f2740_0 .net "load", 0 0, v0x3b8f1d70_0;  alias, 1 drivers
v0x3b8f2830_0 .var "s_A", 31 0;
v0x3b8f28d0_0 .net "shift", 0 0, v0x3b8f1eb0_0;  alias, 1 drivers
S_0x3b8f2a20 .scope module, "rsr0" "rsr" 24 20, 29 1 0, S_0x3b8f0450;
 .timescale 0 0;
    .port_info 0 /INPUT 1 "clk";
    .port_info 1 /INPUT 16 "in_B";
    .port_info 2 /INPUT 1 "shift";
    .port_info 3 /INPUT 1 "load";
    .port_info 4 /OUTPUT 16 "s_B";
v0x3b8f2d00_0 .net "clk", 0 0, v0x3b8ff390_0;  alias, 1 drivers
v0x3b8f2dc0_0 .net "in_B", 15 0, v0x3b8f3e30_0;  alias, 1 drivers
v0x3b8f2ea0_0 .net "load", 0 0, v0x3b8f1d70_0;  alias, 1 drivers
v0x3b8f2f40_0 .var "s_B", 15 0;
v0x3b8f2fe0_0 .net "shift", 0 0, v0x3b8f1eb0_0;  alias, 1 drivers
S_0x3b8f4b00 .scope module, "per_uart" "peripheral_uart" 3 51, 30 1 0, S_0x3b82c7b0;
 .timescale 0 0;
    .port_info 0 /INPUT 1 "clk";
    .port_info 1 /INPUT 1 "rst";
    .port_info 2 /INPUT 32 "d_in";
    .port_info 3 /INPUT 1 "cs";
    .port_info 4 /INPUT 5 "addr";
    .port_info 5 /INPUT 1 "rd";
    .port_info 6 /INPUT 1 "wr";
    .port_info 7 /OUTPUT 32 "d_out";
    .port_info 8 /OUTPUT 1 "uart_tx";
    .port_info 9 /INPUT 1 "uart_rx";
    .port_info 10 /OUTPUT 1 "ledout";
P_0x3b8f4c90 .param/l "baud" 0 30 3, +C4<00000000000000001110000100000000>;
P_0x3b8f4cd0 .param/l "clk_freq" 0 30 2, +C4<00000000101101110001101100000000>;
v0x3b8f6c70_0 .net "addr", 4 0, L_0x3b928df0;  1 drivers
v0x3b8f6d70_0 .net "clk", 0 0, v0x3b8ff390_0;  alias, 1 drivers
v0x3b8f6e30_0 .net "cs", 0 0, L_0x3b928d50;  1 drivers
v0x3b8f6ed0_0 .net "d_in", 31 0, L_0x3b91c8b0;  alias, 1 drivers
v0x3b8f6f70_0 .var "d_in_uart", 7 0;
v0x3b8f7080_0 .var "d_out", 31 0;
v0x3b8f7140_0 .var "ledout", 0 0;
v0x3b8f7200_0 .net "rd", 0 0, L_0x3b9283b0;  alias, 1 drivers
v0x3b8f72a0_0 .net "rst", 0 0, L_0x3b928c60;  1 drivers
v0x3b8f73d0_0 .net "rx_avail", 0 0, v0x3b8f5be0_0;  1 drivers
v0x3b8f7470_0 .net "rx_data", 7 0, v0x3b8f5f20_0;  1 drivers
v0x3b8f7510_0 .net "rx_error", 0 0, v0x3b8f6000_0;  1 drivers
v0x3b8f75b0_0 .var "s", 1 0;
v0x3b8f7650_0 .net "tx_busy", 0 0, v0x3b8f6280_0;  1 drivers
v0x3b8f76f0_0 .var "uart_ctrl", 7 0;
v0x3b8f7790_0 .net "uart_rx", 0 0, v0x3b8ff650_0;  alias, 1 drivers
v0x3b8f7860_0 .net "uart_tx", 0 0, v0x3b8f69f0_0;  alias, 1 drivers
v0x3b8f7a40_0 .net "wr", 0 0, L_0x3b928310;  alias, 1 drivers
E_0x3b8f0650 .event anyedge, v0x3b8f6c70_0, v0x3b8f6e30_0;
L_0x3b928ad0 .part v0x3b8f76f0_0, 1, 1;
L_0x3b928b70 .part v0x3b8f76f0_0, 0, 1;
S_0x3b8f5000 .scope module, "uart0" "uart" 30 56, 31 5 0, S_0x3b8f4b00;
 .timescale 0 0;
    .port_info 0 /INPUT 1 "reset";
    .port_info 1 /INPUT 1 "clk";
    .port_info 2 /INPUT 1 "uart_rxd";
    .port_info 3 /OUTPUT 1 "uart_txd";
    .port_info 4 /OUTPUT 8 "rx_data";
    .port_info 5 /OUTPUT 1 "rx_avail";
    .port_info 6 /OUTPUT 1 "rx_error";
    .port_info 7 /INPUT 1 "rx_ack";
    .port_info 8 /INPUT 8 "tx_data";
    .port_info 9 /INPUT 1 "tx_wr";
    .port_info 10 /OUTPUT 1 "tx_busy";
P_0x3b8f5200 .param/l "baud" 0 31 7, +C4<00000000000000001110000100000000>;
P_0x3b8f5240 .param/l "divisor" 1 31 24, +C4<00000000000000000000000000001101>;
P_0x3b8f5280 .param/l "freq_hz" 0 31 6, +C4<00000000101101110001101100000000>;
v0x3b8f5530_0 .net *"_ivl_0", 31 0, L_0x3b9288f0;  1 drivers
L_0x7345aa549d98 .functor BUFT 1, C4<0000000000000000>, C4<0>, C4<0>, C4<0>;
v0x3b8f5630_0 .net *"_ivl_3", 15 0, L_0x7345aa549d98;  1 drivers
L_0x7345aa549de0 .functor BUFT 1, C4<00000000000000000000000000000000>, C4<0>, C4<0>, C4<0>;
v0x3b8f5710_0 .net/2u *"_ivl_4", 31 0, L_0x7345aa549de0;  1 drivers
v0x3b8f57d0_0 .net "clk", 0 0, v0x3b8ff390_0;  alias, 1 drivers
v0x3b8f5870_0 .net "enable16", 0 0, L_0x3b928990;  1 drivers
v0x3b8f5980_0 .var "enable16_counter", 15 0;
v0x3b8f5a60_0 .net "reset", 0 0, L_0x3b928c60;  alias, 1 drivers
v0x3b8f5b20_0 .net "rx_ack", 0 0, L_0x3b928ad0;  1 drivers
v0x3b8f5be0_0 .var "rx_avail", 0 0;
v0x3b8f5ca0_0 .var "rx_bitcount", 3 0;
v0x3b8f5d80_0 .var "rx_busy", 0 0;
v0x3b8f5e40_0 .var "rx_count16", 3 0;
v0x3b8f5f20_0 .var "rx_data", 7 0;
v0x3b8f6000_0 .var "rx_error", 0 0;
v0x3b8f60c0_0 .var "rxd_reg", 7 0;
v0x3b8f61a0_0 .var "tx_bitcount", 3 0;
v0x3b8f6280_0 .var "tx_busy", 0 0;
v0x3b8f6450_0 .var "tx_count16", 3 0;
v0x3b8f6530_0 .net "tx_data", 7 0, v0x3b8f6f70_0;  1 drivers
v0x3b8f6610_0 .net "tx_wr", 0 0, L_0x3b928b70;  1 drivers
v0x3b8f66d0_0 .var "txd_reg", 7 0;
v0x3b8f67b0_0 .net "uart_rxd", 0 0, v0x3b8ff650_0;  alias, 1 drivers
v0x3b8f6870_0 .var "uart_rxd1", 0 0;
v0x3b8f6930_0 .var "uart_rxd2", 0 0;
v0x3b8f69f0_0 .var "uart_txd", 0 0;
L_0x3b9288f0 .concat [ 16 16 0 0], v0x3b8f5980_0, L_0x7345aa549d98;
L_0x3b928990 .cmp/eq 32, L_0x3b9288f0, L_0x7345aa549de0;
S_0x3b8f7c00 .scope module, "sqrt1" "peripheral_sqrt" 3 86, 32 1 0, S_0x3b82c7b0;
 .timescale 0 0;
    .port_info 0 /INPUT 1 "clk";
    .port_info 1 /INPUT 1 "reset";
    .port_info 2 /INPUT 16 "d_in";
    .port_info 3 /INPUT 1 "cs";
    .port_info 4 /INPUT 5 "addr";
    .port_info 5 /INPUT 1 "rd";
    .port_info 6 /INPUT 1 "wr";
    .port_info 7 /OUTPUT 32 "d_out";
v0x3b8fd330_0 .var "A", 15 0;
v0x3b8fd460_0 .net "addr", 4 0, L_0x3b929de0;  1 drivers
v0x3b8fd540_0 .net "clk", 0 0, v0x3b8ff390_0;  alias, 1 drivers
v0x3b8fd5e0_0 .net "cs", 0 0, L_0x3b929f20;  1 drivers
v0x3b8fd680_0 .net "d_in", 15 0, L_0x3b929e80;  1 drivers
v0x3b8fd7b0_0 .var "d_out", 31 0;
v0x3b8fd890_0 .net "done", 0 0, v0x3b8f90a0_0;  1 drivers
v0x3b8fd980_0 .var "init", 0 0;
v0x3b8fda70_0 .net "rd", 0 0, L_0x3b9283b0;  alias, 1 drivers
v0x3b8fdb10_0 .net "reset", 0 0, L_0x3b929d40;  1 drivers
v0x3b8fdbb0_0 .net "result", 15 0, v0x3b8fb5e0_0;  1 drivers
v0x3b8fdc70_0 .var "s", 4 0;
v0x3b8fdd50_0 .net "wr", 0 0, L_0x3b928310;  alias, 1 drivers
E_0x3b8f7ea0 .event anyedge, v0x3b8fd5e0_0, v0x3b8fd460_0;
S_0x3b8f7f20 .scope module, "sqrt0" "sqrt" 32 66, 33 1 0, S_0x3b8f7c00;
 .timescale 0 0;
    .port_info 0 /INPUT 1 "clk";
    .port_info 1 /INPUT 1 "rst";
    .port_info 2 /INPUT 1 "init";
    .port_info 3 /INPUT 16 "A";
    .port_info 4 /OUTPUT 16 "result";
    .port_info 5 /OUTPUT 1 "done";
v0x3b8fc380_0 .net "A", 15 0, v0x3b8fd330_0;  1 drivers
v0x3b8fc460_0 .net *"_ivl_11", 14 0, L_0x3b929a60;  1 drivers
L_0x7345aa549fd8 .functor BUFT 1, C4<1>, C4<0>, C4<0>, C4<0>;
v0x3b8fc520_0 .net/2u *"_ivl_12", 0 0, L_0x7345aa549fd8;  1 drivers
v0x3b8fc610_0 .net "clk", 0 0, v0x3b8ff390_0;  alias, 1 drivers
v0x3b8fc6b0_0 .net "done", 0 0, v0x3b8f90a0_0;  alias, 1 drivers
v0x3b8fc750_0 .net "init", 0 0, v0x3b8fd980_0;  1 drivers
v0x3b8fc820_0 .net "result", 15 0, v0x3b8fb5e0_0;  alias, 1 drivers
v0x3b8fc910_0 .net "rst", 0 0, L_0x3b929d40;  alias, 1 drivers
v0x3b8fc9b0_0 .net "w_ld", 0 0, v0x3b8f9230_0;  1 drivers
v0x3b8fcae0_0 .net "w_ld_tmp", 0 0, v0x3b8f9340_0;  1 drivers
v0x3b8fcb80_0 .net "w_lda2", 0 0, v0x3b8f9400_0;  1 drivers
v0x3b8fcc20_0 .net "w_lda2_in", 15 0, v0x3b8f84f0_0;  1 drivers
v0x3b8fcd10_0 .net "w_lda_out", 15 0, L_0x3b929930;  1 drivers
v0x3b8fce00_0 .net "w_r0", 0 0, v0x3b8f9580_0;  1 drivers
v0x3b8fcef0_0 .net "w_sh", 0 0, v0x3b8f9790_0;  1 drivers
v0x3b8fd020_0 .net "w_tmp", 15 0, v0x3b8fbfd0_0;  1 drivers
v0x3b8fd0e0_0 .net "w_z", 0 0, v0x3b8fa230_0;  1 drivers
L_0x3b929a60 .part v0x3b8fbfd0_0, 0, 15;
L_0x3b929b30 .concat [ 1 15 0 0], L_0x7345aa549fd8, L_0x3b929a60;
L_0x3b929ca0 .part v0x3b8f84f0_0, 15, 1;
S_0x3b8f81e0 .scope module, "addsub0" "addc2" 33 24, 34 1 0, S_0x3b8f7f20;
 .timescale 0 0;
    .port_info 0 /INPUT 16 "in_A";
    .port_info 1 /INPUT 16 "in_B";
    .port_info 2 /OUTPUT 16 "Result";
v0x3b8f84f0_0 .var "Result", 15 0;
v0x3b8f85f0_0 .net "in_A", 15 0, L_0x3b929930;  alias, 1 drivers
v0x3b8f86d0_0 .net "in_B", 15 0, L_0x3b929b30;  1 drivers
E_0x3b8f8470 .event anyedge, v0x3b8f85f0_0, v0x3b8f86d0_0;
S_0x3b8f8840 .scope module, "control0" "control_sqrt" 33 26, 35 1 0, S_0x3b8f7f20;
 .timescale 0 0;
    .port_info 0 /INPUT 1 "clk";
    .port_info 1 /INPUT 1 "rst";
    .port_info 2 /INPUT 1 "init";
    .port_info 3 /INPUT 1 "msb";
    .port_info 4 /INPUT 1 "z";
    .port_info 5 /OUTPUT 1 "done";
    .port_info 6 /OUTPUT 1 "ld_tmp";
    .port_info 7 /OUTPUT 1 "r0";
    .port_info 8 /OUTPUT 1 "sh";
    .port_info 9 /OUTPUT 1 "ld";
    .port_info 10 /OUTPUT 1 "lda2";
P_0x3b85e670 .param/l "CHECK" 0 35 19, C4<001>;
P_0x3b85e6b0 .param/l "CHECK_Z" 0 35 23, C4<101>;
P_0x3b85e6f0 .param/l "END1" 0 35 24, C4<110>;
P_0x3b85e730 .param/l "LOAD_A2" 0 35 22, C4<100>;
P_0x3b85e770 .param/l "LOAD_TMP" 0 35 21, C4<011>;
P_0x3b85e7b0 .param/l "SHIFT_DEC" 0 35 20, C4<010>;
P_0x3b85e7f0 .param/l "START" 0 35 18, C4<000>;
v0x3b8f8f00_0 .net "clk", 0 0, v0x3b8ff390_0;  alias, 1 drivers
v0x3b8f8fc0_0 .var "count", 7 0;
v0x3b8f90a0_0 .var "done", 0 0;
v0x3b8f9170_0 .net "init", 0 0, v0x3b8fd980_0;  alias, 1 drivers
v0x3b8f9230_0 .var "ld", 0 0;
v0x3b8f9340_0 .var "ld_tmp", 0 0;
v0x3b8f9400_0 .var "lda2", 0 0;
v0x3b8f94c0_0 .net "msb", 0 0, L_0x3b929ca0;  1 drivers
v0x3b8f9580_0 .var "r0", 0 0;
v0x3b8f96d0_0 .net "rst", 0 0, L_0x3b929d40;  alias, 1 drivers
v0x3b8f9790_0 .var "sh", 0 0;
v0x3b8f9850_0 .var "state", 2 0;
v0x3b8f9930_0 .var "state_name", 320 1;
v0x3b8f9a10_0 .net "z", 0 0, v0x3b8fa230_0;  alias, 1 drivers
E_0x3b8f8ea0 .event anyedge, v0x3b8f9850_0;
S_0x3b8f9c90 .scope module, "count0" "count" 33 25, 36 1 0, S_0x3b8f7f20;
 .timescale 0 0;
    .port_info 0 /INPUT 1 "clk";
    .port_info 1 /INPUT 1 "ld";
    .port_info 2 /INPUT 1 "dec";
    .port_info 3 /OUTPUT 1 "z";
v0x3b8f9ee0_0 .net "clk", 0 0, v0x3b8ff390_0;  alias, 1 drivers
v0x3b8f9f80_0 .var "cont", 3 0;
v0x3b8fa060_0 .net "dec", 0 0, v0x3b8f9790_0;  alias, 1 drivers
v0x3b8fa160_0 .net "ld", 0 0, v0x3b8f9230_0;  alias, 1 drivers
v0x3b8fa230_0 .var "z", 0 0;
S_0x3b8fa350 .scope module, "lsr20" "lsr2" 33 21, 37 1 0, S_0x3b8f7f20;
 .timescale 0 0;
    .port_info 0 /INPUT 1 "clk";
    .port_info 1 /INPUT 1 "rst_ld";
    .port_info 2 /INPUT 1 "shift";
    .port_info 3 /INPUT 1 "lda2";
    .port_info 4 /INPUT 16 "in_R1";
    .port_info 5 /INPUT 16 "in_R2";
    .port_info 6 /OUTPUT 16 "out_R";
v0x3b8fa660_0 .net "clk", 0 0, v0x3b8ff390_0;  alias, 1 drivers
v0x3b8fa720_0 .var "data", 31 0;
v0x3b8fa800_0 .net "in_R1", 15 0, v0x3b8fd330_0;  alias, 1 drivers
v0x3b8fa8c0_0 .net "in_R2", 15 0, v0x3b8f84f0_0;  alias, 1 drivers
v0x3b8fa9b0_0 .net "lda2", 0 0, v0x3b8f9400_0;  alias, 1 drivers
v0x3b8faaa0_0 .net "out_R", 15 0, L_0x3b929930;  alias, 1 drivers
v0x3b8fab70_0 .net "rst_ld", 0 0, v0x3b8f9230_0;  alias, 1 drivers
v0x3b8fac60_0 .net "shift", 0 0, v0x3b8f9790_0;  alias, 1 drivers
L_0x3b929930 .part v0x3b8fa720_0, 16, 16;
S_0x3b8fae30 .scope module, "lsr_R" "lsr" 33 22, 38 1 0, S_0x3b8f7f20;
 .timescale 0 0;
    .port_info 0 /INPUT 1 "clk";
    .port_info 1 /INPUT 1 "reset";
    .port_info 2 /INPUT 1 "shift";
    .port_info 3 /INPUT 1 "load";
    .port_info 4 /INPUT 1 "load_R0";
    .port_info 5 /INPUT 1 "in_bit";
    .port_info 6 /INPUT 16 "in_A";
    .port_info 7 /OUTPUT 16 "out_r";
v0x3b8fb1c0_0 .net "clk", 0 0, v0x3b8ff390_0;  alias, 1 drivers
L_0x7345aa549eb8 .functor BUFT 1, C4<0000000000000000>, C4<0>, C4<0>, C4<0>;
v0x3b8fb280_0 .net "in_A", 15 0, L_0x7345aa549eb8;  1 drivers
v0x3b8fb360_0 .net "in_bit", 0 0, v0x3b8f9580_0;  alias, 1 drivers
L_0x7345aa549e70 .functor BUFT 1, C4<0>, C4<0>, C4<0>, C4<0>;
v0x3b8fb400_0 .net "load", 0 0, L_0x7345aa549e70;  1 drivers
v0x3b8fb4a0_0 .net "load_R0", 0 0, v0x3b8f9400_0;  alias, 1 drivers
v0x3b8fb5e0_0 .var "out_r", 15 0;
v0x3b8fb6a0_0 .net "reset", 0 0, v0x3b8f9230_0;  alias, 1 drivers
v0x3b8fb740_0 .net "shift", 0 0, v0x3b8f9790_0;  alias, 1 drivers
S_0x3b8fb930 .scope module, "lsr_TMP" "lsr" 33 23, 38 1 0, S_0x3b8f7f20;
 .timescale 0 0;
    .port_info 0 /INPUT 1 "clk";
    .port_info 1 /INPUT 1 "reset";
    .port_info 2 /INPUT 1 "shift";
    .port_info 3 /INPUT 1 "load";
    .port_info 4 /INPUT 1 "load_R0";
    .port_info 5 /INPUT 1 "in_bit";
    .port_info 6 /INPUT 16 "in_A";
    .port_info 7 /OUTPUT 16 "out_r";
v0x3b8fbc20_0 .net "clk", 0 0, v0x3b8ff390_0;  alias, 1 drivers
v0x3b8fbce0_0 .net "in_A", 15 0, v0x3b8fb5e0_0;  alias, 1 drivers
L_0x7345aa549f90 .functor BUFT 1, C4<0>, C4<0>, C4<0>, C4<0>;
v0x3b8fbda0_0 .net "in_bit", 0 0, L_0x7345aa549f90;  1 drivers
v0x3b8fbe40_0 .net "load", 0 0, v0x3b8f9340_0;  alias, 1 drivers
L_0x7345aa549f48 .functor BUFT 1, C4<0>, C4<0>, C4<0>, C4<0>;
v0x3b8fbee0_0 .net "load_R0", 0 0, L_0x7345aa549f48;  1 drivers
v0x3b8fbfd0_0 .var "out_r", 15 0;
v0x3b8fc090_0 .net "reset", 0 0, v0x3b8f9230_0;  alias, 1 drivers
L_0x7345aa549f00 .functor BUFT 1, C4<0>, C4<0>, C4<0>, C4<0>;
v0x3b8fc1c0_0 .net "shift", 0 0, L_0x7345aa549f00;  1 drivers
    .scope S_0x3b82d3a0;
T_1 ;
    %wait E_0x3b8d52f0;
    %load/vec4 v0x3b8d8110_0;
    %nor/r;
    %flag_set/vec4 8;
    %jmp/0xz  T_1.0, 8;
    %pushi/vec4 0, 0, 32;
    %ix/load 3, 0, 0;
    %flag_set/imm 4, 0;
    %ix/load 4, 0, 0; Constant delay
    %assign/vec4/a/d v0x3b8d8070, 0, 4;
    %jmp T_1.1;
T_1.0 ;
    %load/vec4 v0x3b8d8390_0;
    %flag_set/vec4 8;
    %jmp/0xz  T_1.2, 8;
    %load/vec4 v0x3b8d7fd0_0;
    %pad/u 32;
    %cmpi/ne 0, 0, 32;
    %jmp/0xz  T_1.4, 4;
    %load/vec4 v0x3b8d8430_0;
    %load/vec4 v0x3b8d7fd0_0;
    %pad/u 7;
    %ix/vec4 3;
    %ix/load 4, 0, 0; Constant delay
    %assign/vec4/a/d v0x3b8d8070, 0, 4;
T_1.4 ;
T_1.2 ;
T_1.1 ;
    %jmp T_1;
    .thread T_1;
    .scope S_0x3b82d3a0;
T_2 ;
    %wait E_0x3b8d52f0;
    %load/vec4 v0x3b8d8110_0;
    %nor/r;
    %flag_set/vec4 8;
    %jmp/0xz  T_2.0, 8;
    %pushi/vec4 0, 0, 5;
    %assign/vec4 v0x3b6b5750_0, 0;
    %jmp T_2.1;
T_2.0 ;
    %load/vec4 v0x3b6b5830_0;
    %flag_set/vec4 8;
    %jmp/0xz  T_2.2, 8;
    %load/vec4 v0x3b8d65c0_0;
    %flag_set/vec4 8;
    %jmp/0xz  T_2.4, 8;
    %load/vec4 v0x3b6eadf0_0;
    %assign/vec4 v0x3b6b5670_0, 0;
    %load/vec4 v0x3b6eaed0_0;
    %parti/s 5, 0, 2;
    %assign/vec4 v0x3b6b5750_0, 0;
T_2.4 ;
T_2.2 ;
T_2.1 ;
    %load/vec4 v0x3b6b5750_0;
    %or/r;
    %flag_set/vec4 8;
    %jmp/0xz  T_2.6, 8;
    %load/vec4 v0x3b6b5750_0;
    %subi 1, 0, 5;
    %assign/vec4 v0x3b6b5750_0, 0;
    %load/vec4 v0x3b8d6520_0;
    %parti/s 1, 1, 2;
    %flag_set/vec4 8;
    %jmp/0 T_2.8, 8;
    %load/vec4 v0x3b6b5670_0;
    %ix/load 4, 1, 0;
    %flag_set/imm 4, 0;
    %shiftl 4;
    %jmp/1 T_2.9, 8;
T_2.8 ; End of true expr.
    %load/vec4 v0x3b8d6660_0;
    %parti/s 1, 28, 6;
    %load/vec4 v0x3b6b5670_0;
    %parti/s 1, 31, 6;
    %and;
    %load/vec4 v0x3b6b5670_0;
    %parti/s 31, 1, 2;
    %concat/vec4; draw_concat_vec4
    %jmp/0 T_2.9, 8;
 ; End of false expr.
    %blend;
T_2.9;
    %assign/vec4 v0x3b6b5670_0, 0;
T_2.6 ;
    %jmp T_2;
    .thread T_2;
    .scope S_0x3b82d3a0;
T_3 ;
    %wait E_0x3b8d52f0;
    %load/vec4 v0x3b8d8110_0;
    %nor/r;
    %flag_set/vec4 8;
    %jmp/0xz  T_3.0, 8;
    %pushi/vec4 8, 0, 4;
    %assign/vec4 v0x3b8d82f0_0, 0;
    %pushi/vec4 0, 0, 24;
    %assign/vec4 v0x3b820d00_0, 0;
    %pushi/vec4 0, 0, 32;
    %assign/vec4 v0x3b8d81b0_0, 0;
    %pushi/vec4 0, 0, 32;
    %assign/vec4 v0x3b8d8250_0, 0;
    %jmp T_3.1;
T_3.0 ;
    %pushi/vec4 1, 0, 1;
    %dup/vec4;
    %load/vec4 v0x3b8d82f0_0;
    %parti/s 1, 1, 2;
    %cmp/u;
    %jmp/1 T_3.2, 6;
    %dup/vec4;
    %load/vec4 v0x3b8d82f0_0;
    %parti/s 1, 2, 3;
    %cmp/u;
    %jmp/1 T_3.3, 6;
    %dup/vec4;
    %load/vec4 v0x3b8d82f0_0;
    %parti/s 1, 3, 3;
    %cmp/u;
    %jmp/1 T_3.4, 6;
    %pushi/vec4 2, 0, 4;
    %assign/vec4 v0x3b8d82f0_0, 0;
    %jmp T_3.6;
T_3.2 ;
    %load/vec4 v0x3b8d7ad0_0;
    %nor/r;
    %flag_set/vec4 8;
    %jmp/0xz  T_3.7, 8;
    %load/vec4 v0x3b8d7b70_0;
    %parti/s 5, 15, 5;
    %pad/u 7;
    %ix/vec4 4;
    %load/vec4a v0x3b8d8070, 4;
    %assign/vec4 v0x3b8d81b0_0, 0;
    %load/vec4 v0x3b8d7b70_0;
    %parti/s 5, 20, 6;
    %pad/u 7;
    %ix/vec4 4;
    %load/vec4a v0x3b8d8070, 4;
    %assign/vec4 v0x3b8d8250_0, 0;
    %load/vec4 v0x3b8d7b70_0;
    %parti/s 30, 2, 3;
    %assign/vec4 v0x3b8d6660_0, 0;
    %pushi/vec4 4, 0, 4;
    %assign/vec4 v0x3b8d82f0_0, 0;
T_3.7 ;
    %jmp T_3.6;
T_3.3 ;
    %load/vec4 v0x3b8d5e90_0;
    %flag_set/vec4 8;
    %jmp/0 T_3.9, 8;
    %load/vec4 v0x3b6b5590_0;
    %parti/s 23, 1, 2;
    %concati/vec4 0, 0, 1;
    %jmp/1 T_3.10, 8;
T_3.9 ; End of true expr.
    %load/vec4 v0x3b8d6250_0;
    %flag_set/vec4 9;
    %jmp/0 T_3.11, 9;
    %load/vec4 v0x3b819e40_0;
    %jmp/1 T_3.12, 9;
T_3.11 ; End of true expr.
    %load/vec4 v0x3b819d60_0;
    %jmp/0 T_3.12, 9;
 ; End of false expr.
    %blend;
T_3.12;
    %jmp/0 T_3.10, 8;
 ; End of false expr.
    %blend;
T_3.10;
    %assign/vec4 v0x3b820d00_0, 0;
    %load/vec4 v0x3b8d7e90_0;
    %flag_set/vec4 8;
    %jmp/0 T_3.13, 8;
    %pushi/vec4 8, 0, 35;
    %jmp/1 T_3.14, 8;
T_3.13 ; End of true expr.
    %pushi/vec4 1, 0, 35;
    %jmp/0 T_3.14, 8;
 ; End of false expr.
    %blend;
T_3.14;
    %pad/s 4;
    %assign/vec4 v0x3b8d82f0_0, 0;
    %jmp T_3.6;
T_3.4 ;
    %load/vec4 v0x3b6ead30_0;
    %nor/r;
    %load/vec4 v0x3b8d7ad0_0;
    %nor/r;
    %and;
    %load/vec4 v0x3b8d7cb0_0;
    %nor/r;
    %and;
    %flag_set/vec4 8;
    %jmp/0xz  T_3.15, 8;
    %pushi/vec4 1, 0, 4;
    %assign/vec4 v0x3b8d82f0_0, 0;
T_3.15 ;
    %jmp T_3.6;
T_3.6 ;
    %pop/vec4 1;
T_3.1 ;
    %jmp T_3;
    .thread T_3;
    .scope S_0x3b82d3a0;
T_4 ;
    %wait E_0x3b8d52f0;
    %load/vec4 v0x3b8d8110_0;
    %nor/r;
    %flag_set/vec4 8;
    %jmp/0xz  T_4.0, 8;
    %pushi/vec4 0, 0, 32;
    %assign/vec4 v0x3b6b59b0_0, 0;
    %jmp T_4.1;
T_4.0 ;
    %load/vec4 v0x3b6b59b0_0;
    %addi 1, 0, 32;
    %assign/vec4 v0x3b6b59b0_0, 0;
T_4.1 ;
    %jmp T_4;
    .thread T_4;
    .scope S_0x3b81a840;
T_5 ;
    %vpi_call 5 15 "$readmemh", "./firmware.hex", v0x3b8d84d0 {0 0 0};
    %end;
    .thread T_5;
    .scope S_0x3b81a840;
T_6 ;
    %wait E_0x3b8d52f0;
    %load/vec4 v0x3b8d8750_0;
    %flag_set/vec4 8;
    %jmp/0xz  T_6.0, 8;
    %ix/getv 4, v0x3b8d8930_0;
    %load/vec4a v0x3b8d84d0, 4;
    %assign/vec4 v0x3b8d86b0_0, 0;
T_6.0 ;
    %load/vec4 v0x3b8d8890_0;
    %parti/s 1, 0, 2;
    %flag_set/vec4 8;
    %jmp/0xz  T_6.2, 8;
    %load/vec4 v0x3b8d87f0_0;
    %parti/s 8, 0, 2;
    %ix/getv 3, v0x3b8d8930_0;
    %ix/load 4, 0, 0; Constant delay
    %assign/vec4/a/d v0x3b8d84d0, 0, 4;
T_6.2 ;
    %load/vec4 v0x3b8d8890_0;
    %parti/s 1, 1, 2;
    %flag_set/vec4 8;
    %jmp/0xz  T_6.4, 8;
    %load/vec4 v0x3b8d87f0_0;
    %parti/s 8, 8, 5;
    %ix/getv 3, v0x3b8d8930_0;
    %ix/load 4, 8, 0; part off
    %ix/load 5, 0, 0; Constant delay
    %assign/vec4/a/d v0x3b8d84d0, 4, 5;
T_6.4 ;
    %load/vec4 v0x3b8d8890_0;
    %parti/s 1, 2, 3;
    %flag_set/vec4 8;
    %jmp/0xz  T_6.6, 8;
    %load/vec4 v0x3b8d87f0_0;
    %parti/s 8, 16, 6;
    %ix/getv 3, v0x3b8d8930_0;
    %ix/load 4, 16, 0; part off
    %ix/load 5, 0, 0; Constant delay
    %assign/vec4/a/d v0x3b8d84d0, 4, 5;
T_6.6 ;
    %load/vec4 v0x3b8d8890_0;
    %parti/s 1, 3, 3;
    %flag_set/vec4 8;
    %jmp/0xz  T_6.8, 8;
    %load/vec4 v0x3b8d87f0_0;
    %parti/s 8, 24, 6;
    %ix/getv 3, v0x3b8d8930_0;
    %ix/load 4, 24, 0; part off
    %ix/load 5, 0, 0; Constant delay
    %assign/vec4/a/d v0x3b8d84d0, 4, 5;
T_6.8 ;
    %jmp T_6;
    .thread T_6;
    .scope S_0x3b8f5000;
T_7 ;
    %wait E_0x3b8d52f0;
    %load/vec4 v0x3b8f5a60_0;
    %flag_set/vec4 8;
    %jmp/0xz  T_7.0, 8;
    %pushi/vec4 12, 0, 16;
    %assign/vec4 v0x3b8f5980_0, 0;
    %jmp T_7.1;
T_7.0 ;
    %load/vec4 v0x3b8f5980_0;
    %subi 1, 0, 16;
    %assign/vec4 v0x3b8f5980_0, 0;
    %load/vec4 v0x3b8f5980_0;
    %pad/u 32;
    %cmpi/e 0, 0, 32;
    %jmp/0xz  T_7.2, 4;
    %pushi/vec4 12, 0, 16;
    %assign/vec4 v0x3b8f5980_0, 0;
T_7.2 ;
T_7.1 ;
    %jmp T_7;
    .thread T_7;
    .scope S_0x3b8f5000;
T_8 ;
    %wait E_0x3b8d52f0;
    %load/vec4 v0x3b8f67b0_0;
    %assign/vec4 v0x3b8f6870_0, 0;
    %load/vec4 v0x3b8f6870_0;
    %assign/vec4 v0x3b8f6930_0, 0;
    %jmp T_8;
    .thread T_8;
    .scope S_0x3b8f5000;
T_9 ;
    %wait E_0x3b8d52f0;
    %load/vec4 v0x3b8f5a60_0;
    %flag_set/vec4 8;
    %jmp/0xz  T_9.0, 8;
    %pushi/vec4 0, 0, 1;
    %assign/vec4 v0x3b8f5d80_0, 0;
    %pushi/vec4 0, 0, 4;
    %assign/vec4 v0x3b8f5e40_0, 0;
    %pushi/vec4 0, 0, 4;
    %assign/vec4 v0x3b8f5ca0_0, 0;
    %pushi/vec4 0, 0, 1;
    %assign/vec4 v0x3b8f5be0_0, 0;
    %pushi/vec4 0, 0, 1;
    %assign/vec4 v0x3b8f6000_0, 0;
    %jmp T_9.1;
T_9.0 ;
    %load/vec4 v0x3b8f5b20_0;
    %flag_set/vec4 8;
    %jmp/0xz  T_9.2, 8;
    %pushi/vec4 0, 0, 1;
    %assign/vec4 v0x3b8f5be0_0, 0;
    %pushi/vec4 0, 0, 1;
    %assign/vec4 v0x3b8f6000_0, 0;
T_9.2 ;
    %load/vec4 v0x3b8f5870_0;
    %flag_set/vec4 8;
    %jmp/0xz  T_9.4, 8;
    %load/vec4 v0x3b8f5d80_0;
    %nor/r;
    %flag_set/vec4 8;
    %jmp/0xz  T_9.6, 8;
    %load/vec4 v0x3b8f6930_0;
    %nor/r;
    %flag_set/vec4 8;
    %jmp/0xz  T_9.8, 8;
    %pushi/vec4 1, 0, 1;
    %assign/vec4 v0x3b8f5d80_0, 0;
    %pushi/vec4 7, 0, 4;
    %assign/vec4 v0x3b8f5e40_0, 0;
    %pushi/vec4 0, 0, 4;
    %assign/vec4 v0x3b8f5ca0_0, 0;
T_9.8 ;
    %jmp T_9.7;
T_9.6 ;
    %load/vec4 v0x3b8f5e40_0;
    %addi 1, 0, 4;
    %assign/vec4 v0x3b8f5e40_0, 0;
    %load/vec4 v0x3b8f5e40_0;
    %pad/u 32;
    %cmpi/e 0, 0, 32;
    %jmp/0xz  T_9.10, 4;
    %load/vec4 v0x3b8f5ca0_0;
    %addi 1, 0, 4;
    %assign/vec4 v0x3b8f5ca0_0, 0;
    %load/vec4 v0x3b8f5ca0_0;
    %pad/u 32;
    %cmpi/e 0, 0, 32;
    %jmp/0xz  T_9.12, 4;
    %load/vec4 v0x3b8f6930_0;
    %flag_set/vec4 8;
    %jmp/0xz  T_9.14, 8;
    %pushi/vec4 0, 0, 1;
    %assign/vec4 v0x3b8f5d80_0, 0;
T_9.14 ;
    %jmp T_9.13;
T_9.12 ;
    %load/vec4 v0x3b8f5ca0_0;
    %pad/u 32;
    %cmpi/e 9, 0, 32;
    %jmp/0xz  T_9.16, 4;
    %pushi/vec4 0, 0, 1;
    %assign/vec4 v0x3b8f5d80_0, 0;
    %load/vec4 v0x3b8f6930_0;
    %flag_set/vec4 8;
    %jmp/0xz  T_9.18, 8;
    %load/vec4 v0x3b8f60c0_0;
    %assign/vec4 v0x3b8f5f20_0, 0;
    %pushi/vec4 1, 0, 1;
    %assign/vec4 v0x3b8f5be0_0, 0;
    %pushi/vec4 0, 0, 1;
    %assign/vec4 v0x3b8f6000_0, 0;
    %jmp T_9.19;
T_9.18 ;
    %pushi/vec4 1, 0, 1;
    %assign/vec4 v0x3b8f6000_0, 0;
T_9.19 ;
    %jmp T_9.17;
T_9.16 ;
    %load/vec4 v0x3b8f6930_0;
    %load/vec4 v0x3b8f60c0_0;
    %parti/s 7, 1, 2;
    %concat/vec4; draw_concat_vec4
    %assign/vec4 v0x3b8f60c0_0, 0;
T_9.17 ;
T_9.13 ;
T_9.10 ;
T_9.7 ;
T_9.4 ;
T_9.1 ;
    %jmp T_9;
    .thread T_9;
    .scope S_0x3b8f5000;
T_10 ;
    %wait E_0x3b8d52f0;
    %load/vec4 v0x3b8f5a60_0;
    %flag_set/vec4 8;
    %jmp/0xz  T_10.0, 8;
    %pushi/vec4 0, 0, 1;
    %assign/vec4 v0x3b8f6280_0, 0;
    %pushi/vec4 1, 0, 1;
    %assign/vec4 v0x3b8f69f0_0, 0;
    %pushi/vec4 0, 0, 4;
    %assign/vec4 v0x3b8f6450_0, 0;
    %jmp T_10.1;
T_10.0 ;
    %load/vec4 v0x3b8f6610_0;
    %flag_set/vec4 9;
    %flag_get/vec4 9;
    %jmp/0 T_10.4, 9;
    %load/vec4 v0x3b8f6280_0;
    %nor/r;
    %and;
T_10.4;
    %flag_set/vec4 8;
    %jmp/0xz  T_10.2, 8;
    %load/vec4 v0x3b8f6530_0;
    %assign/vec4 v0x3b8f66d0_0, 0;
    %pushi/vec4 0, 0, 4;
    %assign/vec4 v0x3b8f61a0_0, 0;
    %pushi/vec4 0, 0, 4;
    %assign/vec4 v0x3b8f6450_0, 0;
    %pushi/vec4 1, 0, 1;
    %assign/vec4 v0x3b8f6280_0, 0;
T_10.2 ;
    %load/vec4 v0x3b8f5870_0;
    %flag_set/vec4 8;
    %jmp/0xz  T_10.5, 8;
    %load/vec4 v0x3b8f6450_0;
    %addi 1, 0, 4;
    %assign/vec4 v0x3b8f6450_0, 0;
    %load/vec4 v0x3b8f6450_0;
    %pad/u 32;
    %cmpi/e 0, 0, 32;
    %flag_get/vec4 4;
    %jmp/0 T_10.9, 4;
    %load/vec4 v0x3b8f6280_0;
    %and;
T_10.9;
    %flag_set/vec4 8;
    %jmp/0xz  T_10.7, 8;
    %load/vec4 v0x3b8f61a0_0;
    %addi 1, 0, 4;
    %assign/vec4 v0x3b8f61a0_0, 0;
    %load/vec4 v0x3b8f61a0_0;
    %pad/u 32;
    %cmpi/e 0, 0, 32;
    %jmp/0xz  T_10.10, 4;
    %pushi/vec4 0, 0, 1;
    %assign/vec4 v0x3b8f69f0_0, 0;
    %jmp T_10.11;
T_10.10 ;
    %load/vec4 v0x3b8f61a0_0;
    %pad/u 32;
    %cmpi/e 9, 0, 32;
    %jmp/0xz  T_10.12, 4;
    %pushi/vec4 1, 0, 1;
    %assign/vec4 v0x3b8f69f0_0, 0;
    %jmp T_10.13;
T_10.12 ;
    %load/vec4 v0x3b8f61a0_0;
    %pad/u 32;
    %cmpi/e 10, 0, 32;
    %jmp/0xz  T_10.14, 4;
    %pushi/vec4 0, 0, 4;
    %assign/vec4 v0x3b8f61a0_0, 0;
    %pushi/vec4 0, 0, 1;
    %assign/vec4 v0x3b8f6280_0, 0;
    %jmp T_10.15;
T_10.14 ;
    %load/vec4 v0x3b8f66d0_0;
    %parti/s 1, 0, 2;
    %assign/vec4 v0x3b8f69f0_0, 0;
    %pushi/vec4 0, 0, 1;
    %load/vec4 v0x3b8f66d0_0;
    %parti/s 7, 1, 2;
    %concat/vec4; draw_concat_vec4
    %assign/vec4 v0x3b8f66d0_0, 0;
T_10.15 ;
T_10.13 ;
T_10.11 ;
T_10.7 ;
T_10.5 ;
T_10.1 ;
    %jmp T_10;
    .thread T_10;
    .scope S_0x3b8f4b00;
T_11 ;
    %pushi/vec4 0, 0, 1;
    %store/vec4 v0x3b8f7140_0, 0, 1;
    %pushi/vec4 0, 0, 8;
    %store/vec4 v0x3b8f6f70_0, 0, 8;
    %pushi/vec4 0, 0, 8;
    %store/vec4 v0x3b8f76f0_0, 0, 8;
    %end;
    .thread T_11;
    .scope S_0x3b8f4b00;
T_12 ;
    %wait E_0x3b8f0650;
    %load/vec4 v0x3b8f6c70_0;
    %dup/vec4;
    %pushi/vec4 8, 0, 5;
    %cmp/u;
    %jmp/1 T_12.0, 6;
    %dup/vec4;
    %pushi/vec4 16, 0, 5;
    %cmp/u;
    %jmp/1 T_12.1, 6;
    %pushi/vec4 0, 0, 2;
    %store/vec4 v0x3b8f75b0_0, 0, 2;
    %jmp T_12.3;
T_12.0 ;
    %load/vec4 v0x3b8f6e30_0;
    %flag_set/vec4 8;
    %jmp/0 T_12.4, 8;
    %pushi/vec4 1, 0, 2;
    %jmp/1 T_12.5, 8;
T_12.4 ; End of true expr.
    %pushi/vec4 0, 0, 2;
    %jmp/0 T_12.5, 8;
 ; End of false expr.
    %blend;
T_12.5;
    %store/vec4 v0x3b8f75b0_0, 0, 2;
    %jmp T_12.3;
T_12.1 ;
    %load/vec4 v0x3b8f6e30_0;
    %flag_set/vec4 8;
    %jmp/0 T_12.6, 8;
    %pushi/vec4 2, 0, 2;
    %jmp/1 T_12.7, 8;
T_12.6 ; End of true expr.
    %pushi/vec4 0, 0, 2;
    %jmp/0 T_12.7, 8;
 ; End of false expr.
    %blend;
T_12.7;
    %store/vec4 v0x3b8f75b0_0, 0, 2;
    %jmp T_12.3;
T_12.3 ;
    %pop/vec4 1;
    %jmp T_12;
    .thread T_12, $push;
    .scope S_0x3b8f4b00;
T_13 ;
    %wait E_0x3b8d52f0;
    %load/vec4 v0x3b8f75b0_0;
    %parti/s 1, 0, 2;
    %load/vec4 v0x3b8f7a40_0;
    %and;
    %flag_set/vec4 8;
    %jmp/0 T_13.0, 8;
    %load/vec4 v0x3b8f6ed0_0;
    %parti/s 8, 0, 2;
    %jmp/1 T_13.1, 8;
T_13.0 ; End of true expr.
    %load/vec4 v0x3b8f6f70_0;
    %jmp/0 T_13.1, 8;
 ; End of false expr.
    %blend;
T_13.1;
    %store/vec4 v0x3b8f6f70_0, 0, 8;
    %load/vec4 v0x3b8f75b0_0;
    %parti/s 1, 1, 2;
    %load/vec4 v0x3b8f7a40_0;
    %and;
    %flag_set/vec4 8;
    %jmp/0 T_13.2, 8;
    %load/vec4 v0x3b8f6ed0_0;
    %parti/s 8, 0, 2;
    %jmp/1 T_13.3, 8;
T_13.2 ; End of true expr.
    %load/vec4 v0x3b8f76f0_0;
    %jmp/0 T_13.3, 8;
 ; End of false expr.
    %blend;
T_13.3;
    %store/vec4 v0x3b8f76f0_0, 0, 8;
    %load/vec4 v0x3b8f76f0_0;
    %parti/s 1, 2, 3;
    %store/vec4 v0x3b8f7140_0, 0, 1;
    %jmp T_13;
    .thread T_13;
    .scope S_0x3b8f4b00;
T_14 ;
    %wait E_0x3b8d52f0;
    %load/vec4 v0x3b8f75b0_0;
    %dup/vec4;
    %pushi/vec4 1, 0, 2;
    %cmp/u;
    %jmp/1 T_14.0, 6;
    %dup/vec4;
    %pushi/vec4 2, 0, 2;
    %cmp/u;
    %jmp/1 T_14.1, 6;
    %pushi/vec4 0, 0, 32;
    %store/vec4 v0x3b8f7080_0, 0, 32;
    %jmp T_14.3;
T_14.0 ;
    %pushi/vec4 0, 0, 24;
    %load/vec4 v0x3b8f7470_0;
    %concat/vec4; draw_concat_vec4
    %store/vec4 v0x3b8f7080_0, 0, 32;
    %jmp T_14.3;
T_14.1 ;
    %pushi/vec4 0, 0, 22;
    %load/vec4 v0x3b8f7650_0;
    %concat/vec4; draw_concat_vec4
    %load/vec4 v0x3b8f73d0_0;
    %concat/vec4; draw_concat_vec4
    %load/vec4 v0x3b8f7510_0;
    %concat/vec4; draw_concat_vec4
    %concati/vec4 0, 0, 7;
    %store/vec4 v0x3b8f7080_0, 0, 32;
    %jmp T_14.3;
T_14.3 ;
    %pop/vec4 1;
    %jmp T_14;
    .thread T_14;
    .scope S_0x3b8f2a20;
T_15 ;
    %wait E_0x3b8db670;
    %load/vec4 v0x3b8f2ea0_0;
    %flag_set/vec4 8;
    %jmp/0xz  T_15.0, 8;
    %load/vec4 v0x3b8f2dc0_0;
    %store/vec4 v0x3b8f2f40_0, 0, 16;
    %jmp T_15.1;
T_15.0 ;
    %load/vec4 v0x3b8f2fe0_0;
    %flag_set/vec4 8;
    %jmp/0xz  T_15.2, 8;
    %load/vec4 v0x3b8f2f40_0;
    %ix/load 4, 1, 0;
    %flag_set/imm 4, 0;
    %shiftr 4;
    %store/vec4 v0x3b8f2f40_0, 0, 16;
    %jmp T_15.3;
T_15.2 ;
    %load/vec4 v0x3b8f2f40_0;
    %store/vec4 v0x3b8f2f40_0, 0, 16;
T_15.3 ;
T_15.1 ;
    %jmp T_15;
    .thread T_15;
    .scope S_0x3b8f2360;
T_16 ;
    %wait E_0x3b8db670;
    %load/vec4 v0x3b8f2740_0;
    %flag_set/vec4 8;
    %jmp/0xz  T_16.0, 8;
    %load/vec4 v0x3b8f2660_0;
    %pad/u 32;
    %store/vec4 v0x3b8f2830_0, 0, 32;
    %jmp T_16.1;
T_16.0 ;
    %load/vec4 v0x3b8f28d0_0;
    %flag_set/vec4 8;
    %jmp/0xz  T_16.2, 8;
    %load/vec4 v0x3b8f2830_0;
    %ix/load 4, 1, 0;
    %flag_set/imm 4, 0;
    %shiftl 4;
    %store/vec4 v0x3b8f2830_0, 0, 32;
    %jmp T_16.3;
T_16.2 ;
    %load/vec4 v0x3b8f2830_0;
    %store/vec4 v0x3b8f2830_0, 0, 32;
T_16.3 ;
T_16.1 ;
    %jmp T_16;
    .thread T_16;
    .scope S_0x3b8f0d60;
T_17 ;
    %pushi/vec4 0, 0, 1;
    %store/vec4 v0x3b8f1130_0, 0, 1;
    %end;
    .thread T_17;
    .scope S_0x3b8f0d60;
T_18 ;
    %wait E_0x3b8f0fb0;
    %load/vec4 v0x3b8f1030_0;
    %pad/u 32;
    %cmpi/e 0, 0, 32;
    %flag_mov 8, 4;
    %jmp/0 T_18.0, 8;
    %pushi/vec4 1, 0, 1;
    %jmp/1 T_18.1, 8;
T_18.0 ; End of true expr.
    %pushi/vec4 0, 0, 1;
    %jmp/0 T_18.1, 8;
 ; End of false expr.
    %blend;
T_18.1;
    %store/vec4 v0x3b8f1130_0, 0, 1;
    %jmp T_18;
    .thread T_18, $push;
    .scope S_0x3b8f0690;
T_19 ;
    %pushi/vec4 0, 0, 32;
    %store/vec4 v0x3b8f0af0_0, 0, 32;
    %end;
    .thread T_19;
    .scope S_0x3b8f0690;
T_20 ;
    %wait E_0x3b8db670;
    %load/vec4 v0x3b8f0bb0_0;
    %flag_set/vec4 8;
    %jmp/0xz  T_20.0, 8;
    %pushi/vec4 0, 0, 32;
    %store/vec4 v0x3b8f0af0_0, 0, 32;
    %jmp T_20.1;
T_20.0 ;
    %load/vec4 v0x3b8f0990_0;
    %flag_set/vec4 8;
    %jmp/0xz  T_20.2, 8;
    %load/vec4 v0x3b8f0af0_0;
    %load/vec4 v0x3b8f0890_0;
    %add;
    %store/vec4 v0x3b8f0af0_0, 0, 32;
    %jmp T_20.3;
T_20.2 ;
    %load/vec4 v0x3b8f0af0_0;
    %store/vec4 v0x3b8f0af0_0, 0, 32;
T_20.3 ;
T_20.1 ;
    %jmp T_20;
    .thread T_20;
    .scope S_0x3b8f12f0;
T_21 ;
    %pushi/vec4 0, 0, 1;
    %store/vec4 v0x3b8f1ae0_0, 0, 1;
    %pushi/vec4 0, 0, 1;
    %store/vec4 v0x3b8f1eb0_0, 0, 1;
    %pushi/vec4 0, 0, 1;
    %store/vec4 v0x3b8f1d70_0, 0, 1;
    %pushi/vec4 0, 0, 1;
    %store/vec4 v0x3b8f18e0_0, 0, 1;
    %pushi/vec4 0, 0, 3;
    %store/vec4 v0x3b8f2000_0, 0, 3;
    %end;
    .thread T_21;
    .scope S_0x3b8f12f0;
T_22 ;
    %wait E_0x3b8d52f0;
    %load/vec4 v0x3b8f1e10_0;
    %flag_set/vec4 8;
    %jmp/0xz  T_22.0, 8;
    %pushi/vec4 0, 0, 3;
    %store/vec4 v0x3b8f2000_0, 0, 3;
    %jmp T_22.1;
T_22.0 ;
    %load/vec4 v0x3b8f2000_0;
    %dup/vec4;
    %pushi/vec4 0, 0, 3;
    %cmp/u;
    %jmp/1 T_22.2, 6;
    %dup/vec4;
    %pushi/vec4 1, 0, 3;
    %cmp/u;
    %jmp/1 T_22.3, 6;
    %dup/vec4;
    %pushi/vec4 2, 0, 3;
    %cmp/u;
    %jmp/1 T_22.4, 6;
    %dup/vec4;
    %pushi/vec4 3, 0, 3;
    %cmp/u;
    %jmp/1 T_22.5, 6;
    %dup/vec4;
    %pushi/vec4 4, 0, 3;
    %cmp/u;
    %jmp/1 T_22.6, 6;
    %pushi/vec4 0, 0, 3;
    %store/vec4 v0x3b8f2000_0, 0, 3;
    %jmp T_22.8;
T_22.2 ;
    %pushi/vec4 0, 0, 1;
    %store/vec4 v0x3b8f1ae0_0, 0, 1;
    %pushi/vec4 0, 0, 1;
    %store/vec4 v0x3b8f1eb0_0, 0, 1;
    %pushi/vec4 1, 0, 1;
    %store/vec4 v0x3b8f1d70_0, 0, 1;
    %pushi/vec4 0, 0, 1;
    %store/vec4 v0x3b8f18e0_0, 0, 1;
    %pushi/vec4 0, 0, 4;
    %store/vec4 v0x3b8f1a40_0, 0, 4;
    %load/vec4 v0x3b8f1ba0_0;
    %flag_set/vec4 8;
    %jmp/0xz  T_22.9, 8;
    %pushi/vec4 1, 0, 3;
    %store/vec4 v0x3b8f2000_0, 0, 3;
    %jmp T_22.10;
T_22.9 ;
    %pushi/vec4 0, 0, 3;
    %store/vec4 v0x3b8f2000_0, 0, 3;
T_22.10 ;
    %jmp T_22.8;
T_22.3 ;
    %pushi/vec4 0, 0, 1;
    %store/vec4 v0x3b8f1ae0_0, 0, 1;
    %pushi/vec4 0, 0, 1;
    %store/vec4 v0x3b8f1eb0_0, 0, 1;
    %pushi/vec4 0, 0, 1;
    %store/vec4 v0x3b8f1d70_0, 0, 1;
    %pushi/vec4 0, 0, 1;
    %store/vec4 v0x3b8f18e0_0, 0, 1;
    %load/vec4 v0x3b8f1cb0_0;
    %flag_set/vec4 8;
    %jmp/0xz  T_22.11, 8;
    %pushi/vec4 3, 0, 3;
    %store/vec4 v0x3b8f2000_0, 0, 3;
    %jmp T_22.12;
T_22.11 ;
    %pushi/vec4 2, 0, 3;
    %store/vec4 v0x3b8f2000_0, 0, 3;
T_22.12 ;
    %jmp T_22.8;
T_22.4 ;
    %pushi/vec4 0, 0, 1;
    %store/vec4 v0x3b8f1ae0_0, 0, 1;
    %pushi/vec4 1, 0, 1;
    %store/vec4 v0x3b8f1eb0_0, 0, 1;
    %pushi/vec4 0, 0, 1;
    %store/vec4 v0x3b8f1d70_0, 0, 1;
    %pushi/vec4 0, 0, 1;
    %store/vec4 v0x3b8f18e0_0, 0, 1;
    %load/vec4 v0x3b8f21c0_0;
    %flag_set/vec4 8;
    %jmp/0xz  T_22.13, 8;
    %pushi/vec4 4, 0, 3;
    %store/vec4 v0x3b8f2000_0, 0, 3;
    %jmp T_22.14;
T_22.13 ;
    %pushi/vec4 1, 0, 3;
    %store/vec4 v0x3b8f2000_0, 0, 3;
T_22.14 ;
    %jmp T_22.8;
T_22.5 ;
    %pushi/vec4 0, 0, 1;
    %store/vec4 v0x3b8f1ae0_0, 0, 1;
    %pushi/vec4 0, 0, 1;
    %store/vec4 v0x3b8f1eb0_0, 0, 1;
    %pushi/vec4 0, 0, 1;
    %store/vec4 v0x3b8f1d70_0, 0, 1;
    %pushi/vec4 1, 0, 1;
    %store/vec4 v0x3b8f18e0_0, 0, 1;
    %pushi/vec4 2, 0, 3;
    %store/vec4 v0x3b8f2000_0, 0, 3;
    %jmp T_22.8;
T_22.6 ;
    %pushi/vec4 1, 0, 1;
    %store/vec4 v0x3b8f1ae0_0, 0, 1;
    %pushi/vec4 0, 0, 1;
    %store/vec4 v0x3b8f1eb0_0, 0, 1;
    %pushi/vec4 0, 0, 1;
    %store/vec4 v0x3b8f1d70_0, 0, 1;
    %pushi/vec4 0, 0, 1;
    %store/vec4 v0x3b8f18e0_0, 0, 1;
    %load/vec4 v0x3b8f1a40_0;
    %addi 1, 0, 4;
    %store/vec4 v0x3b8f1a40_0, 0, 4;
    %load/vec4 v0x3b8f1a40_0;
    %pad/u 32;
    %cmpi/u 14, 0, 32;
    %flag_or 5, 4; GT is !LE
    %flag_inv 5;
    %flag_mov 8, 5;
    %jmp/0 T_22.15, 8;
    %pushi/vec4 0, 0, 3;
    %jmp/1 T_22.16, 8;
T_22.15 ; End of true expr.
    %pushi/vec4 4, 0, 3;
    %jmp/0 T_22.16, 8;
 ; End of false expr.
    %blend;
T_22.16;
    %store/vec4 v0x3b8f2000_0, 0, 3;
    %jmp T_22.8;
T_22.8 ;
    %pop/vec4 1;
T_22.1 ;
    %jmp T_22;
    .thread T_22;
    .scope S_0x3b8f12f0;
T_23 ;
    %wait E_0x3b8f1880;
    %load/vec4 v0x3b8f2000_0;
    %dup/vec4;
    %pushi/vec4 0, 0, 3;
    %cmp/u;
    %jmp/1 T_23.0, 6;
    %dup/vec4;
    %pushi/vec4 1, 0, 3;
    %cmp/u;
    %jmp/1 T_23.1, 6;
    %dup/vec4;
    %pushi/vec4 2, 0, 3;
    %cmp/u;
    %jmp/1 T_23.2, 6;
    %dup/vec4;
    %pushi/vec4 3, 0, 3;
    %cmp/u;
    %jmp/1 T_23.3, 6;
    %dup/vec4;
    %pushi/vec4 4, 0, 3;
    %cmp/u;
    %jmp/1 T_23.4, 6;
    %jmp T_23.5;
T_23.0 ;
    %pushi/vec4 0, 0, 32; draw_string_vec4
    %pushi/vec4 0, 0, 32; draw_string_vec4
    %concat/vec4; draw_string_vec4
    %pushi/vec4 0, 0, 32; draw_string_vec4
    %concat/vec4; draw_string_vec4
    %pushi/vec4 0, 0, 32; draw_string_vec4
    %concat/vec4; draw_string_vec4
    %pushi/vec4 0, 0, 32; draw_string_vec4
    %concat/vec4; draw_string_vec4
    %pushi/vec4 0, 0, 32; draw_string_vec4
    %concat/vec4; draw_string_vec4
    %pushi/vec4 0, 0, 32; draw_string_vec4
    %concat/vec4; draw_string_vec4
    %pushi/vec4 0, 0, 32; draw_string_vec4
    %concat/vec4; draw_string_vec4
    %pushi/vec4 83, 0, 32; draw_string_vec4
    %concat/vec4; draw_string_vec4
    %pushi/vec4 1413567060, 0, 32; draw_string_vec4
    %concat/vec4; draw_string_vec4
    %store/vec4 v0x3b8f20e0_0, 0, 320;
    %jmp T_23.5;
T_23.1 ;
    %pushi/vec4 0, 0, 32; draw_string_vec4
    %pushi/vec4 0, 0, 32; draw_string_vec4
    %concat/vec4; draw_string_vec4
    %pushi/vec4 0, 0, 32; draw_string_vec4
    %concat/vec4; draw_string_vec4
    %pushi/vec4 0, 0, 32; draw_string_vec4
    %concat/vec4; draw_string_vec4
    %pushi/vec4 0, 0, 32; draw_string_vec4
    %concat/vec4; draw_string_vec4
    %pushi/vec4 0, 0, 32; draw_string_vec4
    %concat/vec4; draw_string_vec4
    %pushi/vec4 0, 0, 32; draw_string_vec4
    %concat/vec4; draw_string_vec4
    %pushi/vec4 0, 0, 32; draw_string_vec4
    %concat/vec4; draw_string_vec4
    %pushi/vec4 67, 0, 32; draw_string_vec4
    %concat/vec4; draw_string_vec4
    %pushi/vec4 1212498763, 0, 32; draw_string_vec4
    %concat/vec4; draw_string_vec4
    %store/vec4 v0x3b8f20e0_0, 0, 320;
    %jmp T_23.5;
T_23.2 ;
    %pushi/vec4 0, 0, 32; draw_string_vec4
    %pushi/vec4 0, 0, 32; draw_string_vec4
    %concat/vec4; draw_string_vec4
    %pushi/vec4 0, 0, 32; draw_string_vec4
    %concat/vec4; draw_string_vec4
    %pushi/vec4 0, 0, 32; draw_string_vec4
    %concat/vec4; draw_string_vec4
    %pushi/vec4 0, 0, 32; draw_string_vec4
    %concat/vec4; draw_string_vec4
    %pushi/vec4 0, 0, 32; draw_string_vec4
    %concat/vec4; draw_string_vec4
    %pushi/vec4 0, 0, 32; draw_string_vec4
    %concat/vec4; draw_string_vec4
    %pushi/vec4 0, 0, 32; draw_string_vec4
    %concat/vec4; draw_string_vec4
    %pushi/vec4 83, 0, 32; draw_string_vec4
    %concat/vec4; draw_string_vec4
    %pushi/vec4 1212761684, 0, 32; draw_string_vec4
    %concat/vec4; draw_string_vec4
    %store/vec4 v0x3b8f20e0_0, 0, 320;
    %jmp T_23.5;
T_23.3 ;
    %pushi/vec4 0, 0, 32; draw_string_vec4
    %pushi/vec4 0, 0, 32; draw_string_vec4
    %concat/vec4; draw_string_vec4
    %pushi/vec4 0, 0, 32; draw_string_vec4
    %concat/vec4; draw_string_vec4
    %pushi/vec4 0, 0, 32; draw_string_vec4
    %concat/vec4; draw_string_vec4
    %pushi/vec4 0, 0, 32; draw_string_vec4
    %concat/vec4; draw_string_vec4
    %pushi/vec4 0, 0, 32; draw_string_vec4
    %concat/vec4; draw_string_vec4
    %pushi/vec4 0, 0, 32; draw_string_vec4
    %concat/vec4; draw_string_vec4
    %pushi/vec4 0, 0, 32; draw_string_vec4
    %concat/vec4; draw_string_vec4
    %pushi/vec4 0, 0, 32; draw_string_vec4
    %concat/vec4; draw_string_vec4
    %pushi/vec4 4277316, 0, 32; draw_string_vec4
    %concat/vec4; draw_string_vec4
    %store/vec4 v0x3b8f20e0_0, 0, 320;
    %jmp T_23.5;
T_23.4 ;
    %pushi/vec4 0, 0, 32; draw_string_vec4
    %pushi/vec4 0, 0, 32; draw_string_vec4
    %concat/vec4; draw_string_vec4
    %pushi/vec4 0, 0, 32; draw_string_vec4
    %concat/vec4; draw_string_vec4
    %pushi/vec4 0, 0, 32; draw_string_vec4
    %concat/vec4; draw_string_vec4
    %pushi/vec4 0, 0, 32; draw_string_vec4
    %concat/vec4; draw_string_vec4
    %pushi/vec4 0, 0, 32; draw_string_vec4
    %concat/vec4; draw_string_vec4
    %pushi/vec4 0, 0, 32; draw_string_vec4
    %concat/vec4; draw_string_vec4
    %pushi/vec4 0, 0, 32; draw_string_vec4
    %concat/vec4; draw_string_vec4
    %pushi/vec4 0, 0, 32; draw_string_vec4
    %concat/vec4; draw_string_vec4
    %pushi/vec4 4542020, 0, 32; draw_string_vec4
    %concat/vec4; draw_string_vec4
    %store/vec4 v0x3b8f20e0_0, 0, 320;
    %jmp T_23.5;
T_23.5 ;
    %pop/vec4 1;
    %jmp T_23;
    .thread T_23, $push;
    .scope S_0x3b8f0230;
T_24 ;
    %wait E_0x3b8eb520;
    %load/vec4 v0x3b8f40a0_0;
    %flag_set/vec4 8;
    %jmp/0xz  T_24.0, 8;
    %load/vec4 v0x3b8f3f40_0;
    %dup/vec4;
    %pushi/vec4 4, 0, 5;
    %cmp/u;
    %jmp/1 T_24.2, 6;
    %dup/vec4;
    %pushi/vec4 8, 0, 5;
    %cmp/u;
    %jmp/1 T_24.3, 6;
    %dup/vec4;
    %pushi/vec4 12, 0, 5;
    %cmp/u;
    %jmp/1 T_24.4, 6;
    %dup/vec4;
    %pushi/vec4 16, 0, 5;
    %cmp/u;
    %jmp/1 T_24.5, 6;
    %dup/vec4;
    %pushi/vec4 20, 0, 5;
    %cmp/u;
    %jmp/1 T_24.6, 6;
    %pushi/vec4 0, 0, 5;
    %store/vec4 v0x3b8f4830_0, 0, 5;
    %jmp T_24.8;
T_24.2 ;
    %pushi/vec4 1, 0, 5;
    %store/vec4 v0x3b8f4830_0, 0, 5;
    %jmp T_24.8;
T_24.3 ;
    %pushi/vec4 2, 0, 5;
    %store/vec4 v0x3b8f4830_0, 0, 5;
    %jmp T_24.8;
T_24.4 ;
    %pushi/vec4 4, 0, 5;
    %store/vec4 v0x3b8f4830_0, 0, 5;
    %jmp T_24.8;
T_24.5 ;
    %pushi/vec4 8, 0, 5;
    %store/vec4 v0x3b8f4830_0, 0, 5;
    %jmp T_24.8;
T_24.6 ;
    %pushi/vec4 16, 0, 5;
    %store/vec4 v0x3b8f4830_0, 0, 5;
    %jmp T_24.8;
T_24.8 ;
    %pop/vec4 1;
    %jmp T_24.1;
T_24.0 ;
    %pushi/vec4 0, 0, 5;
    %store/vec4 v0x3b8f4830_0, 0, 5;
T_24.1 ;
    %jmp T_24;
    .thread T_24, $push;
    .scope S_0x3b8f0230;
T_25 ;
    %wait E_0x3b8d52f0;
    %load/vec4 v0x3b8f4630_0;
    %flag_set/vec4 8;
    %jmp/0xz  T_25.0, 8;
    %pushi/vec4 0, 0, 1;
    %store/vec4 v0x3b8f4460_0, 0, 1;
    %pushi/vec4 0, 0, 16;
    %store/vec4 v0x3b8f3d00_0, 0, 16;
    %pushi/vec4 0, 0, 16;
    %store/vec4 v0x3b8f3e30_0, 0, 16;
    %jmp T_25.1;
T_25.0 ;
    %load/vec4 v0x3b8f40a0_0;
    %flag_set/vec4 9;
    %flag_get/vec4 9;
    %jmp/0 T_25.4, 9;
    %load/vec4 v0x3b8f4910_0;
    %and;
T_25.4;
    %flag_set/vec4 8;
    %jmp/0xz  T_25.2, 8;
    %load/vec4 v0x3b8f4830_0;
    %parti/s 1, 0, 2;
    %flag_set/vec4 8;
    %jmp/0 T_25.5, 8;
    %load/vec4 v0x3b8f41b0_0;
    %jmp/1 T_25.6, 8;
T_25.5 ; End of true expr.
    %load/vec4 v0x3b8f3d00_0;
    %jmp/0 T_25.6, 8;
 ; End of false expr.
    %blend;
T_25.6;
    %store/vec4 v0x3b8f3d00_0, 0, 16;
    %load/vec4 v0x3b8f4830_0;
    %parti/s 1, 1, 2;
    %flag_set/vec4 8;
    %jmp/0 T_25.7, 8;
    %load/vec4 v0x3b8f41b0_0;
    %jmp/1 T_25.8, 8;
T_25.7 ; End of true expr.
    %load/vec4 v0x3b8f3e30_0;
    %jmp/0 T_25.8, 8;
 ; End of false expr.
    %blend;
T_25.8;
    %store/vec4 v0x3b8f3e30_0, 0, 16;
    %load/vec4 v0x3b8f4830_0;
    %parti/s 1, 2, 3;
    %flag_set/vec4 8;
    %jmp/0 T_25.9, 8;
    %load/vec4 v0x3b8f41b0_0;
    %parti/s 1, 0, 2;
    %jmp/1 T_25.10, 8;
T_25.9 ; End of true expr.
    %load/vec4 v0x3b8f4460_0;
    %jmp/0 T_25.10, 8;
 ; End of false expr.
    %blend;
T_25.10;
    %store/vec4 v0x3b8f4460_0, 0, 1;
T_25.2 ;
T_25.1 ;
    %jmp T_25;
    .thread T_25;
    .scope S_0x3b8f0230;
T_26 ;
    %wait E_0x3b8d52f0;
    %load/vec4 v0x3b8f4630_0;
    %flag_set/vec4 8;
    %jmp/0xz  T_26.0, 8;
    %pushi/vec4 0, 0, 32;
    %store/vec4 v0x3b8f4290_0, 0, 32;
    %jmp T_26.1;
T_26.0 ;
    %load/vec4 v0x3b8f40a0_0;
    %flag_set/vec4 8;
    %jmp/0xz  T_26.2, 8;
    %load/vec4 v0x3b8f4830_0;
    %dup/vec4;
    %pushi/vec4 8, 0, 5;
    %cmp/u;
    %jmp/1 T_26.4, 6;
    %dup/vec4;
    %pushi/vec4 16, 0, 5;
    %cmp/u;
    %jmp/1 T_26.5, 6;
    %jmp T_26.6;
T_26.4 ;
    %load/vec4 v0x3b8f4720_0;
    %store/vec4 v0x3b8f4290_0, 0, 32;
    %jmp T_26.6;
T_26.5 ;
    %pushi/vec4 0, 0, 31;
    %load/vec4 v0x3b8f4370_0;
    %concat/vec4; draw_concat_vec4
    %store/vec4 v0x3b8f4290_0, 0, 32;
    %jmp T_26.6;
T_26.6 ;
    %pop/vec4 1;
T_26.2 ;
T_26.1 ;
    %jmp T_26;
    .thread T_26;
    .scope S_0x3b8ecfa0;
T_27 ;
    %wait E_0x3b8db670;
    %load/vec4 v0x3b8ed630_0;
    %flag_set/vec4 8;
    %jmp/0xz  T_27.0, 8;
    %pushi/vec4 0, 0, 16;
    %store/vec4 v0x3b8ed2d0_0, 0, 16;
    %load/vec4 v0x3b8ed590_0;
    %store/vec4 v0x3b8ed3b0_0, 0, 16;
    %pushi/vec4 0, 0, 16;
    %store/vec4 v0x3b8ed8f0_0, 0, 16;
    %jmp T_27.1;
T_27.0 ;
    %load/vec4 v0x3b8ed9b0_0;
    %flag_set/vec4 8;
    %jmp/0xz  T_27.2, 8;
    %load/vec4 v0x3b8ed2d0_0;
    %load/vec4 v0x3b8ed3b0_0;
    %concat/vec4; draw_concat_vec4
    %ix/load 4, 1, 0;
    %flag_set/imm 4, 0;
    %shiftl 4;
    %split/vec4 16;
    %store/vec4 v0x3b8ed3b0_0, 0, 16;
    %store/vec4 v0x3b8ed2d0_0, 0, 16;
    %load/vec4 v0x3b8ed3b0_0;
    %store/vec4 v0x3b8ed8f0_0, 0, 16;
    %jmp T_27.3;
T_27.2 ;
    %load/vec4 v0x3b8ed850_0;
    %flag_set/vec4 8;
    %jmp/0xz  T_27.4, 8;
    %load/vec4 v0x3b8ed770_0;
    %store/vec4 v0x3b8ed2d0_0, 0, 16;
    %pushi/vec4 1, 0, 1;
    %ix/load 4, 0, 0;
    %flag_set/imm 4, 0;
    %store/vec4 v0x3b8ed3b0_0, 4, 1;
    %jmp T_27.5;
T_27.4 ;
    %load/vec4 v0x3b8ed2d0_0;
    %store/vec4 v0x3b8ed2d0_0, 0, 16;
    %load/vec4 v0x3b8ed3b0_0;
    %store/vec4 v0x3b8ed3b0_0, 0, 16;
T_27.5 ;
T_27.3 ;
T_27.1 ;
    %jmp T_27;
    .thread T_27;
    .scope S_0x3b8edd40;
T_28 ;
    %wait E_0x3b8edf90;
    %load/vec4 v0x3b8ee1d0_0;
    %load/vec4 v0x3b8ee2d0_0;
    %inv;
    %add;
    %addi 1, 0, 16;
    %store/vec4 v0x3b8ee100_0, 0, 16;
    %load/vec4 v0x3b8ee100_0;
    %parti/s 1, 15, 5;
    %store/vec4 v0x3b8ee010_0, 0, 1;
    %jmp T_28;
    .thread T_28, $push;
    .scope S_0x3b8ec950;
T_29 ;
    %pushi/vec4 16, 0, 5;
    %store/vec4 v0x3b8eccd0_0, 0, 5;
    %end;
    .thread T_29;
    .scope S_0x3b8ec950;
T_30 ;
    %wait E_0x3b8db670;
    %load/vec4 v0x3b8ecd70_0;
    %flag_set/vec4 8;
    %jmp/0xz  T_30.0, 8;
    %pushi/vec4 16, 0, 5;
    %store/vec4 v0x3b8eccd0_0, 0, 5;
    %jmp T_30.1;
T_30.0 ;
    %load/vec4 v0x3b8ecb90_0;
    %flag_set/vec4 8;
    %jmp/0xz  T_30.2, 8;
    %load/vec4 v0x3b8eccd0_0;
    %subi 1, 0, 5;
    %store/vec4 v0x3b8eccd0_0, 0, 5;
    %jmp T_30.3;
T_30.2 ;
    %load/vec4 v0x3b8eccd0_0;
    %store/vec4 v0x3b8eccd0_0, 0, 5;
T_30.3 ;
T_30.1 ;
    %load/vec4 v0x3b8eccd0_0;
    %pad/u 32;
    %cmpi/e 0, 0, 32;
    %flag_mov 8, 4;
    %jmp/0 T_30.4, 8;
    %pushi/vec4 1, 0, 2;
    %jmp/1 T_30.5, 8;
T_30.4 ; End of true expr.
    %pushi/vec4 0, 0, 2;
    %jmp/0 T_30.5, 8;
 ; End of false expr.
    %blend;
T_30.5;
    %pad/s 1;
    %store/vec4 v0x3b8ece40_0, 0, 1;
    %jmp T_30;
    .thread T_30;
    .scope S_0x3b8eb560;
T_31 ;
    %wait E_0x3b8d52f0;
    %load/vec4 v0x3b8ec4b0_0;
    %flag_set/vec4 8;
    %jmp/0xz  T_31.0, 8;
    %pushi/vec4 0, 0, 3;
    %store/vec4 v0x3b8ec570_0, 0, 3;
    %jmp T_31.1;
T_31.0 ;
    %load/vec4 v0x3b8ec570_0;
    %dup/vec4;
    %pushi/vec4 0, 0, 3;
    %cmp/u;
    %jmp/1 T_31.2, 6;
    %dup/vec4;
    %pushi/vec4 1, 0, 3;
    %cmp/u;
    %jmp/1 T_31.3, 6;
    %dup/vec4;
    %pushi/vec4 2, 0, 3;
    %cmp/u;
    %jmp/1 T_31.4, 6;
    %dup/vec4;
    %pushi/vec4 3, 0, 3;
    %cmp/u;
    %jmp/1 T_31.5, 6;
    %dup/vec4;
    %pushi/vec4 4, 0, 3;
    %cmp/u;
    %jmp/1 T_31.6, 6;
    %pushi/vec4 0, 0, 3;
    %store/vec4 v0x3b8ec570_0, 0, 3;
    %jmp T_31.8;
T_31.2 ;
    %load/vec4 v0x3b8ec360_0;
    %flag_set/vec4 8;
    %jmp/0xz  T_31.9, 8;
    %pushi/vec4 1, 0, 3;
    %store/vec4 v0x3b8ec570_0, 0, 3;
    %jmp T_31.10;
T_31.9 ;
    %pushi/vec4 0, 0, 3;
    %store/vec4 v0x3b8ec570_0, 0, 3;
T_31.10 ;
    %jmp T_31.8;
T_31.3 ;
    %pushi/vec4 2, 0, 3;
    %store/vec4 v0x3b8ec570_0, 0, 3;
    %jmp T_31.8;
T_31.4 ;
    %load/vec4 v0x3b8ec730_0;
    %flag_set/vec4 8;
    %jmp/0xz  T_31.11, 8;
    %pushi/vec4 4, 0, 3;
    %store/vec4 v0x3b8ec570_0, 0, 3;
    %jmp T_31.12;
T_31.11 ;
    %load/vec4 v0x3b8ec140_0;
    %pad/u 32;
    %cmpi/e 0, 0, 32;
    %jmp/0xz  T_31.13, 4;
    %pushi/vec4 3, 0, 3;
    %store/vec4 v0x3b8ec570_0, 0, 3;
    %jmp T_31.14;
T_31.13 ;
    %pushi/vec4 1, 0, 3;
    %store/vec4 v0x3b8ec570_0, 0, 3;
T_31.14 ;
T_31.12 ;
    %jmp T_31.8;
T_31.5 ;
    %load/vec4 v0x3b8ec730_0;
    %flag_set/vec4 8;
    %jmp/0xz  T_31.15, 8;
    %pushi/vec4 4, 0, 3;
    %store/vec4 v0x3b8ec570_0, 0, 3;
    %jmp T_31.16;
T_31.15 ;
    %pushi/vec4 1, 0, 3;
    %store/vec4 v0x3b8ec570_0, 0, 3;
T_31.16 ;
    %jmp T_31.8;
T_31.6 ;
    %load/vec4 v0x3b8ec360_0;
    %flag_set/vec4 8;
    %jmp/0xz  T_31.17, 8;
    %pushi/vec4 0, 0, 3;
    %store/vec4 v0x3b8ec570_0, 0, 3;
    %jmp T_31.18;
T_31.17 ;
    %pushi/vec4 4, 0, 3;
    %store/vec4 v0x3b8ec570_0, 0, 3;
T_31.18 ;
    %jmp T_31.8;
T_31.8 ;
    %pop/vec4 1;
T_31.1 ;
    %jmp T_31;
    .thread T_31;
    .scope S_0x3b8eb560;
T_32 ;
    %wait E_0x3b8ebcd0;
    %load/vec4 v0x3b8ec570_0;
    %dup/vec4;
    %pushi/vec4 0, 0, 3;
    %cmp/u;
    %jmp/1 T_32.0, 6;
    %dup/vec4;
    %pushi/vec4 1, 0, 3;
    %cmp/u;
    %jmp/1 T_32.1, 6;
    %dup/vec4;
    %pushi/vec4 2, 0, 3;
    %cmp/u;
    %jmp/1 T_32.2, 6;
    %dup/vec4;
    %pushi/vec4 3, 0, 3;
    %cmp/u;
    %jmp/1 T_32.3, 6;
    %dup/vec4;
    %pushi/vec4 4, 0, 3;
    %cmp/u;
    %jmp/1 T_32.4, 6;
    %pushi/vec4 1, 0, 1;
    %store/vec4 v0x3b8ebf70_0, 0, 1;
    %pushi/vec4 0, 0, 1;
    %store/vec4 v0x3b8ebed0_0, 0, 1;
    %pushi/vec4 0, 0, 1;
    %store/vec4 v0x3b8ec200_0, 0, 1;
    %pushi/vec4 0, 0, 1;
    %store/vec4 v0x3b8ebd30_0, 0, 1;
    %pushi/vec4 0, 0, 1;
    %store/vec4 v0x3b8ec030_0, 0, 1;
    %pushi/vec4 0, 0, 1;
    %store/vec4 v0x3b8ebe10_0, 0, 1;
    %jmp T_32.6;
T_32.0 ;
    %pushi/vec4 1, 0, 1;
    %store/vec4 v0x3b8ebf70_0, 0, 1;
    %pushi/vec4 0, 0, 1;
    %store/vec4 v0x3b8ebed0_0, 0, 1;
    %pushi/vec4 0, 0, 1;
    %store/vec4 v0x3b8ec200_0, 0, 1;
    %pushi/vec4 0, 0, 1;
    %store/vec4 v0x3b8ebd30_0, 0, 1;
    %pushi/vec4 0, 0, 1;
    %store/vec4 v0x3b8ec030_0, 0, 1;
    %pushi/vec4 0, 0, 1;
    %store/vec4 v0x3b8ebe10_0, 0, 1;
    %jmp T_32.6;
T_32.1 ;
    %pushi/vec4 0, 0, 1;
    %store/vec4 v0x3b8ebf70_0, 0, 1;
    %load/vec4 v0x3b8ebed0_0;
    %store/vec4 v0x3b8ebed0_0, 0, 1;
    %pushi/vec4 1, 0, 1;
    %store/vec4 v0x3b8ec200_0, 0, 1;
    %pushi/vec4 1, 0, 1;
    %store/vec4 v0x3b8ebd30_0, 0, 1;
    %pushi/vec4 0, 0, 1;
    %store/vec4 v0x3b8ec030_0, 0, 1;
    %pushi/vec4 0, 0, 1;
    %store/vec4 v0x3b8ebe10_0, 0, 1;
    %jmp T_32.6;
T_32.2 ;
    %pushi/vec4 0, 0, 1;
    %store/vec4 v0x3b8ebf70_0, 0, 1;
    %pushi/vec4 0, 0, 1;
    %store/vec4 v0x3b8ebed0_0, 0, 1;
    %pushi/vec4 0, 0, 1;
    %store/vec4 v0x3b8ec200_0, 0, 1;
    %pushi/vec4 0, 0, 1;
    %store/vec4 v0x3b8ebd30_0, 0, 1;
    %pushi/vec4 0, 0, 1;
    %store/vec4 v0x3b8ec030_0, 0, 1;
    %pushi/vec4 0, 0, 1;
    %store/vec4 v0x3b8ebe10_0, 0, 1;
    %jmp T_32.6;
T_32.3 ;
    %pushi/vec4 0, 0, 1;
    %store/vec4 v0x3b8ebf70_0, 0, 1;
    %pushi/vec4 1, 0, 1;
    %store/vec4 v0x3b8ebed0_0, 0, 1;
    %pushi/vec4 0, 0, 1;
    %store/vec4 v0x3b8ec200_0, 0, 1;
    %pushi/vec4 0, 0, 1;
    %store/vec4 v0x3b8ebd30_0, 0, 1;
    %pushi/vec4 1, 0, 1;
    %store/vec4 v0x3b8ec030_0, 0, 1;
    %pushi/vec4 0, 0, 1;
    %store/vec4 v0x3b8ebe10_0, 0, 1;
    %jmp T_32.6;
T_32.4 ;
    %pushi/vec4 0, 0, 1;
    %store/vec4 v0x3b8ebf70_0, 0, 1;
    %pushi/vec4 0, 0, 1;
    %store/vec4 v0x3b8ebed0_0, 0, 1;
    %pushi/vec4 0, 0, 1;
    %store/vec4 v0x3b8ec200_0, 0, 1;
    %pushi/vec4 0, 0, 1;
    %store/vec4 v0x3b8ebd30_0, 0, 1;
    %pushi/vec4 0, 0, 1;
    %store/vec4 v0x3b8ec030_0, 0, 1;
    %pushi/vec4 1, 0, 1;
    %store/vec4 v0x3b8ebe10_0, 0, 1;
    %jmp T_32.6;
T_32.6 ;
    %pop/vec4 1;
    %jmp T_32;
    .thread T_32, $push;
    .scope S_0x3b8eb560;
T_33 ;
    %wait E_0x3b8ebc70;
    %load/vec4 v0x3b8ec570_0;
    %dup/vec4;
    %pushi/vec4 0, 0, 3;
    %cmp/u;
    %jmp/1 T_33.0, 6;
    %dup/vec4;
    %pushi/vec4 2, 0, 3;
    %cmp/u;
    %jmp/1 T_33.1, 6;
    %dup/vec4;
    %pushi/vec4 1, 0, 3;
    %cmp/u;
    %jmp/1 T_33.2, 6;
    %dup/vec4;
    %pushi/vec4 3, 0, 3;
    %cmp/u;
    %jmp/1 T_33.3, 6;
    %dup/vec4;
    %pushi/vec4 4, 0, 3;
    %cmp/u;
    %jmp/1 T_33.4, 6;
    %jmp T_33.5;
T_33.0 ;
    %pushi/vec4 0, 0, 32; draw_string_vec4
    %pushi/vec4 0, 0, 32; draw_string_vec4
    %concat/vec4; draw_string_vec4
    %pushi/vec4 0, 0, 32; draw_string_vec4
    %concat/vec4; draw_string_vec4
    %pushi/vec4 0, 0, 32; draw_string_vec4
    %concat/vec4; draw_string_vec4
    %pushi/vec4 0, 0, 32; draw_string_vec4
    %concat/vec4; draw_string_vec4
    %pushi/vec4 0, 0, 32; draw_string_vec4
    %concat/vec4; draw_string_vec4
    %pushi/vec4 0, 0, 32; draw_string_vec4
    %concat/vec4; draw_string_vec4
    %pushi/vec4 0, 0, 32; draw_string_vec4
    %concat/vec4; draw_string_vec4
    %pushi/vec4 83, 0, 32; draw_string_vec4
    %concat/vec4; draw_string_vec4
    %pushi/vec4 1413567060, 0, 32; draw_string_vec4
    %concat/vec4; draw_string_vec4
    %store/vec4 v0x3b8ec650_0, 0, 320;
    %jmp T_33.5;
T_33.1 ;
    %pushi/vec4 0, 0, 32; draw_string_vec4
    %pushi/vec4 0, 0, 32; draw_string_vec4
    %concat/vec4; draw_string_vec4
    %pushi/vec4 0, 0, 32; draw_string_vec4
    %concat/vec4; draw_string_vec4
    %pushi/vec4 0, 0, 32; draw_string_vec4
    %concat/vec4; draw_string_vec4
    %pushi/vec4 0, 0, 32; draw_string_vec4
    %concat/vec4; draw_string_vec4
    %pushi/vec4 0, 0, 32; draw_string_vec4
    %concat/vec4; draw_string_vec4
    %pushi/vec4 0, 0, 32; draw_string_vec4
    %concat/vec4; draw_string_vec4
    %pushi/vec4 0, 0, 32; draw_string_vec4
    %concat/vec4; draw_string_vec4
    %pushi/vec4 67, 0, 32; draw_string_vec4
    %concat/vec4; draw_string_vec4
    %pushi/vec4 1212498763, 0, 32; draw_string_vec4
    %concat/vec4; draw_string_vec4
    %store/vec4 v0x3b8ec650_0, 0, 320;
    %jmp T_33.5;
T_33.2 ;
    %pushi/vec4 0, 0, 32; draw_string_vec4
    %pushi/vec4 0, 0, 32; draw_string_vec4
    %concat/vec4; draw_string_vec4
    %pushi/vec4 0, 0, 32; draw_string_vec4
    %concat/vec4; draw_string_vec4
    %pushi/vec4 0, 0, 32; draw_string_vec4
    %concat/vec4; draw_string_vec4
    %pushi/vec4 0, 0, 32; draw_string_vec4
    %concat/vec4; draw_string_vec4
    %pushi/vec4 0, 0, 32; draw_string_vec4
    %concat/vec4; draw_string_vec4
    %pushi/vec4 0, 0, 32; draw_string_vec4
    %concat/vec4; draw_string_vec4
    %pushi/vec4 83, 0, 32; draw_string_vec4
    %concat/vec4; draw_string_vec4
    %pushi/vec4 1212761684, 0, 32; draw_string_vec4
    %concat/vec4; draw_string_vec4
    %pushi/vec4 1598309699, 0, 32; draw_string_vec4
    %concat/vec4; draw_string_vec4
    %store/vec4 v0x3b8ec650_0, 0, 320;
    %jmp T_33.5;
T_33.3 ;
    %pushi/vec4 0, 0, 32; draw_string_vec4
    %pushi/vec4 0, 0, 32; draw_string_vec4
    %concat/vec4; draw_string_vec4
    %pushi/vec4 0, 0, 32; draw_string_vec4
    %concat/vec4; draw_string_vec4
    %pushi/vec4 0, 0, 32; draw_string_vec4
    %concat/vec4; draw_string_vec4
    %pushi/vec4 0, 0, 32; draw_string_vec4
    %concat/vec4; draw_string_vec4
    %pushi/vec4 0, 0, 32; draw_string_vec4
    %concat/vec4; draw_string_vec4
    %pushi/vec4 0, 0, 32; draw_string_vec4
    %concat/vec4; draw_string_vec4
    %pushi/vec4 0, 0, 32; draw_string_vec4
    %concat/vec4; draw_string_vec4
    %pushi/vec4 0, 0, 32; draw_string_vec4
    %concat/vec4; draw_string_vec4
    %pushi/vec4 4277316, 0, 32; draw_string_vec4
    %concat/vec4; draw_string_vec4
    %store/vec4 v0x3b8ec650_0, 0, 320;
    %jmp T_33.5;
T_33.4 ;
    %pushi/vec4 0, 0, 32; draw_string_vec4
    %pushi/vec4 0, 0, 32; draw_string_vec4
    %concat/vec4; draw_string_vec4
    %pushi/vec4 0, 0, 32; draw_string_vec4
    %concat/vec4; draw_string_vec4
    %pushi/vec4 0, 0, 32; draw_string_vec4
    %concat/vec4; draw_string_vec4
    %pushi/vec4 0, 0, 32; draw_string_vec4
    %concat/vec4; draw_string_vec4
    %pushi/vec4 0, 0, 32; draw_string_vec4
    %concat/vec4; draw_string_vec4
    %pushi/vec4 0, 0, 32; draw_string_vec4
    %concat/vec4; draw_string_vec4
    %pushi/vec4 0, 0, 32; draw_string_vec4
    %concat/vec4; draw_string_vec4
    %pushi/vec4 0, 0, 32; draw_string_vec4
    %concat/vec4; draw_string_vec4
    %pushi/vec4 1162757169, 0, 32; draw_string_vec4
    %concat/vec4; draw_string_vec4
    %store/vec4 v0x3b8ec650_0, 0, 320;
    %jmp T_33.5;
T_33.5 ;
    %pop/vec4 1;
    %jmp T_33;
    .thread T_33, $push;
    .scope S_0x3b8eaf90;
T_34 ;
    %pushi/vec4 0, 0, 16;
    %store/vec4 v0x3b8ef2d0_0, 0, 16;
    %pushi/vec4 0, 0, 16;
    %store/vec4 v0x3b8ef400_0, 0, 16;
    %pushi/vec4 0, 0, 1;
    %store/vec4 v0x3b8efb80_0, 0, 1;
    %end;
    .thread T_34;
    .scope S_0x3b8eaf90;
T_35 ;
    %wait E_0x3b8e1bd0;
    %load/vec4 v0x3b8ef600_0;
    %dup/vec4;
    %pushi/vec4 0, 0, 4;
    %cmp/u;
    %jmp/1 T_35.0, 6;
    %dup/vec4;
    %pushi/vec4 2, 0, 4;
    %cmp/u;
    %jmp/1 T_35.1, 6;
    %dup/vec4;
    %pushi/vec4 4, 0, 4;
    %cmp/u;
    %jmp/1 T_35.2, 6;
    %dup/vec4;
    %pushi/vec4 6, 0, 4;
    %cmp/u;
    %jmp/1 T_35.3, 6;
    %dup/vec4;
    %pushi/vec4 8, 0, 4;
    %cmp/u;
    %jmp/1 T_35.4, 6;
    %pushi/vec4 0, 0, 6;
    %store/vec4 v0x3b8eff10_0, 0, 6;
    %jmp T_35.6;
T_35.0 ;
    %load/vec4 v0x3b8ef7d0_0;
    %flag_set/vec4 9;
    %flag_get/vec4 9;
    %jmp/0 T_35.9, 9;
    %load/vec4 v0x3b8efff0_0;
    %and;
T_35.9;
    %flag_set/vec4 8;
    %jmp/0 T_35.7, 8;
    %pushi/vec4 1, 0, 6;
    %jmp/1 T_35.8, 8;
T_35.7 ; End of true expr.
    %pushi/vec4 0, 0, 6;
    %jmp/0 T_35.8, 8;
 ; End of false expr.
    %blend;
T_35.8;
    %store/vec4 v0x3b8eff10_0, 0, 6;
    %jmp T_35.6;
T_35.1 ;
    %load/vec4 v0x3b8ef7d0_0;
    %flag_set/vec4 9;
    %flag_get/vec4 9;
    %jmp/0 T_35.12, 9;
    %load/vec4 v0x3b8efff0_0;
    %and;
T_35.12;
    %flag_set/vec4 8;
    %jmp/0 T_35.10, 8;
    %pushi/vec4 2, 0, 6;
    %jmp/1 T_35.11, 8;
T_35.10 ; End of true expr.
    %pushi/vec4 0, 0, 6;
    %jmp/0 T_35.11, 8;
 ; End of false expr.
    %blend;
T_35.11;
    %store/vec4 v0x3b8eff10_0, 0, 6;
    %jmp T_35.6;
T_35.2 ;
    %load/vec4 v0x3b8ef7d0_0;
    %flag_set/vec4 9;
    %flag_get/vec4 9;
    %jmp/0 T_35.15, 9;
    %load/vec4 v0x3b8efff0_0;
    %and;
T_35.15;
    %flag_set/vec4 8;
    %jmp/0 T_35.13, 8;
    %pushi/vec4 4, 0, 6;
    %jmp/1 T_35.14, 8;
T_35.13 ; End of true expr.
    %pushi/vec4 0, 0, 6;
    %jmp/0 T_35.14, 8;
 ; End of false expr.
    %blend;
T_35.14;
    %store/vec4 v0x3b8eff10_0, 0, 6;
    %jmp T_35.6;
T_35.3 ;
    %load/vec4 v0x3b8ef7d0_0;
    %flag_set/vec4 9;
    %flag_get/vec4 9;
    %jmp/0 T_35.18, 9;
    %load/vec4 v0x3b8efc70_0;
    %and;
T_35.18;
    %flag_set/vec4 8;
    %jmp/0 T_35.16, 8;
    %pushi/vec4 8, 0, 6;
    %jmp/1 T_35.17, 8;
T_35.16 ; End of true expr.
    %pushi/vec4 0, 0, 6;
    %jmp/0 T_35.17, 8;
 ; End of false expr.
    %blend;
T_35.17;
    %store/vec4 v0x3b8eff10_0, 0, 6;
    %jmp T_35.6;
T_35.4 ;
    %load/vec4 v0x3b8ef7d0_0;
    %flag_set/vec4 9;
    %flag_get/vec4 9;
    %jmp/0 T_35.21, 9;
    %load/vec4 v0x3b8efc70_0;
    %and;
T_35.21;
    %flag_set/vec4 8;
    %jmp/0 T_35.19, 8;
    %pushi/vec4 16, 0, 6;
    %jmp/1 T_35.20, 8;
T_35.19 ; End of true expr.
    %pushi/vec4 0, 0, 6;
    %jmp/0 T_35.20, 8;
 ; End of false expr.
    %blend;
T_35.20;
    %store/vec4 v0x3b8eff10_0, 0, 6;
    %jmp T_35.6;
T_35.6 ;
    %pop/vec4 1;
    %jmp T_35;
    .thread T_35, $push;
    .scope S_0x3b8eaf90;
T_36 ;
    %wait E_0x3b8db670;
    %load/vec4 v0x3b8eff10_0;
    %parti/s 1, 0, 2;
    %flag_set/vec4 8;
    %jmp/0 T_36.0, 8;
    %load/vec4 v0x3b8ef890_0;
    %jmp/1 T_36.1, 8;
T_36.0 ; End of true expr.
    %load/vec4 v0x3b8ef2d0_0;
    %jmp/0 T_36.1, 8;
 ; End of false expr.
    %blend;
T_36.1;
    %store/vec4 v0x3b8ef2d0_0, 0, 16;
    %load/vec4 v0x3b8eff10_0;
    %parti/s 1, 1, 2;
    %flag_set/vec4 8;
    %jmp/0 T_36.2, 8;
    %load/vec4 v0x3b8ef890_0;
    %jmp/1 T_36.3, 8;
T_36.2 ; End of true expr.
    %load/vec4 v0x3b8ef400_0;
    %jmp/0 T_36.3, 8;
 ; End of false expr.
    %blend;
T_36.3;
    %store/vec4 v0x3b8ef400_0, 0, 16;
    %load/vec4 v0x3b8eff10_0;
    %parti/s 1, 2, 3;
    %store/vec4 v0x3b8efb80_0, 0, 1;
    %jmp T_36;
    .thread T_36;
    .scope S_0x3b8eaf90;
T_37 ;
    %wait E_0x3b8db670;
    %load/vec4 v0x3b8eff10_0;
    %parti/s 3, 3, 3;
    %dup/vec4;
    %pushi/vec4 1, 0, 3;
    %cmp/u;
    %jmp/1 T_37.0, 6;
    %dup/vec4;
    %pushi/vec4 2, 0, 3;
    %cmp/u;
    %jmp/1 T_37.1, 6;
    %pushi/vec4 0, 0, 16;
    %store/vec4 v0x3b8ef970_0, 0, 16;
    %jmp T_37.3;
T_37.0 ;
    %load/vec4 v0x3b8efa50_0;
    %ix/load 4, 0, 0;
    %flag_set/imm 4, 0;
    %store/vec4 v0x3b8ef970_0, 4, 1;
    %jmp T_37.3;
T_37.1 ;
    %load/vec4 v0x3b8ef510_0;
    %store/vec4 v0x3b8ef970_0, 0, 16;
    %jmp T_37.3;
T_37.3 ;
    %pop/vec4 1;
    %jmp T_37;
    .thread T_37;
    .scope S_0x3b8fa350;
T_38 ;
    %wait E_0x3b8db670;
    %load/vec4 v0x3b8fab70_0;
    %flag_set/vec4 8;
    %jmp/0xz  T_38.0, 8;
    %pushi/vec4 0, 0, 16;
    %ix/load 4, 16, 0;
    %ix/load 5, 0, 0;
    %flag_set/imm 4, 0;
    %assign/vec4/off/d v0x3b8fa720_0, 4, 5;
    %load/vec4 v0x3b8fa800_0;
    %ix/load 4, 0, 0;
    %ix/load 5, 0, 0;
    %flag_set/imm 4, 0;
    %assign/vec4/off/d v0x3b8fa720_0, 4, 5;
    %jmp T_38.1;
T_38.0 ;
    %load/vec4 v0x3b8fac60_0;
    %flag_set/vec4 8;
    %jmp/0xz  T_38.2, 8;
    %load/vec4 v0x3b8fa720_0;
    %parti/s 30, 0, 2;
    %concati/vec4 0, 0, 2;
    %assign/vec4 v0x3b8fa720_0, 0;
T_38.2 ;
    %load/vec4 v0x3b8fa9b0_0;
    %flag_set/vec4 8;
    %jmp/0xz  T_38.4, 8;
    %load/vec4 v0x3b8fa8c0_0;
    %ix/load 4, 16, 0;
    %ix/load 5, 0, 0;
    %flag_set/imm 4, 0;
    %assign/vec4/off/d v0x3b8fa720_0, 4, 5;
T_38.4 ;
T_38.1 ;
    %jmp T_38;
    .thread T_38;
    .scope S_0x3b8fae30;
T_39 ;
    %wait E_0x3b8db670;
    %load/vec4 v0x3b8fb6a0_0;
    %flag_set/vec4 8;
    %jmp/0xz  T_39.0, 8;
    %pushi/vec4 0, 0, 16;
    %assign/vec4 v0x3b8fb5e0_0, 0;
    %jmp T_39.1;
T_39.0 ;
    %load/vec4 v0x3b8fb400_0;
    %flag_set/vec4 8;
    %jmp/0xz  T_39.2, 8;
    %load/vec4 v0x3b8fb280_0;
    %assign/vec4 v0x3b8fb5e0_0, 0;
T_39.2 ;
    %load/vec4 v0x3b8fb740_0;
    %flag_set/vec4 8;
    %jmp/0xz  T_39.4, 8;
    %load/vec4 v0x3b8fb5e0_0;
    %parti/s 15, 0, 2;
    %concati/vec4 0, 0, 1;
    %assign/vec4 v0x3b8fb5e0_0, 0;
T_39.4 ;
    %load/vec4 v0x3b8fb4a0_0;
    %flag_set/vec4 8;
    %jmp/0xz  T_39.6, 8;
    %load/vec4 v0x3b8fb5e0_0;
    %parti/s 15, 1, 2;
    %load/vec4 v0x3b8fb360_0;
    %concat/vec4; draw_concat_vec4
    %assign/vec4 v0x3b8fb5e0_0, 0;
T_39.6 ;
T_39.1 ;
    %jmp T_39;
    .thread T_39;
    .scope S_0x3b8fb930;
T_40 ;
    %wait E_0x3b8db670;
    %load/vec4 v0x3b8fc090_0;
    %flag_set/vec4 8;
    %jmp/0xz  T_40.0, 8;
    %pushi/vec4 0, 0, 16;
    %assign/vec4 v0x3b8fbfd0_0, 0;
    %jmp T_40.1;
T_40.0 ;
    %load/vec4 v0x3b8fbe40_0;
    %flag_set/vec4 8;
    %jmp/0xz  T_40.2, 8;
    %load/vec4 v0x3b8fbce0_0;
    %assign/vec4 v0x3b8fbfd0_0, 0;
T_40.2 ;
    %load/vec4 v0x3b8fc1c0_0;
    %flag_set/vec4 8;
    %jmp/0xz  T_40.4, 8;
    %load/vec4 v0x3b8fbfd0_0;
    %parti/s 15, 0, 2;
    %concati/vec4 0, 0, 1;
    %assign/vec4 v0x3b8fbfd0_0, 0;
T_40.4 ;
    %load/vec4 v0x3b8fbee0_0;
    %flag_set/vec4 8;
    %jmp/0xz  T_40.6, 8;
    %load/vec4 v0x3b8fbfd0_0;
    %parti/s 15, 1, 2;
    %load/vec4 v0x3b8fbda0_0;
    %concat/vec4; draw_concat_vec4
    %assign/vec4 v0x3b8fbfd0_0, 0;
T_40.6 ;
T_40.1 ;
    %jmp T_40;
    .thread T_40;
    .scope S_0x3b8f81e0;
T_41 ;
    %wait E_0x3b8f8470;
    %load/vec4 v0x3b8f85f0_0;
    %load/vec4 v0x3b8f86d0_0;
    %inv;
    %add;
    %addi 1, 0, 16;
    %store/vec4 v0x3b8f84f0_0, 0, 16;
    %jmp T_41;
    .thread T_41, $push;
    .scope S_0x3b8f9c90;
T_42 ;
    %pushi/vec4 8, 0, 4;
    %store/vec4 v0x3b8f9f80_0, 0, 4;
    %end;
    .thread T_42;
    .scope S_0x3b8f9c90;
T_43 ;
    %wait E_0x3b8db670;
    %load/vec4 v0x3b8fa160_0;
    %flag_set/vec4 8;
    %jmp/0xz  T_43.0, 8;
    %pushi/vec4 8, 0, 4;
    %assign/vec4 v0x3b8f9f80_0, 0;
    %jmp T_43.1;
T_43.0 ;
    %load/vec4 v0x3b8fa060_0;
    %flag_set/vec4 8;
    %jmp/0xz  T_43.2, 8;
    %load/vec4 v0x3b8f9f80_0;
    %subi 1, 0, 4;
    %assign/vec4 v0x3b8f9f80_0, 0;
    %jmp T_43.3;
T_43.2 ;
    %load/vec4 v0x3b8f9f80_0;
    %assign/vec4 v0x3b8f9f80_0, 0;
T_43.3 ;
T_43.1 ;
    %load/vec4 v0x3b8f9f80_0;
    %pad/u 32;
    %cmpi/e 0, 0, 32;
    %flag_mov 8, 4;
    %jmp/0 T_43.4, 8;
    %pushi/vec4 1, 0, 2;
    %jmp/1 T_43.5, 8;
T_43.4 ; End of true expr.
    %pushi/vec4 0, 0, 2;
    %jmp/0 T_43.5, 8;
 ; End of false expr.
    %blend;
T_43.5;
    %pad/s 1;
    %store/vec4 v0x3b8fa230_0, 0, 1;
    %jmp T_43;
    .thread T_43;
    .scope S_0x3b8f8840;
T_44 ;
    %wait E_0x3b8d52f0;
    %load/vec4 v0x3b8f96d0_0;
    %flag_set/vec4 8;
    %jmp/0xz  T_44.0, 8;
    %pushi/vec4 0, 0, 3;
    %store/vec4 v0x3b8f9850_0, 0, 3;
    %pushi/vec4 0, 0, 8;
    %store/vec4 v0x3b8f8fc0_0, 0, 8;
    %jmp T_44.1;
T_44.0 ;
    %load/vec4 v0x3b8f9850_0;
    %dup/vec4;
    %pushi/vec4 0, 0, 3;
    %cmp/u;
    %jmp/1 T_44.2, 6;
    %dup/vec4;
    %pushi/vec4 2, 0, 3;
    %cmp/u;
    %jmp/1 T_44.3, 6;
    %dup/vec4;
    %pushi/vec4 3, 0, 3;
    %cmp/u;
    %jmp/1 T_44.4, 6;
    %dup/vec4;
    %pushi/vec4 1, 0, 3;
    %cmp/u;
    %jmp/1 T_44.5, 6;
    %dup/vec4;
    %pushi/vec4 4, 0, 3;
    %cmp/u;
    %jmp/1 T_44.6, 6;
    %dup/vec4;
    %pushi/vec4 5, 0, 3;
    %cmp/u;
    %jmp/1 T_44.7, 6;
    %dup/vec4;
    %pushi/vec4 6, 0, 3;
    %cmp/u;
    %jmp/1 T_44.8, 6;
    %pushi/vec4 0, 0, 3;
    %store/vec4 v0x3b8f9850_0, 0, 3;
    %jmp T_44.10;
T_44.2 ;
    %load/vec4 v0x3b8f9170_0;
    %flag_set/vec4 8;
    %jmp/0xz  T_44.11, 8;
    %pushi/vec4 2, 0, 3;
    %store/vec4 v0x3b8f9850_0, 0, 3;
    %jmp T_44.12;
T_44.11 ;
    %pushi/vec4 0, 0, 3;
    %store/vec4 v0x3b8f9850_0, 0, 3;
T_44.12 ;
    %pushi/vec4 0, 0, 8;
    %store/vec4 v0x3b8f8fc0_0, 0, 8;
    %jmp T_44.10;
T_44.3 ;
    %pushi/vec4 3, 0, 3;
    %store/vec4 v0x3b8f9850_0, 0, 3;
    %jmp T_44.10;
T_44.4 ;
    %pushi/vec4 1, 0, 3;
    %store/vec4 v0x3b8f9850_0, 0, 3;
    %jmp T_44.10;
T_44.5 ;
    %load/vec4 v0x3b8f94c0_0;
    %flag_set/vec4 8;
    %jmp/0xz  T_44.13, 8;
    %pushi/vec4 5, 0, 3;
    %store/vec4 v0x3b8f9850_0, 0, 3;
T_44.13 ;
    %load/vec4 v0x3b8f94c0_0;
    %nor/r;
    %flag_set/vec4 8;
    %jmp/0xz  T_44.15, 8;
    %pushi/vec4 4, 0, 3;
    %store/vec4 v0x3b8f9850_0, 0, 3;
T_44.15 ;
    %jmp T_44.10;
T_44.6 ;
    %pushi/vec4 5, 0, 3;
    %store/vec4 v0x3b8f9850_0, 0, 3;
    %jmp T_44.10;
T_44.7 ;
    %load/vec4 v0x3b8f9a10_0;
    %flag_set/vec4 8;
    %jmp/0xz  T_44.17, 8;
    %pushi/vec4 6, 0, 3;
    %store/vec4 v0x3b8f9850_0, 0, 3;
    %jmp T_44.18;
T_44.17 ;
    %pushi/vec4 2, 0, 3;
    %store/vec4 v0x3b8f9850_0, 0, 3;
T_44.18 ;
    %jmp T_44.10;
T_44.8 ;
    %load/vec4 v0x3b8f8fc0_0;
    %addi 1, 0, 8;
    %store/vec4 v0x3b8f8fc0_0, 0, 8;
    %load/vec4 v0x3b8f8fc0_0;
    %pad/u 32;
    %cmpi/u 30, 0, 32;
    %flag_or 5, 4; GT is !LE
    %flag_inv 5;
    %flag_mov 8, 5;
    %jmp/0 T_44.19, 8;
    %pushi/vec4 0, 0, 3;
    %jmp/1 T_44.20, 8;
T_44.19 ; End of true expr.
    %pushi/vec4 6, 0, 3;
    %jmp/0 T_44.20, 8;
 ; End of false expr.
    %blend;
T_44.20;
    %store/vec4 v0x3b8f9850_0, 0, 3;
    %jmp T_44.10;
T_44.10 ;
    %pop/vec4 1;
T_44.1 ;
    %jmp T_44;
    .thread T_44;
    .scope S_0x3b8f8840;
T_45 ;
    %wait E_0x3b8f8ea0;
    %load/vec4 v0x3b8f9850_0;
    %dup/vec4;
    %pushi/vec4 0, 0, 3;
    %cmp/u;
    %jmp/1 T_45.0, 6;
    %dup/vec4;
    %pushi/vec4 1, 0, 3;
    %cmp/u;
    %jmp/1 T_45.1, 6;
    %dup/vec4;
    %pushi/vec4 2, 0, 3;
    %cmp/u;
    %jmp/1 T_45.2, 6;
    %dup/vec4;
    %pushi/vec4 3, 0, 3;
    %cmp/u;
    %jmp/1 T_45.3, 6;
    %dup/vec4;
    %pushi/vec4 4, 0, 3;
    %cmp/u;
    %jmp/1 T_45.4, 6;
    %dup/vec4;
    %pushi/vec4 5, 0, 3;
    %cmp/u;
    %jmp/1 T_45.5, 6;
    %dup/vec4;
    %pushi/vec4 6, 0, 3;
    %cmp/u;
    %jmp/1 T_45.6, 6;
    %pushi/vec4 0, 0, 1;
    %store/vec4 v0x3b8f90a0_0, 0, 1;
    %pushi/vec4 0, 0, 1;
    %store/vec4 v0x3b8f9340_0, 0, 1;
    %pushi/vec4 0, 0, 1;
    %store/vec4 v0x3b8f9580_0, 0, 1;
    %pushi/vec4 0, 0, 1;
    %store/vec4 v0x3b8f9790_0, 0, 1;
    %pushi/vec4 0, 0, 1;
    %store/vec4 v0x3b8f9230_0, 0, 1;
    %pushi/vec4 0, 0, 1;
    %store/vec4 v0x3b8f9400_0, 0, 1;
    %jmp T_45.8;
T_45.0 ;
    %pushi/vec4 0, 0, 1;
    %store/vec4 v0x3b8f90a0_0, 0, 1;
    %pushi/vec4 0, 0, 1;
    %store/vec4 v0x3b8f9340_0, 0, 1;
    %pushi/vec4 0, 0, 1;
    %store/vec4 v0x3b8f9580_0, 0, 1;
    %pushi/vec4 0, 0, 1;
    %store/vec4 v0x3b8f9790_0, 0, 1;
    %pushi/vec4 1, 0, 1;
    %store/vec4 v0x3b8f9230_0, 0, 1;
    %pushi/vec4 0, 0, 1;
    %store/vec4 v0x3b8f9400_0, 0, 1;
    %jmp T_45.8;
T_45.1 ;
    %pushi/vec4 0, 0, 1;
    %store/vec4 v0x3b8f90a0_0, 0, 1;
    %pushi/vec4 0, 0, 1;
    %store/vec4 v0x3b8f9340_0, 0, 1;
    %pushi/vec4 0, 0, 1;
    %store/vec4 v0x3b8f9580_0, 0, 1;
    %pushi/vec4 0, 0, 1;
    %store/vec4 v0x3b8f9790_0, 0, 1;
    %pushi/vec4 0, 0, 1;
    %store/vec4 v0x3b8f9230_0, 0, 1;
    %pushi/vec4 0, 0, 1;
    %store/vec4 v0x3b8f9400_0, 0, 1;
    %jmp T_45.8;
T_45.2 ;
    %pushi/vec4 0, 0, 1;
    %store/vec4 v0x3b8f90a0_0, 0, 1;
    %pushi/vec4 0, 0, 1;
    %store/vec4 v0x3b8f9340_0, 0, 1;
    %pushi/vec4 0, 0, 1;
    %store/vec4 v0x3b8f9580_0, 0, 1;
    %pushi/vec4 1, 0, 1;
    %store/vec4 v0x3b8f9790_0, 0, 1;
    %pushi/vec4 0, 0, 1;
    %store/vec4 v0x3b8f9230_0, 0, 1;
    %pushi/vec4 0, 0, 1;
    %store/vec4 v0x3b8f9400_0, 0, 1;
    %jmp T_45.8;
T_45.3 ;
    %pushi/vec4 0, 0, 1;
    %store/vec4 v0x3b8f90a0_0, 0, 1;
    %pushi/vec4 1, 0, 1;
    %store/vec4 v0x3b8f9340_0, 0, 1;
    %pushi/vec4 0, 0, 1;
    %store/vec4 v0x3b8f9580_0, 0, 1;
    %pushi/vec4 0, 0, 1;
    %store/vec4 v0x3b8f9790_0, 0, 1;
    %pushi/vec4 0, 0, 1;
    %store/vec4 v0x3b8f9230_0, 0, 1;
    %pushi/vec4 0, 0, 1;
    %store/vec4 v0x3b8f9400_0, 0, 1;
    %jmp T_45.8;
T_45.4 ;
    %pushi/vec4 0, 0, 1;
    %store/vec4 v0x3b8f90a0_0, 0, 1;
    %pushi/vec4 0, 0, 1;
    %store/vec4 v0x3b8f9340_0, 0, 1;
    %pushi/vec4 1, 0, 1;
    %store/vec4 v0x3b8f9580_0, 0, 1;
    %pushi/vec4 0, 0, 1;
    %store/vec4 v0x3b8f9790_0, 0, 1;
    %pushi/vec4 0, 0, 1;
    %store/vec4 v0x3b8f9230_0, 0, 1;
    %pushi/vec4 1, 0, 1;
    %store/vec4 v0x3b8f9400_0, 0, 1;
    %jmp T_45.8;
T_45.5 ;
    %pushi/vec4 0, 0, 1;
    %store/vec4 v0x3b8f90a0_0, 0, 1;
    %pushi/vec4 0, 0, 1;
    %store/vec4 v0x3b8f9340_0, 0, 1;
    %pushi/vec4 0, 0, 1;
    %store/vec4 v0x3b8f9580_0, 0, 1;
    %pushi/vec4 0, 0, 1;
    %store/vec4 v0x3b8f9790_0, 0, 1;
    %pushi/vec4 0, 0, 1;
    %store/vec4 v0x3b8f9230_0, 0, 1;
    %pushi/vec4 0, 0, 1;
    %store/vec4 v0x3b8f9400_0, 0, 1;
    %jmp T_45.8;
T_45.6 ;
    %pushi/vec4 1, 0, 1;
    %store/vec4 v0x3b8f90a0_0, 0, 1;
    %pushi/vec4 0, 0, 1;
    %store/vec4 v0x3b8f9340_0, 0, 1;
    %pushi/vec4 0, 0, 1;
    %store/vec4 v0x3b8f9580_0, 0, 1;
    %pushi/vec4 0, 0, 1;
    %store/vec4 v0x3b8f9790_0, 0, 1;
    %pushi/vec4 0, 0, 1;
    %store/vec4 v0x3b8f9230_0, 0, 1;
    %pushi/vec4 0, 0, 1;
    %store/vec4 v0x3b8f9400_0, 0, 1;
    %jmp T_45.8;
T_45.8 ;
    %pop/vec4 1;
    %jmp T_45;
    .thread T_45, $push;
    .scope S_0x3b8f8840;
T_46 ;
    %wait E_0x3b8f8ea0;
    %load/vec4 v0x3b8f9850_0;
    %dup/vec4;
    %pushi/vec4 0, 0, 3;
    %cmp/u;
    %jmp/1 T_46.0, 6;
    %dup/vec4;
    %pushi/vec4 1, 0, 3;
    %cmp/u;
    %jmp/1 T_46.1, 6;
    %dup/vec4;
    %pushi/vec4 2, 0, 3;
    %cmp/u;
    %jmp/1 T_46.2, 6;
    %dup/vec4;
    %pushi/vec4 3, 0, 3;
    %cmp/u;
    %jmp/1 T_46.3, 6;
    %dup/vec4;
    %pushi/vec4 4, 0, 3;
    %cmp/u;
    %jmp/1 T_46.4, 6;
    %dup/vec4;
    %pushi/vec4 6, 0, 3;
    %cmp/u;
    %jmp/1 T_46.5, 6;
    %jmp T_46.6;
T_46.0 ;
    %pushi/vec4 0, 0, 32; draw_string_vec4
    %pushi/vec4 0, 0, 32; draw_string_vec4
    %concat/vec4; draw_string_vec4
    %pushi/vec4 0, 0, 32; draw_string_vec4
    %concat/vec4; draw_string_vec4
    %pushi/vec4 0, 0, 32; draw_string_vec4
    %concat/vec4; draw_string_vec4
    %pushi/vec4 0, 0, 32; draw_string_vec4
    %concat/vec4; draw_string_vec4
    %pushi/vec4 0, 0, 32; draw_string_vec4
    %concat/vec4; draw_string_vec4
    %pushi/vec4 0, 0, 32; draw_string_vec4
    %concat/vec4; draw_string_vec4
    %pushi/vec4 0, 0, 32; draw_string_vec4
    %concat/vec4; draw_string_vec4
    %pushi/vec4 83, 0, 32; draw_string_vec4
    %concat/vec4; draw_string_vec4
    %pushi/vec4 1413567060, 0, 32; draw_string_vec4
    %concat/vec4; draw_string_vec4
    %store/vec4 v0x3b8f9930_0, 0, 320;
    %jmp T_46.6;
T_46.1 ;
    %pushi/vec4 0, 0, 32; draw_string_vec4
    %pushi/vec4 0, 0, 32; draw_string_vec4
    %concat/vec4; draw_string_vec4
    %pushi/vec4 0, 0, 32; draw_string_vec4
    %concat/vec4; draw_string_vec4
    %pushi/vec4 0, 0, 32; draw_string_vec4
    %concat/vec4; draw_string_vec4
    %pushi/vec4 0, 0, 32; draw_string_vec4
    %concat/vec4; draw_string_vec4
    %pushi/vec4 0, 0, 32; draw_string_vec4
    %concat/vec4; draw_string_vec4
    %pushi/vec4 0, 0, 32; draw_string_vec4
    %concat/vec4; draw_string_vec4
    %pushi/vec4 0, 0, 32; draw_string_vec4
    %concat/vec4; draw_string_vec4
    %pushi/vec4 67, 0, 32; draw_string_vec4
    %concat/vec4; draw_string_vec4
    %pushi/vec4 1212498763, 0, 32; draw_string_vec4
    %concat/vec4; draw_string_vec4
    %store/vec4 v0x3b8f9930_0, 0, 320;
    %jmp T_46.6;
T_46.2 ;
    %pushi/vec4 0, 0, 32; draw_string_vec4
    %pushi/vec4 0, 0, 32; draw_string_vec4
    %concat/vec4; draw_string_vec4
    %pushi/vec4 0, 0, 32; draw_string_vec4
    %concat/vec4; draw_string_vec4
    %pushi/vec4 0, 0, 32; draw_string_vec4
    %concat/vec4; draw_string_vec4
    %pushi/vec4 0, 0, 32; draw_string_vec4
    %concat/vec4; draw_string_vec4
    %pushi/vec4 0, 0, 32; draw_string_vec4
    %concat/vec4; draw_string_vec4
    %pushi/vec4 0, 0, 32; draw_string_vec4
    %concat/vec4; draw_string_vec4
    %pushi/vec4 83, 0, 32; draw_string_vec4
    %concat/vec4; draw_string_vec4
    %pushi/vec4 1212761684, 0, 32; draw_string_vec4
    %concat/vec4; draw_string_vec4
    %pushi/vec4 1598309699, 0, 32; draw_string_vec4
    %concat/vec4; draw_string_vec4
    %store/vec4 v0x3b8f9930_0, 0, 320;
    %jmp T_46.6;
T_46.3 ;
    %pushi/vec4 0, 0, 32; draw_string_vec4
    %pushi/vec4 0, 0, 32; draw_string_vec4
    %concat/vec4; draw_string_vec4
    %pushi/vec4 0, 0, 32; draw_string_vec4
    %concat/vec4; draw_string_vec4
    %pushi/vec4 0, 0, 32; draw_string_vec4
    %concat/vec4; draw_string_vec4
    %pushi/vec4 0, 0, 32; draw_string_vec4
    %concat/vec4; draw_string_vec4
    %pushi/vec4 0, 0, 32; draw_string_vec4
    %concat/vec4; draw_string_vec4
    %pushi/vec4 0, 0, 32; draw_string_vec4
    %concat/vec4; draw_string_vec4
    %pushi/vec4 0, 0, 32; draw_string_vec4
    %concat/vec4; draw_string_vec4
    %pushi/vec4 1280262468, 0, 32; draw_string_vec4
    %concat/vec4; draw_string_vec4
    %pushi/vec4 1599360336, 0, 32; draw_string_vec4
    %concat/vec4; draw_string_vec4
    %store/vec4 v0x3b8f9930_0, 0, 320;
    %jmp T_46.6;
T_46.4 ;
    %pushi/vec4 0, 0, 32; draw_string_vec4
    %pushi/vec4 0, 0, 32; draw_string_vec4
    %concat/vec4; draw_string_vec4
    %pushi/vec4 0, 0, 32; draw_string_vec4
    %concat/vec4; draw_string_vec4
    %pushi/vec4 0, 0, 32; draw_string_vec4
    %concat/vec4; draw_string_vec4
    %pushi/vec4 0, 0, 32; draw_string_vec4
    %concat/vec4; draw_string_vec4
    %pushi/vec4 0, 0, 32; draw_string_vec4
    %concat/vec4; draw_string_vec4
    %pushi/vec4 0, 0, 32; draw_string_vec4
    %concat/vec4; draw_string_vec4
    %pushi/vec4 0, 0, 32; draw_string_vec4
    %concat/vec4; draw_string_vec4
    %pushi/vec4 5001025, 0, 32; draw_string_vec4
    %concat/vec4; draw_string_vec4
    %pushi/vec4 1147093298, 0, 32; draw_string_vec4
    %concat/vec4; draw_string_vec4
    %store/vec4 v0x3b8f9930_0, 0, 320;
    %jmp T_46.6;
T_46.5 ;
    %pushi/vec4 0, 0, 32; draw_string_vec4
    %pushi/vec4 0, 0, 32; draw_string_vec4
    %concat/vec4; draw_string_vec4
    %pushi/vec4 0, 0, 32; draw_string_vec4
    %concat/vec4; draw_string_vec4
    %pushi/vec4 0, 0, 32; draw_string_vec4
    %concat/vec4; draw_string_vec4
    %pushi/vec4 0, 0, 32; draw_string_vec4
    %concat/vec4; draw_string_vec4
    %pushi/vec4 0, 0, 32; draw_string_vec4
    %concat/vec4; draw_string_vec4
    %pushi/vec4 0, 0, 32; draw_string_vec4
    %concat/vec4; draw_string_vec4
    %pushi/vec4 0, 0, 32; draw_string_vec4
    %concat/vec4; draw_string_vec4
    %pushi/vec4 0, 0, 32; draw_string_vec4
    %concat/vec4; draw_string_vec4
    %pushi/vec4 1162757169, 0, 32; draw_string_vec4
    %concat/vec4; draw_string_vec4
    %store/vec4 v0x3b8f9930_0, 0, 320;
    %jmp T_46.6;
T_46.6 ;
    %pop/vec4 1;
    %jmp T_46;
    .thread T_46, $push;
    .scope S_0x3b8f7c00;
T_47 ;
    %wait E_0x3b8f7ea0;
    %load/vec4 v0x3b8fd5e0_0;
    %flag_set/vec4 8;
    %jmp/0xz  T_47.0, 8;
    %load/vec4 v0x3b8fd460_0;
    %dup/vec4;
    %pushi/vec4 4, 0, 5;
    %cmp/u;
    %jmp/1 T_47.2, 6;
    %dup/vec4;
    %pushi/vec4 12, 0, 5;
    %cmp/u;
    %jmp/1 T_47.3, 6;
    %dup/vec4;
    %pushi/vec4 16, 0, 5;
    %cmp/u;
    %jmp/1 T_47.4, 6;
    %dup/vec4;
    %pushi/vec4 20, 0, 5;
    %cmp/u;
    %jmp/1 T_47.5, 6;
    %pushi/vec4 0, 0, 5;
    %store/vec4 v0x3b8fdc70_0, 0, 5;
    %jmp T_47.7;
T_47.2 ;
    %pushi/vec4 1, 0, 5;
    %store/vec4 v0x3b8fdc70_0, 0, 5;
    %jmp T_47.7;
T_47.3 ;
    %pushi/vec4 4, 0, 5;
    %store/vec4 v0x3b8fdc70_0, 0, 5;
    %jmp T_47.7;
T_47.4 ;
    %pushi/vec4 8, 0, 5;
    %store/vec4 v0x3b8fdc70_0, 0, 5;
    %jmp T_47.7;
T_47.5 ;
    %pushi/vec4 16, 0, 5;
    %store/vec4 v0x3b8fdc70_0, 0, 5;
    %jmp T_47.7;
T_47.7 ;
    %pop/vec4 1;
    %jmp T_47.1;
T_47.0 ;
    %pushi/vec4 0, 0, 5;
    %store/vec4 v0x3b8fdc70_0, 0, 5;
T_47.1 ;
    %jmp T_47;
    .thread T_47, $push;
    .scope S_0x3b8f7c00;
T_48 ;
    %wait E_0x3b8db670;
    %load/vec4 v0x3b8fdb10_0;
    %flag_set/vec4 8;
    %jmp/0xz  T_48.0, 8;
    %pushi/vec4 0, 0, 1;
    %store/vec4 v0x3b8fd980_0, 0, 1;
    %pushi/vec4 0, 0, 16;
    %store/vec4 v0x3b8fd330_0, 0, 16;
    %jmp T_48.1;
T_48.0 ;
    %load/vec4 v0x3b8fd5e0_0;
    %flag_set/vec4 9;
    %flag_get/vec4 9;
    %jmp/0 T_48.4, 9;
    %load/vec4 v0x3b8fdd50_0;
    %and;
T_48.4;
    %flag_set/vec4 8;
    %jmp/0xz  T_48.2, 8;
    %load/vec4 v0x3b8fdc70_0;
    %parti/s 1, 0, 2;
    %flag_set/vec4 8;
    %jmp/0 T_48.5, 8;
    %load/vec4 v0x3b8fd680_0;
    %jmp/1 T_48.6, 8;
T_48.5 ; End of true expr.
    %load/vec4 v0x3b8fd330_0;
    %jmp/0 T_48.6, 8;
 ; End of false expr.
    %blend;
T_48.6;
    %store/vec4 v0x3b8fd330_0, 0, 16;
    %load/vec4 v0x3b8fdc70_0;
    %parti/s 1, 2, 3;
    %flag_set/vec4 8;
    %jmp/0 T_48.7, 8;
    %load/vec4 v0x3b8fd680_0;
    %parti/s 1, 0, 2;
    %jmp/1 T_48.8, 8;
T_48.7 ; End of true expr.
    %load/vec4 v0x3b8fd980_0;
    %jmp/0 T_48.8, 8;
 ; End of false expr.
    %blend;
T_48.8;
    %store/vec4 v0x3b8fd980_0, 0, 1;
T_48.2 ;
T_48.1 ;
    %jmp T_48;
    .thread T_48;
    .scope S_0x3b8f7c00;
T_49 ;
    %wait E_0x3b8db670;
    %load/vec4 v0x3b8fdb10_0;
    %flag_set/vec4 8;
    %jmp/0xz  T_49.0, 8;
    %pushi/vec4 0, 0, 32;
    %store/vec4 v0x3b8fd7b0_0, 0, 32;
    %jmp T_49.1;
T_49.0 ;
    %load/vec4 v0x3b8fd5e0_0;
    %flag_set/vec4 8;
    %jmp/0xz  T_49.2, 8;
    %load/vec4 v0x3b8fdc70_0;
    %dup/vec4;
    %pushi/vec4 8, 0, 5;
    %cmp/u;
    %jmp/1 T_49.4, 6;
    %dup/vec4;
    %pushi/vec4 16, 0, 5;
    %cmp/u;
    %jmp/1 T_49.5, 6;
    %jmp T_49.6;
T_49.4 ;
    %pushi/vec4 0, 0, 16;
    %load/vec4 v0x3b8fdbb0_0;
    %concat/vec4; draw_concat_vec4
    %store/vec4 v0x3b8fd7b0_0, 0, 32;
    %jmp T_49.6;
T_49.5 ;
    %pushi/vec4 0, 0, 31;
    %load/vec4 v0x3b8fd890_0;
    %concat/vec4; draw_concat_vec4
    %store/vec4 v0x3b8fd7b0_0, 0, 32;
    %jmp T_49.6;
T_49.6 ;
    %pop/vec4 1;
T_49.2 ;
T_49.1 ;
    %jmp T_49;
    .thread T_49;
    .scope S_0x3b8e5530;
T_50 ;
    %wait E_0x3b8db670;
    %load/vec4 v0x3b8e5ca0_0;
    %flag_set/vec4 8;
    %jmp/0xz  T_50.0, 8;
    %pushi/vec4 0, 0, 20;
    %ix/load 4, 16, 0;
    %ix/load 5, 0, 0;
    %flag_set/imm 4, 0;
    %assign/vec4/off/d v0x3b8e5810_0, 4, 5;
    %load/vec4 v0x3b8e58f0_0;
    %ix/load 4, 0, 0;
    %ix/load 5, 0, 0;
    %flag_set/imm 4, 0;
    %assign/vec4/off/d v0x3b8e5810_0, 4, 5;
    %jmp T_50.1;
T_50.0 ;
    %load/vec4 v0x3b8e5d90_0;
    %flag_set/vec4 8;
    %jmp/0xz  T_50.2, 8;
    %load/vec4 v0x3b8e5810_0;
    %parti/s 35, 0, 2;
    %concati/vec4 0, 0, 1;
    %assign/vec4 v0x3b8e5810_0, 0;
    %jmp T_50.3;
T_50.2 ;
    %load/vec4 v0x3b8e5a90_0;
    %parti/s 1, 4, 4;
    %pad/u 32;
    %cmpi/e 1, 0, 32;
    %jmp/0xz  T_50.4, 4;
    %load/vec4 v0x3b8e59b0_0;
    %parti/s 4, 16, 6;
    %ix/load 4, 32, 0;
    %ix/load 5, 0, 0;
    %flag_set/imm 4, 0;
    %assign/vec4/off/d v0x3b8e5810_0, 4, 5;
T_50.4 ;
    %load/vec4 v0x3b8e5a90_0;
    %parti/s 1, 3, 3;
    %pad/u 32;
    %cmpi/e 1, 0, 32;
    %jmp/0xz  T_50.6, 4;
    %load/vec4 v0x3b8e59b0_0;
    %parti/s 4, 12, 5;
    %ix/load 4, 28, 0;
    %ix/load 5, 0, 0;
    %flag_set/imm 4, 0;
    %assign/vec4/off/d v0x3b8e5810_0, 4, 5;
T_50.6 ;
    %load/vec4 v0x3b8e5a90_0;
    %parti/s 1, 2, 3;
    %pad/u 32;
    %cmpi/e 1, 0, 32;
    %jmp/0xz  T_50.8, 4;
    %load/vec4 v0x3b8e59b0_0;
    %parti/s 4, 8, 5;
    %ix/load 4, 24, 0;
    %ix/load 5, 0, 0;
    %flag_set/imm 4, 0;
    %assign/vec4/off/d v0x3b8e5810_0, 4, 5;
T_50.8 ;
    %load/vec4 v0x3b8e5a90_0;
    %parti/s 1, 1, 2;
    %pad/u 32;
    %cmpi/e 1, 0, 32;
    %jmp/0xz  T_50.10, 4;
    %load/vec4 v0x3b8e59b0_0;
    %parti/s 4, 4, 4;
    %ix/load 4, 20, 0;
    %ix/load 5, 0, 0;
    %flag_set/imm 4, 0;
    %assign/vec4/off/d v0x3b8e5810_0, 4, 5;
T_50.10 ;
    %load/vec4 v0x3b8e5a90_0;
    %parti/s 1, 0, 2;
    %pad/u 32;
    %cmpi/e 1, 0, 32;
    %jmp/0xz  T_50.12, 4;
    %load/vec4 v0x3b8e59b0_0;
    %parti/s 4, 0, 2;
    %ix/load 4, 16, 0;
    %ix/load 5, 0, 0;
    %flag_set/imm 4, 0;
    %assign/vec4/off/d v0x3b8e5810_0, 4, 5;
T_50.12 ;
T_50.3 ;
T_50.1 ;
    %jmp T_50;
    .thread T_50;
    .scope S_0x3b8e5fa0;
T_51 ;
    %wait E_0x3b8e5710;
    %load/vec4 v0x3b8e6580_0;
    %flag_set/vec4 8;
    %jmp/0xz  T_51.0, 8;
    %load/vec4 v0x3b8e63e0_0;
    %store/vec4 v0x3b8e64c0_0, 0, 4;
    %jmp T_51.1;
T_51.0 ;
    %load/vec4 v0x3b8e62e0_0;
    %store/vec4 v0x3b8e64c0_0, 0, 4;
T_51.1 ;
    %jmp T_51;
    .thread T_51, $push;
    .scope S_0x3b8e66b0;
T_52 ;
    %wait E_0x3b8e68d0;
    %load/vec4 v0x3b8e6c20_0;
    %flag_set/vec4 8;
    %jmp/0xz  T_52.0, 8;
    %load/vec4 v0x3b8e6a50_0;
    %store/vec4 v0x3b8e6b30_0, 0, 4;
    %jmp T_52.1;
T_52.0 ;
    %load/vec4 v0x3b8e6950_0;
    %store/vec4 v0x3b8e6b30_0, 0, 4;
T_52.1 ;
    %jmp T_52;
    .thread T_52, $push;
    .scope S_0x3b8e6d90;
T_53 ;
    %wait E_0x3b8e7000;
    %load/vec4 v0x3b8e7350_0;
    %flag_set/vec4 8;
    %jmp/0xz  T_53.0, 8;
    %load/vec4 v0x3b8e7180_0;
    %store/vec4 v0x3b8e7260_0, 0, 4;
    %jmp T_53.1;
T_53.0 ;
    %load/vec4 v0x3b8e7080_0;
    %store/vec4 v0x3b8e7260_0, 0, 4;
T_53.1 ;
    %jmp T_53;
    .thread T_53, $push;
    .scope S_0x3b8e74a0;
T_54 ;
    %wait E_0x3b8e7710;
    %load/vec4 v0x3b8e7a60_0;
    %flag_set/vec4 8;
    %jmp/0xz  T_54.0, 8;
    %load/vec4 v0x3b8e7890_0;
    %store/vec4 v0x3b8e7970_0, 0, 4;
    %jmp T_54.1;
T_54.0 ;
    %load/vec4 v0x3b8e7790_0;
    %store/vec4 v0x3b8e7970_0, 0, 4;
T_54.1 ;
    %jmp T_54;
    .thread T_54, $push;
    .scope S_0x3b8e7c40;
T_55 ;
    %wait E_0x3b8e7e60;
    %load/vec4 v0x3b8e81b0_0;
    %flag_set/vec4 8;
    %jmp/0xz  T_55.0, 8;
    %load/vec4 v0x3b8e7fe0_0;
    %store/vec4 v0x3b8e80c0_0, 0, 4;
    %jmp T_55.1;
T_55.0 ;
    %load/vec4 v0x3b8e7ee0_0;
    %store/vec4 v0x3b8e80c0_0, 0, 4;
T_55.1 ;
    %jmp T_55;
    .thread T_55, $push;
    .scope S_0x3b8e1ce0;
T_56 ;
    %wait E_0x3b8e1f00;
    %load/vec4 v0x3b8e2080_0;
    %load/vec4 v0x3b8e2160_0;
    %add;
    %store/vec4 v0x3b8e1f80_0, 0, 4;
    %jmp T_56;
    .thread T_56, $push;
    .scope S_0x3b8e22a0;
T_57 ;
    %wait E_0x3b8e2480;
    %load/vec4 v0x3b8e2600_0;
    %load/vec4 v0x3b8e26e0_0;
    %add;
    %store/vec4 v0x3b8e2500_0, 0, 4;
    %jmp T_57;
    .thread T_57, $push;
    .scope S_0x3b8e2820;
T_58 ;
    %wait E_0x3b8e2a70;
    %load/vec4 v0x3b8e2bd0_0;
    %load/vec4 v0x3b8e2cb0_0;
    %add;
    %store/vec4 v0x3b8e2ad0_0, 0, 4;
    %jmp T_58;
    .thread T_58, $push;
    .scope S_0x3b8e2df0;
T_59 ;
    %wait E_0x3b8e3040;
    %load/vec4 v0x3b8e31c0_0;
    %load/vec4 v0x3b8e32a0_0;
    %add;
    %store/vec4 v0x3b8e30c0_0, 0, 4;
    %jmp T_59;
    .thread T_59, $push;
    .scope S_0x3b8e33e0;
T_60 ;
    %wait E_0x3b8e3680;
    %load/vec4 v0x3b8e3800_0;
    %load/vec4 v0x3b8e38e0_0;
    %add;
    %store/vec4 v0x3b8e3700_0, 0, 4;
    %jmp T_60;
    .thread T_60, $push;
    .scope S_0x3b8e8300;
T_61 ;
    %wait E_0x3b8e85f0;
    %load/vec4 v0x3b8e89a0_0;
    %flag_set/vec4 8;
    %jmp/0xz  T_61.0, 8;
    %load/vec4 v0x3b8e8730_0;
    %inv;
    %store/vec4 v0x3b8e8a90_0, 0, 5;
    %jmp T_61.1;
T_61.0 ;
    %pushi/vec4 0, 0, 5;
    %store/vec4 v0x3b8e8a90_0, 0, 5;
T_61.1 ;
    %jmp T_61;
    .thread T_61, $push;
    .scope S_0x3b8e8300;
T_62 ;
    %wait E_0x3b8db670;
    %load/vec4 v0x3b8e8b60_0;
    %flag_set/vec4 8;
    %jmp/0xz  T_62.0, 8;
    %pushi/vec4 0, 0, 5;
    %assign/vec4 v0x3b8e8730_0, 0;
    %jmp T_62.1;
T_62.0 ;
    %load/vec4 v0x3b8e88d0_0;
    %flag_set/vec4 8;
    %jmp/0xz  T_62.2, 8;
    %load/vec4 v0x3b8e8810_0;
    %assign/vec4 v0x3b8e8730_0, 0;
T_62.2 ;
T_62.1 ;
    %jmp T_62;
    .thread T_62;
    .scope S_0x3b8e4e80;
T_63 ;
    %pushi/vec4 8, 0, 5;
    %store/vec4 v0x3b8e5160_0, 0, 5;
    %end;
    .thread T_63;
    .scope S_0x3b8e4e80;
T_64 ;
    %wait E_0x3b8db670;
    %load/vec4 v0x3b8e5340_0;
    %flag_set/vec4 8;
    %jmp/0xz  T_64.0, 8;
    %pushi/vec4 16, 0, 5;
    %assign/vec4 v0x3b8e5160_0, 0;
    %jmp T_64.1;
T_64.0 ;
    %load/vec4 v0x3b8e5240_0;
    %flag_set/vec4 8;
    %jmp/0xz  T_64.2, 8;
    %load/vec4 v0x3b8e5160_0;
    %subi 1, 0, 5;
    %assign/vec4 v0x3b8e5160_0, 0;
    %jmp T_64.3;
T_64.2 ;
    %load/vec4 v0x3b8e5160_0;
    %assign/vec4 v0x3b8e5160_0, 0;
T_64.3 ;
T_64.1 ;
    %load/vec4 v0x3b8e5160_0;
    %pad/u 32;
    %cmpi/e 0, 0, 32;
    %flag_mov 8, 4;
    %jmp/0 T_64.4, 8;
    %pushi/vec4 1, 0, 2;
    %jmp/1 T_64.5, 8;
T_64.4 ; End of true expr.
    %pushi/vec4 0, 0, 2;
    %jmp/0 T_64.5, 8;
 ; End of false expr.
    %blend;
T_64.5;
    %pad/s 1;
    %store/vec4 v0x3b8e5410_0, 0, 1;
    %jmp T_64;
    .thread T_64;
    .scope S_0x3b8e3a20;
T_65 ;
    %wait E_0x3b8d52f0;
    %load/vec4 v0x3b8e4880_0;
    %flag_set/vec4 8;
    %jmp/0xz  T_65.0, 8;
    %pushi/vec4 0, 0, 3;
    %store/vec4 v0x3b8e4ac0_0, 0, 3;
    %pushi/vec4 0, 0, 6;
    %store/vec4 v0x3b8e4490_0, 0, 6;
    %jmp T_65.1;
T_65.0 ;
    %load/vec4 v0x3b8e4ac0_0;
    %dup/vec4;
    %pushi/vec4 0, 0, 3;
    %cmp/u;
    %jmp/1 T_65.2, 6;
    %dup/vec4;
    %pushi/vec4 2, 0, 3;
    %cmp/u;
    %jmp/1 T_65.3, 6;
    %dup/vec4;
    %pushi/vec4 1, 0, 3;
    %cmp/u;
    %jmp/1 T_65.4, 6;
    %dup/vec4;
    %pushi/vec4 4, 0, 3;
    %cmp/u;
    %jmp/1 T_65.5, 6;
    %dup/vec4;
    %pushi/vec4 3, 0, 3;
    %cmp/u;
    %jmp/1 T_65.6, 6;
    %dup/vec4;
    %pushi/vec4 5, 0, 3;
    %cmp/u;
    %jmp/1 T_65.7, 6;
    %pushi/vec4 0, 0, 3;
    %store/vec4 v0x3b8e4ac0_0, 0, 3;
    %jmp T_65.9;
T_65.2 ;
    %pushi/vec4 0, 0, 6;
    %store/vec4 v0x3b8e4490_0, 0, 6;
    %load/vec4 v0x3b8e45f0_0;
    %flag_set/vec4 8;
    %jmp/0xz  T_65.10, 8;
    %pushi/vec4 2, 0, 3;
    %store/vec4 v0x3b8e4ac0_0, 0, 3;
    %jmp T_65.11;
T_65.10 ;
    %pushi/vec4 0, 0, 3;
    %store/vec4 v0x3b8e4ac0_0, 0, 3;
T_65.11 ;
    %jmp T_65.9;
T_65.3 ;
    %pushi/vec4 1, 0, 3;
    %store/vec4 v0x3b8e4ac0_0, 0, 3;
    %jmp T_65.9;
T_65.4 ;
    %load/vec4 v0x3b8e4c80_0;
    %flag_set/vec4 8;
    %jmp/0xz  T_65.12, 8;
    %pushi/vec4 5, 0, 3;
    %store/vec4 v0x3b8e4ac0_0, 0, 3;
    %jmp T_65.13;
T_65.12 ;
    %pushi/vec4 4, 0, 3;
    %store/vec4 v0x3b8e4ac0_0, 0, 3;
T_65.13 ;
    %jmp T_65.9;
T_65.5 ;
    %pushi/vec4 3, 0, 3;
    %store/vec4 v0x3b8e4ac0_0, 0, 3;
    %jmp T_65.9;
T_65.6 ;
    %pushi/vec4 2, 0, 3;
    %store/vec4 v0x3b8e4ac0_0, 0, 3;
    %jmp T_65.9;
T_65.7 ;
    %load/vec4 v0x3b8e4490_0;
    %addi 1, 0, 6;
    %store/vec4 v0x3b8e4490_0, 0, 6;
    %load/vec4 v0x3b8e4490_0;
    %pad/u 32;
    %cmpi/u 30, 0, 32;
    %flag_or 5, 4; GT is !LE
    %flag_inv 5;
    %flag_mov 8, 5;
    %jmp/0 T_65.14, 8;
    %pushi/vec4 0, 0, 3;
    %jmp/1 T_65.15, 8;
T_65.14 ; End of true expr.
    %pushi/vec4 5, 0, 3;
    %jmp/0 T_65.15, 8;
 ; End of false expr.
    %blend;
T_65.15;
    %store/vec4 v0x3b8e4ac0_0, 0, 3;
    %jmp T_65.9;
T_65.9 ;
    %pop/vec4 1;
T_65.1 ;
    %jmp T_65;
    .thread T_65;
    .scope S_0x3b8e3a20;
T_66 ;
    %wait E_0x3b8e4180;
    %load/vec4 v0x3b8e4ac0_0;
    %dup/vec4;
    %pushi/vec4 0, 0, 3;
    %cmp/u;
    %jmp/1 T_66.0, 6;
    %dup/vec4;
    %pushi/vec4 2, 0, 3;
    %cmp/u;
    %jmp/1 T_66.1, 6;
    %dup/vec4;
    %pushi/vec4 1, 0, 3;
    %cmp/u;
    %jmp/1 T_66.2, 6;
    %dup/vec4;
    %pushi/vec4 4, 0, 3;
    %cmp/u;
    %jmp/1 T_66.3, 6;
    %dup/vec4;
    %pushi/vec4 3, 0, 3;
    %cmp/u;
    %jmp/1 T_66.4, 6;
    %dup/vec4;
    %pushi/vec4 5, 0, 3;
    %cmp/u;
    %jmp/1 T_66.5, 6;
    %pushi/vec4 0, 0, 1;
    %store/vec4 v0x3b8e4530_0, 0, 1;
    %pushi/vec4 0, 0, 1;
    %store/vec4 v0x3b8e47c0_0, 0, 1;
    %pushi/vec4 0, 0, 1;
    %store/vec4 v0x3b8e4940_0, 0, 1;
    %pushi/vec4 0, 0, 1;
    %store/vec4 v0x3b8e4a00_0, 0, 1;
    %pushi/vec4 1, 0, 1;
    %store/vec4 v0x3b8e4700_0, 0, 1;
    %pushi/vec4 0, 0, 1;
    %store/vec4 v0x3b8e41e0_0, 0, 1;
    %jmp T_66.7;
T_66.0 ;
    %pushi/vec4 0, 0, 1;
    %store/vec4 v0x3b8e4530_0, 0, 1;
    %pushi/vec4 0, 0, 1;
    %store/vec4 v0x3b8e47c0_0, 0, 1;
    %pushi/vec4 0, 0, 1;
    %store/vec4 v0x3b8e4940_0, 0, 1;
    %pushi/vec4 0, 0, 1;
    %store/vec4 v0x3b8e4a00_0, 0, 1;
    %pushi/vec4 1, 0, 1;
    %store/vec4 v0x3b8e4700_0, 0, 1;
    %pushi/vec4 0, 0, 1;
    %store/vec4 v0x3b8e41e0_0, 0, 1;
    %jmp T_66.7;
T_66.1 ;
    %pushi/vec4 0, 0, 1;
    %store/vec4 v0x3b8e4530_0, 0, 1;
    %pushi/vec4 1, 0, 1;
    %store/vec4 v0x3b8e47c0_0, 0, 1;
    %pushi/vec4 1, 0, 1;
    %store/vec4 v0x3b8e4940_0, 0, 1;
    %pushi/vec4 1, 0, 1;
    %store/vec4 v0x3b8e4a00_0, 0, 1;
    %pushi/vec4 0, 0, 1;
    %store/vec4 v0x3b8e4700_0, 0, 1;
    %pushi/vec4 0, 0, 1;
    %store/vec4 v0x3b8e41e0_0, 0, 1;
    %jmp T_66.7;
T_66.2 ;
    %pushi/vec4 0, 0, 1;
    %store/vec4 v0x3b8e4530_0, 0, 1;
    %pushi/vec4 1, 0, 1;
    %store/vec4 v0x3b8e47c0_0, 0, 1;
    %pushi/vec4 1, 0, 1;
    %store/vec4 v0x3b8e4940_0, 0, 1;
    %pushi/vec4 0, 0, 1;
    %store/vec4 v0x3b8e4a00_0, 0, 1;
    %pushi/vec4 0, 0, 1;
    %store/vec4 v0x3b8e4700_0, 0, 1;
    %pushi/vec4 0, 0, 1;
    %store/vec4 v0x3b8e41e0_0, 0, 1;
    %jmp T_66.7;
T_66.3 ;
    %pushi/vec4 0, 0, 1;
    %store/vec4 v0x3b8e4530_0, 0, 1;
    %pushi/vec4 0, 0, 1;
    %store/vec4 v0x3b8e47c0_0, 0, 1;
    %pushi/vec4 0, 0, 1;
    %store/vec4 v0x3b8e4940_0, 0, 1;
    %pushi/vec4 0, 0, 1;
    %store/vec4 v0x3b8e4a00_0, 0, 1;
    %pushi/vec4 0, 0, 1;
    %store/vec4 v0x3b8e4700_0, 0, 1;
    %pushi/vec4 1, 0, 1;
    %store/vec4 v0x3b8e41e0_0, 0, 1;
    %jmp T_66.7;
T_66.4 ;
    %pushi/vec4 0, 0, 1;
    %store/vec4 v0x3b8e4530_0, 0, 1;
    %pushi/vec4 0, 0, 1;
    %store/vec4 v0x3b8e47c0_0, 0, 1;
    %pushi/vec4 0, 0, 1;
    %store/vec4 v0x3b8e4940_0, 0, 1;
    %pushi/vec4 0, 0, 1;
    %store/vec4 v0x3b8e4a00_0, 0, 1;
    %pushi/vec4 0, 0, 1;
    %store/vec4 v0x3b8e4700_0, 0, 1;
    %pushi/vec4 0, 0, 1;
    %store/vec4 v0x3b8e41e0_0, 0, 1;
    %jmp T_66.7;
T_66.5 ;
    %pushi/vec4 1, 0, 1;
    %store/vec4 v0x3b8e4530_0, 0, 1;
    %pushi/vec4 0, 0, 1;
    %store/vec4 v0x3b8e47c0_0, 0, 1;
    %pushi/vec4 0, 0, 1;
    %store/vec4 v0x3b8e4940_0, 0, 1;
    %pushi/vec4 0, 0, 1;
    %store/vec4 v0x3b8e4a00_0, 0, 1;
    %pushi/vec4 0, 0, 1;
    %store/vec4 v0x3b8e4700_0, 0, 1;
    %pushi/vec4 0, 0, 1;
    %store/vec4 v0x3b8e41e0_0, 0, 1;
    %jmp T_66.7;
T_66.7 ;
    %pop/vec4 1;
    %jmp T_66;
    .thread T_66, $push;
    .scope S_0x3b8e3a20;
T_67 ;
    %wait E_0x3b8e4180;
    %load/vec4 v0x3b8e4ac0_0;
    %dup/vec4;
    %pushi/vec4 0, 0, 3;
    %cmp/u;
    %jmp/1 T_67.0, 6;
    %dup/vec4;
    %pushi/vec4 1, 0, 3;
    %cmp/u;
    %jmp/1 T_67.1, 6;
    %dup/vec4;
    %pushi/vec4 2, 0, 3;
    %cmp/u;
    %jmp/1 T_67.2, 6;
    %dup/vec4;
    %pushi/vec4 3, 0, 3;
    %cmp/u;
    %jmp/1 T_67.3, 6;
    %dup/vec4;
    %pushi/vec4 4, 0, 3;
    %cmp/u;
    %jmp/1 T_67.4, 6;
    %dup/vec4;
    %pushi/vec4 5, 0, 3;
    %cmp/u;
    %jmp/1 T_67.5, 6;
    %jmp T_67.6;
T_67.0 ;
    %pushi/vec4 0, 0, 32; draw_string_vec4
    %pushi/vec4 0, 0, 32; draw_string_vec4
    %concat/vec4; draw_string_vec4
    %pushi/vec4 0, 0, 32; draw_string_vec4
    %concat/vec4; draw_string_vec4
    %pushi/vec4 0, 0, 32; draw_string_vec4
    %concat/vec4; draw_string_vec4
    %pushi/vec4 0, 0, 32; draw_string_vec4
    %concat/vec4; draw_string_vec4
    %pushi/vec4 0, 0, 32; draw_string_vec4
    %concat/vec4; draw_string_vec4
    %pushi/vec4 0, 0, 32; draw_string_vec4
    %concat/vec4; draw_string_vec4
    %pushi/vec4 0, 0, 32; draw_string_vec4
    %concat/vec4; draw_string_vec4
    %pushi/vec4 83, 0, 32; draw_string_vec4
    %concat/vec4; draw_string_vec4
    %pushi/vec4 1413567060, 0, 32; draw_string_vec4
    %concat/vec4; draw_string_vec4
    %store/vec4 v0x3b8e4ba0_0, 0, 320;
    %jmp T_67.6;
T_67.1 ;
    %pushi/vec4 0, 0, 32; draw_string_vec4
    %pushi/vec4 0, 0, 32; draw_string_vec4
    %concat/vec4; draw_string_vec4
    %pushi/vec4 0, 0, 32; draw_string_vec4
    %concat/vec4; draw_string_vec4
    %pushi/vec4 0, 0, 32; draw_string_vec4
    %concat/vec4; draw_string_vec4
    %pushi/vec4 0, 0, 32; draw_string_vec4
    %concat/vec4; draw_string_vec4
    %pushi/vec4 0, 0, 32; draw_string_vec4
    %concat/vec4; draw_string_vec4
    %pushi/vec4 0, 0, 32; draw_string_vec4
    %concat/vec4; draw_string_vec4
    %pushi/vec4 0, 0, 32; draw_string_vec4
    %concat/vec4; draw_string_vec4
    %pushi/vec4 67, 0, 32; draw_string_vec4
    %concat/vec4; draw_string_vec4
    %pushi/vec4 1212498763, 0, 32; draw_string_vec4
    %concat/vec4; draw_string_vec4
    %store/vec4 v0x3b8e4ba0_0, 0, 320;
    %jmp T_67.6;
T_67.2 ;
    %pushi/vec4 0, 0, 32; draw_string_vec4
    %pushi/vec4 0, 0, 32; draw_string_vec4
    %concat/vec4; draw_string_vec4
    %pushi/vec4 0, 0, 32; draw_string_vec4
    %concat/vec4; draw_string_vec4
    %pushi/vec4 0, 0, 32; draw_string_vec4
    %concat/vec4; draw_string_vec4
    %pushi/vec4 0, 0, 32; draw_string_vec4
    %concat/vec4; draw_string_vec4
    %pushi/vec4 0, 0, 32; draw_string_vec4
    %concat/vec4; draw_string_vec4
    %pushi/vec4 0, 0, 32; draw_string_vec4
    %concat/vec4; draw_string_vec4
    %pushi/vec4 83, 0, 32; draw_string_vec4
    %concat/vec4; draw_string_vec4
    %pushi/vec4 1212761684, 0, 32; draw_string_vec4
    %concat/vec4; draw_string_vec4
    %pushi/vec4 1598309699, 0, 32; draw_string_vec4
    %concat/vec4; draw_string_vec4
    %store/vec4 v0x3b8e4ba0_0, 0, 320;
    %jmp T_67.6;
T_67.3 ;
    %pushi/vec4 0, 0, 32; draw_string_vec4
    %pushi/vec4 0, 0, 32; draw_string_vec4
    %concat/vec4; draw_string_vec4
    %pushi/vec4 0, 0, 32; draw_string_vec4
    %concat/vec4; draw_string_vec4
    %pushi/vec4 0, 0, 32; draw_string_vec4
    %concat/vec4; draw_string_vec4
    %pushi/vec4 0, 0, 32; draw_string_vec4
    %concat/vec4; draw_string_vec4
    %pushi/vec4 0, 0, 32; draw_string_vec4
    %concat/vec4; draw_string_vec4
    %pushi/vec4 0, 0, 32; draw_string_vec4
    %concat/vec4; draw_string_vec4
    %pushi/vec4 0, 0, 32; draw_string_vec4
    %concat/vec4; draw_string_vec4
    %pushi/vec4 0, 0, 32; draw_string_vec4
    %concat/vec4; draw_string_vec4
    %pushi/vec4 4277316, 0, 32; draw_string_vec4
    %concat/vec4; draw_string_vec4
    %store/vec4 v0x3b8e4ba0_0, 0, 320;
    %jmp T_67.6;
T_67.4 ;
    %pushi/vec4 0, 0, 32; draw_string_vec4
    %pushi/vec4 0, 0, 32; draw_string_vec4
    %concat/vec4; draw_string_vec4
    %pushi/vec4 0, 0, 32; draw_string_vec4
    %concat/vec4; draw_string_vec4
    %pushi/vec4 0, 0, 32; draw_string_vec4
    %concat/vec4; draw_string_vec4
    %pushi/vec4 0, 0, 32; draw_string_vec4
    %concat/vec4; draw_string_vec4
    %pushi/vec4 0, 0, 32; draw_string_vec4
    %concat/vec4; draw_string_vec4
    %pushi/vec4 0, 0, 32; draw_string_vec4
    %concat/vec4; draw_string_vec4
    %pushi/vec4 0, 0, 32; draw_string_vec4
    %concat/vec4; draw_string_vec4
    %pushi/vec4 5001025, 0, 32; draw_string_vec4
    %concat/vec4; draw_string_vec4
    %pushi/vec4 1147093298, 0, 32; draw_string_vec4
    %concat/vec4; draw_string_vec4
    %store/vec4 v0x3b8e4ba0_0, 0, 320;
    %jmp T_67.6;
T_67.5 ;
    %pushi/vec4 0, 0, 32; draw_string_vec4
    %pushi/vec4 0, 0, 32; draw_string_vec4
    %concat/vec4; draw_string_vec4
    %pushi/vec4 0, 0, 32; draw_string_vec4
    %concat/vec4; draw_string_vec4
    %pushi/vec4 0, 0, 32; draw_string_vec4
    %concat/vec4; draw_string_vec4
    %pushi/vec4 0, 0, 32; draw_string_vec4
    %concat/vec4; draw_string_vec4
    %pushi/vec4 0, 0, 32; draw_string_vec4
    %concat/vec4; draw_string_vec4
    %pushi/vec4 0, 0, 32; draw_string_vec4
    %concat/vec4; draw_string_vec4
    %pushi/vec4 0, 0, 32; draw_string_vec4
    %concat/vec4; draw_string_vec4
    %pushi/vec4 0, 0, 32; draw_string_vec4
    %concat/vec4; draw_string_vec4
    %pushi/vec4 1162757169, 0, 32; draw_string_vec4
    %concat/vec4; draw_string_vec4
    %store/vec4 v0x3b8e4ba0_0, 0, 320;
    %jmp T_67.6;
T_67.6 ;
    %pop/vec4 1;
    %jmp T_67;
    .thread T_67, $push;
    .scope S_0x3b8e16a0;
T_68 ;
    %wait E_0x3b6fd190;
    %load/vec4 v0x3b8ea600_0;
    %flag_set/vec4 8;
    %jmp/0xz  T_68.0, 8;
    %load/vec4 v0x3b8ea480_0;
    %dup/vec4;
    %pushi/vec4 4, 0, 5;
    %cmp/u;
    %jmp/1 T_68.2, 6;
    %dup/vec4;
    %pushi/vec4 12, 0, 5;
    %cmp/u;
    %jmp/1 T_68.3, 6;
    %dup/vec4;
    %pushi/vec4 16, 0, 5;
    %cmp/u;
    %jmp/1 T_68.4, 6;
    %dup/vec4;
    %pushi/vec4 20, 0, 5;
    %cmp/u;
    %jmp/1 T_68.5, 6;
    %pushi/vec4 0, 0, 5;
    %store/vec4 v0x3b8ead00_0, 0, 5;
    %jmp T_68.7;
T_68.2 ;
    %pushi/vec4 1, 0, 5;
    %store/vec4 v0x3b8ead00_0, 0, 5;
    %jmp T_68.7;
T_68.3 ;
    %pushi/vec4 4, 0, 5;
    %store/vec4 v0x3b8ead00_0, 0, 5;
    %jmp T_68.7;
T_68.4 ;
    %pushi/vec4 8, 0, 5;
    %store/vec4 v0x3b8ead00_0, 0, 5;
    %jmp T_68.7;
T_68.5 ;
    %pushi/vec4 16, 0, 5;
    %store/vec4 v0x3b8ead00_0, 0, 5;
    %jmp T_68.7;
T_68.7 ;
    %pop/vec4 1;
    %jmp T_68.1;
T_68.0 ;
    %pushi/vec4 0, 0, 5;
    %store/vec4 v0x3b8ead00_0, 0, 5;
T_68.1 ;
    %jmp T_68;
    .thread T_68, $push;
    .scope S_0x3b8e16a0;
T_69 ;
    %wait E_0x3b8d52f0;
    %load/vec4 v0x3b8eabc0_0;
    %flag_set/vec4 8;
    %jmp/0xz  T_69.0, 8;
    %pushi/vec4 0, 0, 1;
    %store/vec4 v0x3b8ea9a0_0, 0, 1;
    %pushi/vec4 0, 0, 16;
    %store/vec4 v0x3b8ea350_0, 0, 16;
    %jmp T_69.1;
T_69.0 ;
    %load/vec4 v0x3b8ea600_0;
    %flag_set/vec4 9;
    %flag_get/vec4 9;
    %jmp/0 T_69.4, 9;
    %load/vec4 v0x3b8eadc0_0;
    %and;
T_69.4;
    %flag_set/vec4 8;
    %jmp/0xz  T_69.2, 8;
    %load/vec4 v0x3b8ead00_0;
    %parti/s 1, 0, 2;
    %flag_set/vec4 8;
    %jmp/0 T_69.5, 8;
    %load/vec4 v0x3b8ea6a0_0;
    %jmp/1 T_69.6, 8;
T_69.5 ; End of true expr.
    %load/vec4 v0x3b8ea350_0;
    %jmp/0 T_69.6, 8;
 ; End of false expr.
    %blend;
T_69.6;
    %store/vec4 v0x3b8ea350_0, 0, 16;
    %load/vec4 v0x3b8ead00_0;
    %parti/s 1, 2, 3;
    %flag_set/vec4 8;
    %jmp/0 T_69.7, 8;
    %load/vec4 v0x3b8ea6a0_0;
    %parti/s 1, 0, 2;
    %jmp/1 T_69.8, 8;
T_69.7 ; End of true expr.
    %load/vec4 v0x3b8ea9a0_0;
    %jmp/0 T_69.8, 8;
 ; End of false expr.
    %blend;
T_69.8;
    %store/vec4 v0x3b8ea9a0_0, 0, 1;
T_69.2 ;
T_69.1 ;
    %jmp T_69;
    .thread T_69;
    .scope S_0x3b8e16a0;
T_70 ;
    %wait E_0x3b8d52f0;
    %load/vec4 v0x3b8eabc0_0;
    %flag_set/vec4 8;
    %jmp/0xz  T_70.0, 8;
    %pushi/vec4 0, 0, 32;
    %store/vec4 v0x3b8ea7d0_0, 0, 32;
    %jmp T_70.1;
T_70.0 ;
    %load/vec4 v0x3b8ea600_0;
    %flag_set/vec4 8;
    %jmp/0xz  T_70.2, 8;
    %load/vec4 v0x3b8ead00_0;
    %dup/vec4;
    %pushi/vec4 8, 0, 5;
    %cmp/u;
    %jmp/1 T_70.4, 6;
    %dup/vec4;
    %pushi/vec4 16, 0, 5;
    %cmp/u;
    %jmp/1 T_70.5, 6;
    %jmp T_70.6;
T_70.4 ;
    %pushi/vec4 0, 0, 12;
    %load/vec4 v0x3b8eac60_0;
    %concat/vec4; draw_concat_vec4
    %store/vec4 v0x3b8ea7d0_0, 0, 32;
    %jmp T_70.6;
T_70.5 ;
    %pushi/vec4 0, 0, 31;
    %load/vec4 v0x3b8ea8b0_0;
    %concat/vec4; draw_concat_vec4
    %store/vec4 v0x3b8ea7d0_0, 0, 32;
    %jmp T_70.6;
T_70.6 ;
    %pop/vec4 1;
T_70.2 ;
T_70.1 ;
    %jmp T_70;
    .thread T_70;
    .scope S_0x3b8de830;
T_71 ;
    %wait E_0x3b8db670;
    %load/vec4 v0x3b8df050_0;
    %flag_set/vec4 8;
    %jmp/0xz  T_71.0, 8;
    %pushi/vec4 0, 0, 16;
    %ix/load 4, 0, 0;
    %ix/load 5, 0, 0;
    %flag_set/imm 4, 0;
    %assign/vec4/off/d v0x3b8deb20_0, 4, 5;
    %load/vec4 v0x3b8dec00_0;
    %ix/load 4, 16, 0;
    %ix/load 5, 0, 0;
    %flag_set/imm 4, 0;
    %assign/vec4/off/d v0x3b8deb20_0, 4, 5;
    %jmp T_71.1;
T_71.0 ;
    %load/vec4 v0x3b8df0f0_0;
    %flag_set/vec4 8;
    %jmp/0xz  T_71.2, 8;
    %pushi/vec4 0, 0, 1;
    %load/vec4 v0x3b8deb20_0;
    %parti/s 35, 1, 2;
    %concat/vec4; draw_concat_vec4
    %assign/vec4 v0x3b8deb20_0, 0;
    %jmp T_71.3;
T_71.2 ;
    %load/vec4 v0x3b8deda0_0;
    %parti/s 1, 4, 4;
    %pad/u 32;
    %cmpi/e 1, 0, 32;
    %jmp/0xz  T_71.4, 4;
    %load/vec4 v0x3b8decc0_0;
    %parti/s 4, 16, 6;
    %ix/load 4, 32, 0;
    %ix/load 5, 0, 0;
    %flag_set/imm 4, 0;
    %assign/vec4/off/d v0x3b8deb20_0, 4, 5;
T_71.4 ;
    %load/vec4 v0x3b8deda0_0;
    %parti/s 1, 3, 3;
    %pad/u 32;
    %cmpi/e 1, 0, 32;
    %jmp/0xz  T_71.6, 4;
    %load/vec4 v0x3b8decc0_0;
    %parti/s 4, 12, 5;
    %ix/load 4, 28, 0;
    %ix/load 5, 0, 0;
    %flag_set/imm 4, 0;
    %assign/vec4/off/d v0x3b8deb20_0, 4, 5;
T_71.6 ;
    %load/vec4 v0x3b8deda0_0;
    %parti/s 1, 2, 3;
    %pad/u 32;
    %cmpi/e 1, 0, 32;
    %jmp/0xz  T_71.8, 4;
    %load/vec4 v0x3b8decc0_0;
    %parti/s 4, 8, 5;
    %ix/load 4, 24, 0;
    %ix/load 5, 0, 0;
    %flag_set/imm 4, 0;
    %assign/vec4/off/d v0x3b8deb20_0, 4, 5;
T_71.8 ;
    %load/vec4 v0x3b8deda0_0;
    %parti/s 1, 1, 2;
    %pad/u 32;
    %cmpi/e 1, 0, 32;
    %jmp/0xz  T_71.10, 4;
    %load/vec4 v0x3b8decc0_0;
    %parti/s 4, 4, 4;
    %ix/load 4, 20, 0;
    %ix/load 5, 0, 0;
    %flag_set/imm 4, 0;
    %assign/vec4/off/d v0x3b8deb20_0, 4, 5;
T_71.10 ;
    %load/vec4 v0x3b8deda0_0;
    %parti/s 1, 0, 2;
    %pad/u 32;
    %cmpi/e 1, 0, 32;
    %jmp/0xz  T_71.12, 4;
    %load/vec4 v0x3b8decc0_0;
    %parti/s 4, 0, 2;
    %ix/load 4, 16, 0;
    %ix/load 5, 0, 0;
    %flag_set/imm 4, 0;
    %assign/vec4/off/d v0x3b8deb20_0, 4, 5;
T_71.12 ;
T_71.3 ;
T_71.1 ;
    %jmp T_71;
    .thread T_71;
    .scope S_0x3b8dbb80;
T_72 ;
    %wait E_0x3b8dbd60;
    %load/vec4 v0x3b8dc0b0_0;
    %flag_set/vec4 8;
    %jmp/0xz  T_72.0, 8;
    %load/vec4 v0x3b8dbee0_0;
    %store/vec4 v0x3b8dbfc0_0, 0, 4;
    %jmp T_72.1;
T_72.0 ;
    %load/vec4 v0x3b8dbde0_0;
    %store/vec4 v0x3b8dbfc0_0, 0, 4;
T_72.1 ;
    %jmp T_72;
    .thread T_72, $push;
    .scope S_0x3b8dc210;
T_73 ;
    %wait E_0x3b8dc3f0;
    %load/vec4 v0x3b8dc740_0;
    %flag_set/vec4 8;
    %jmp/0xz  T_73.0, 8;
    %load/vec4 v0x3b8dc570_0;
    %store/vec4 v0x3b8dc650_0, 0, 4;
    %jmp T_73.1;
T_73.0 ;
    %load/vec4 v0x3b8dc470_0;
    %store/vec4 v0x3b8dc650_0, 0, 4;
T_73.1 ;
    %jmp T_73;
    .thread T_73, $push;
    .scope S_0x3b8dc860;
T_74 ;
    %wait E_0x3b8dcad0;
    %load/vec4 v0x3b8dce20_0;
    %flag_set/vec4 8;
    %jmp/0xz  T_74.0, 8;
    %load/vec4 v0x3b8dcc50_0;
    %store/vec4 v0x3b8dcd30_0, 0, 4;
    %jmp T_74.1;
T_74.0 ;
    %load/vec4 v0x3b8dcb50_0;
    %store/vec4 v0x3b8dcd30_0, 0, 4;
T_74.1 ;
    %jmp T_74;
    .thread T_74, $push;
    .scope S_0x3b8dcf70;
T_75 ;
    %wait E_0x3b8dd1e0;
    %load/vec4 v0x3b8dd530_0;
    %flag_set/vec4 8;
    %jmp/0xz  T_75.0, 8;
    %load/vec4 v0x3b8dd360_0;
    %store/vec4 v0x3b8dd440_0, 0, 4;
    %jmp T_75.1;
T_75.0 ;
    %load/vec4 v0x3b8dd260_0;
    %store/vec4 v0x3b8dd440_0, 0, 4;
T_75.1 ;
    %jmp T_75;
    .thread T_75, $push;
    .scope S_0x3b8dd710;
T_76 ;
    %wait E_0x3b8dd930;
    %load/vec4 v0x3b8ddc80_0;
    %flag_set/vec4 8;
    %jmp/0xz  T_76.0, 8;
    %load/vec4 v0x3b8ddab0_0;
    %store/vec4 v0x3b8ddb90_0, 0, 4;
    %jmp T_76.1;
T_76.0 ;
    %load/vec4 v0x3b8dd9b0_0;
    %store/vec4 v0x3b8ddb90_0, 0, 4;
T_76.1 ;
    %jmp T_76;
    .thread T_76, $push;
    .scope S_0x3b81cc10;
T_77 ;
    %wait E_0x3b71b140;
    %load/vec4 v0x3b8d8b40_0;
    %load/vec4 v0x3b8d8be0_0;
    %add;
    %store/vec4 v0x3b8d8aa0_0, 0, 4;
    %jmp T_77;
    .thread T_77, $push;
    .scope S_0x3b8d8c80;
T_78 ;
    %wait E_0x3b779400;
    %load/vec4 v0x3b8d8eb0_0;
    %load/vec4 v0x3b8d8f50_0;
    %add;
    %store/vec4 v0x3b8d8e10_0, 0, 4;
    %jmp T_78;
    .thread T_78, $push;
    .scope S_0x3b8d9030;
T_79 ;
    %wait E_0x3b8d9210;
    %load/vec4 v0x3b8d9370_0;
    %load/vec4 v0x3b8d9450_0;
    %add;
    %store/vec4 v0x3b8d9270_0, 0, 4;
    %jmp T_79;
    .thread T_79, $push;
    .scope S_0x3b8d95c0;
T_80 ;
    %wait E_0x3b8d97a0;
    %load/vec4 v0x3b8d9920_0;
    %load/vec4 v0x3b8d9a00_0;
    %add;
    %store/vec4 v0x3b8d9820_0, 0, 4;
    %jmp T_80;
    .thread T_80, $push;
    .scope S_0x3b8d9b70;
T_81 ;
    %wait E_0x3b8d9da0;
    %load/vec4 v0x3b8d9f20_0;
    %load/vec4 v0x3b8da000_0;
    %add;
    %store/vec4 v0x3b8d9e20_0, 0, 4;
    %jmp T_81;
    .thread T_81, $push;
    .scope S_0x3b8dddd0;
T_82 ;
    %wait E_0x3b8de0c0;
    %load/vec4 v0x3b8de500_0;
    %flag_set/vec4 8;
    %jmp/0xz  T_82.0, 8;
    %load/vec4 v0x3b8de290_0;
    %inv;
    %store/vec4 v0x3b8de5a0_0, 0, 5;
    %jmp T_82.1;
T_82.0 ;
    %pushi/vec4 0, 0, 5;
    %store/vec4 v0x3b8de5a0_0, 0, 5;
T_82.1 ;
    %jmp T_82;
    .thread T_82, $push;
    .scope S_0x3b8dddd0;
T_83 ;
    %wait E_0x3b8db670;
    %load/vec4 v0x3b8de640_0;
    %flag_set/vec4 8;
    %jmp/0xz  T_83.0, 8;
    %pushi/vec4 0, 0, 5;
    %assign/vec4 v0x3b8de290_0, 0;
    %jmp T_83.1;
T_83.0 ;
    %load/vec4 v0x3b8de430_0;
    %flag_set/vec4 8;
    %jmp/0xz  T_83.2, 8;
    %load/vec4 v0x3b8de370_0;
    %assign/vec4 v0x3b8de290_0, 0;
T_83.2 ;
T_83.1 ;
    %jmp T_83;
    .thread T_83;
    .scope S_0x3b8db4e0;
T_84 ;
    %pushi/vec4 8, 0, 5;
    %store/vec4 v0x3b8db7b0_0, 0, 5;
    %end;
    .thread T_84;
    .scope S_0x3b8db4e0;
T_85 ;
    %wait E_0x3b8db670;
    %load/vec4 v0x3b8db990_0;
    %flag_set/vec4 8;
    %jmp/0xz  T_85.0, 8;
    %pushi/vec4 16, 0, 5;
    %assign/vec4 v0x3b8db7b0_0, 0;
    %jmp T_85.1;
T_85.0 ;
    %load/vec4 v0x3b8db890_0;
    %flag_set/vec4 8;
    %jmp/0xz  T_85.2, 8;
    %load/vec4 v0x3b8db7b0_0;
    %subi 1, 0, 5;
    %assign/vec4 v0x3b8db7b0_0, 0;
    %jmp T_85.3;
T_85.2 ;
    %load/vec4 v0x3b8db7b0_0;
    %assign/vec4 v0x3b8db7b0_0, 0;
T_85.3 ;
T_85.1 ;
    %load/vec4 v0x3b8db7b0_0;
    %pad/u 32;
    %cmpi/e 0, 0, 32;
    %flag_mov 8, 4;
    %jmp/0 T_85.4, 8;
    %pushi/vec4 1, 0, 2;
    %jmp/1 T_85.5, 8;
T_85.4 ; End of true expr.
    %pushi/vec4 0, 0, 2;
    %jmp/0 T_85.5, 8;
 ; End of false expr.
    %blend;
T_85.5;
    %pad/s 1;
    %store/vec4 v0x3b8dba60_0, 0, 1;
    %jmp T_85;
    .thread T_85;
    .scope S_0x3b8da140;
T_86 ;
    %wait E_0x3b8d52f0;
    %load/vec4 v0x3b8daee0_0;
    %flag_set/vec4 8;
    %jmp/0xz  T_86.0, 8;
    %pushi/vec4 0, 0, 3;
    %store/vec4 v0x3b8db120_0, 0, 3;
    %pushi/vec4 0, 0, 6;
    %store/vec4 v0x3b8daaf0_0, 0, 6;
    %jmp T_86.1;
T_86.0 ;
    %load/vec4 v0x3b8db120_0;
    %dup/vec4;
    %pushi/vec4 0, 0, 3;
    %cmp/u;
    %jmp/1 T_86.2, 6;
    %dup/vec4;
    %pushi/vec4 2, 0, 3;
    %cmp/u;
    %jmp/1 T_86.3, 6;
    %dup/vec4;
    %pushi/vec4 1, 0, 3;
    %cmp/u;
    %jmp/1 T_86.4, 6;
    %dup/vec4;
    %pushi/vec4 4, 0, 3;
    %cmp/u;
    %jmp/1 T_86.5, 6;
    %dup/vec4;
    %pushi/vec4 3, 0, 3;
    %cmp/u;
    %jmp/1 T_86.6, 6;
    %dup/vec4;
    %pushi/vec4 5, 0, 3;
    %cmp/u;
    %jmp/1 T_86.7, 6;
    %pushi/vec4 0, 0, 3;
    %store/vec4 v0x3b8db120_0, 0, 3;
    %jmp T_86.9;
T_86.2 ;
    %pushi/vec4 0, 0, 6;
    %store/vec4 v0x3b8daaf0_0, 0, 6;
    %load/vec4 v0x3b8dac50_0;
    %flag_set/vec4 8;
    %jmp/0xz  T_86.10, 8;
    %pushi/vec4 2, 0, 3;
    %store/vec4 v0x3b8db120_0, 0, 3;
    %jmp T_86.11;
T_86.10 ;
    %pushi/vec4 0, 0, 3;
    %store/vec4 v0x3b8db120_0, 0, 3;
T_86.11 ;
    %jmp T_86.9;
T_86.3 ;
    %pushi/vec4 1, 0, 3;
    %store/vec4 v0x3b8db120_0, 0, 3;
    %jmp T_86.9;
T_86.4 ;
    %load/vec4 v0x3b8db2e0_0;
    %flag_set/vec4 8;
    %jmp/0xz  T_86.12, 8;
    %pushi/vec4 5, 0, 3;
    %store/vec4 v0x3b8db120_0, 0, 3;
    %jmp T_86.13;
T_86.12 ;
    %pushi/vec4 4, 0, 3;
    %store/vec4 v0x3b8db120_0, 0, 3;
T_86.13 ;
    %jmp T_86.9;
T_86.5 ;
    %pushi/vec4 3, 0, 3;
    %store/vec4 v0x3b8db120_0, 0, 3;
    %jmp T_86.9;
T_86.6 ;
    %pushi/vec4 2, 0, 3;
    %store/vec4 v0x3b8db120_0, 0, 3;
    %jmp T_86.9;
T_86.7 ;
    %load/vec4 v0x3b8daaf0_0;
    %addi 1, 0, 6;
    %store/vec4 v0x3b8daaf0_0, 0, 6;
    %load/vec4 v0x3b8daaf0_0;
    %pad/u 32;
    %cmpi/u 30, 0, 32;
    %flag_or 5, 4; GT is !LE
    %flag_inv 5;
    %flag_mov 8, 5;
    %jmp/0 T_86.14, 8;
    %pushi/vec4 0, 0, 3;
    %jmp/1 T_86.15, 8;
T_86.14 ; End of true expr.
    %pushi/vec4 5, 0, 3;
    %jmp/0 T_86.15, 8;
 ; End of false expr.
    %blend;
T_86.15;
    %store/vec4 v0x3b8db120_0, 0, 3;
    %jmp T_86.9;
T_86.9 ;
    %pop/vec4 1;
T_86.1 ;
    %jmp T_86;
    .thread T_86;
    .scope S_0x3b8da140;
T_87 ;
    %wait E_0x3b8da8a0;
    %load/vec4 v0x3b8db120_0;
    %dup/vec4;
    %pushi/vec4 0, 0, 3;
    %cmp/u;
    %jmp/1 T_87.0, 6;
    %dup/vec4;
    %pushi/vec4 2, 0, 3;
    %cmp/u;
    %jmp/1 T_87.1, 6;
    %dup/vec4;
    %pushi/vec4 1, 0, 3;
    %cmp/u;
    %jmp/1 T_87.2, 6;
    %dup/vec4;
    %pushi/vec4 4, 0, 3;
    %cmp/u;
    %jmp/1 T_87.3, 6;
    %dup/vec4;
    %pushi/vec4 3, 0, 3;
    %cmp/u;
    %jmp/1 T_87.4, 6;
    %dup/vec4;
    %pushi/vec4 5, 0, 3;
    %cmp/u;
    %jmp/1 T_87.5, 6;
    %pushi/vec4 0, 0, 1;
    %store/vec4 v0x3b8dab90_0, 0, 1;
    %pushi/vec4 0, 0, 1;
    %store/vec4 v0x3b8dae20_0, 0, 1;
    %pushi/vec4 0, 0, 1;
    %store/vec4 v0x3b8dafa0_0, 0, 1;
    %pushi/vec4 0, 0, 1;
    %store/vec4 v0x3b8db060_0, 0, 1;
    %pushi/vec4 1, 0, 1;
    %store/vec4 v0x3b8dad60_0, 0, 1;
    %pushi/vec4 0, 0, 1;
    %store/vec4 v0x3b8da900_0, 0, 1;
    %jmp T_87.7;
T_87.0 ;
    %pushi/vec4 0, 0, 1;
    %store/vec4 v0x3b8dab90_0, 0, 1;
    %pushi/vec4 0, 0, 1;
    %store/vec4 v0x3b8dae20_0, 0, 1;
    %pushi/vec4 0, 0, 1;
    %store/vec4 v0x3b8dafa0_0, 0, 1;
    %pushi/vec4 0, 0, 1;
    %store/vec4 v0x3b8db060_0, 0, 1;
    %pushi/vec4 1, 0, 1;
    %store/vec4 v0x3b8dad60_0, 0, 1;
    %pushi/vec4 0, 0, 1;
    %store/vec4 v0x3b8da900_0, 0, 1;
    %jmp T_87.7;
T_87.1 ;
    %pushi/vec4 0, 0, 1;
    %store/vec4 v0x3b8dab90_0, 0, 1;
    %pushi/vec4 1, 0, 1;
    %store/vec4 v0x3b8dae20_0, 0, 1;
    %pushi/vec4 1, 0, 1;
    %store/vec4 v0x3b8dafa0_0, 0, 1;
    %pushi/vec4 1, 0, 1;
    %store/vec4 v0x3b8db060_0, 0, 1;
    %pushi/vec4 0, 0, 1;
    %store/vec4 v0x3b8dad60_0, 0, 1;
    %pushi/vec4 0, 0, 1;
    %store/vec4 v0x3b8da900_0, 0, 1;
    %jmp T_87.7;
T_87.2 ;
    %pushi/vec4 0, 0, 1;
    %store/vec4 v0x3b8dab90_0, 0, 1;
    %pushi/vec4 1, 0, 1;
    %store/vec4 v0x3b8dae20_0, 0, 1;
    %pushi/vec4 1, 0, 1;
    %store/vec4 v0x3b8dafa0_0, 0, 1;
    %pushi/vec4 0, 0, 1;
    %store/vec4 v0x3b8db060_0, 0, 1;
    %pushi/vec4 0, 0, 1;
    %store/vec4 v0x3b8dad60_0, 0, 1;
    %pushi/vec4 0, 0, 1;
    %store/vec4 v0x3b8da900_0, 0, 1;
    %jmp T_87.7;
T_87.3 ;
    %pushi/vec4 0, 0, 1;
    %store/vec4 v0x3b8dab90_0, 0, 1;
    %pushi/vec4 0, 0, 1;
    %store/vec4 v0x3b8dae20_0, 0, 1;
    %pushi/vec4 0, 0, 1;
    %store/vec4 v0x3b8dafa0_0, 0, 1;
    %pushi/vec4 0, 0, 1;
    %store/vec4 v0x3b8db060_0, 0, 1;
    %pushi/vec4 0, 0, 1;
    %store/vec4 v0x3b8dad60_0, 0, 1;
    %pushi/vec4 1, 0, 1;
    %store/vec4 v0x3b8da900_0, 0, 1;
    %jmp T_87.7;
T_87.4 ;
    %pushi/vec4 0, 0, 1;
    %store/vec4 v0x3b8dab90_0, 0, 1;
    %pushi/vec4 0, 0, 1;
    %store/vec4 v0x3b8dae20_0, 0, 1;
    %pushi/vec4 0, 0, 1;
    %store/vec4 v0x3b8dafa0_0, 0, 1;
    %pushi/vec4 0, 0, 1;
    %store/vec4 v0x3b8db060_0, 0, 1;
    %pushi/vec4 0, 0, 1;
    %store/vec4 v0x3b8dad60_0, 0, 1;
    %pushi/vec4 0, 0, 1;
    %store/vec4 v0x3b8da900_0, 0, 1;
    %jmp T_87.7;
T_87.5 ;
    %pushi/vec4 1, 0, 1;
    %store/vec4 v0x3b8dab90_0, 0, 1;
    %pushi/vec4 0, 0, 1;
    %store/vec4 v0x3b8dae20_0, 0, 1;
    %pushi/vec4 0, 0, 1;
    %store/vec4 v0x3b8dafa0_0, 0, 1;
    %pushi/vec4 0, 0, 1;
    %store/vec4 v0x3b8db060_0, 0, 1;
    %pushi/vec4 0, 0, 1;
    %store/vec4 v0x3b8dad60_0, 0, 1;
    %pushi/vec4 0, 0, 1;
    %store/vec4 v0x3b8da900_0, 0, 1;
    %jmp T_87.7;
T_87.7 ;
    %pop/vec4 1;
    %jmp T_87;
    .thread T_87, $push;
    .scope S_0x3b8da140;
T_88 ;
    %wait E_0x3b8da8a0;
    %load/vec4 v0x3b8db120_0;
    %dup/vec4;
    %pushi/vec4 0, 0, 3;
    %cmp/u;
    %jmp/1 T_88.0, 6;
    %dup/vec4;
    %pushi/vec4 1, 0, 3;
    %cmp/u;
    %jmp/1 T_88.1, 6;
    %dup/vec4;
    %pushi/vec4 2, 0, 3;
    %cmp/u;
    %jmp/1 T_88.2, 6;
    %dup/vec4;
    %pushi/vec4 3, 0, 3;
    %cmp/u;
    %jmp/1 T_88.3, 6;
    %dup/vec4;
    %pushi/vec4 4, 0, 3;
    %cmp/u;
    %jmp/1 T_88.4, 6;
    %dup/vec4;
    %pushi/vec4 5, 0, 3;
    %cmp/u;
    %jmp/1 T_88.5, 6;
    %jmp T_88.6;
T_88.0 ;
    %pushi/vec4 0, 0, 32; draw_string_vec4
    %pushi/vec4 0, 0, 32; draw_string_vec4
    %concat/vec4; draw_string_vec4
    %pushi/vec4 0, 0, 32; draw_string_vec4
    %concat/vec4; draw_string_vec4
    %pushi/vec4 0, 0, 32; draw_string_vec4
    %concat/vec4; draw_string_vec4
    %pushi/vec4 0, 0, 32; draw_string_vec4
    %concat/vec4; draw_string_vec4
    %pushi/vec4 0, 0, 32; draw_string_vec4
    %concat/vec4; draw_string_vec4
    %pushi/vec4 0, 0, 32; draw_string_vec4
    %concat/vec4; draw_string_vec4
    %pushi/vec4 0, 0, 32; draw_string_vec4
    %concat/vec4; draw_string_vec4
    %pushi/vec4 83, 0, 32; draw_string_vec4
    %concat/vec4; draw_string_vec4
    %pushi/vec4 1413567060, 0, 32; draw_string_vec4
    %concat/vec4; draw_string_vec4
    %store/vec4 v0x3b8db200_0, 0, 320;
    %jmp T_88.6;
T_88.1 ;
    %pushi/vec4 0, 0, 32; draw_string_vec4
    %pushi/vec4 0, 0, 32; draw_string_vec4
    %concat/vec4; draw_string_vec4
    %pushi/vec4 0, 0, 32; draw_string_vec4
    %concat/vec4; draw_string_vec4
    %pushi/vec4 0, 0, 32; draw_string_vec4
    %concat/vec4; draw_string_vec4
    %pushi/vec4 0, 0, 32; draw_string_vec4
    %concat/vec4; draw_string_vec4
    %pushi/vec4 0, 0, 32; draw_string_vec4
    %concat/vec4; draw_string_vec4
    %pushi/vec4 0, 0, 32; draw_string_vec4
    %concat/vec4; draw_string_vec4
    %pushi/vec4 0, 0, 32; draw_string_vec4
    %concat/vec4; draw_string_vec4
    %pushi/vec4 67, 0, 32; draw_string_vec4
    %concat/vec4; draw_string_vec4
    %pushi/vec4 1212498763, 0, 32; draw_string_vec4
    %concat/vec4; draw_string_vec4
    %store/vec4 v0x3b8db200_0, 0, 320;
    %jmp T_88.6;
T_88.2 ;
    %pushi/vec4 0, 0, 32; draw_string_vec4
    %pushi/vec4 0, 0, 32; draw_string_vec4
    %concat/vec4; draw_string_vec4
    %pushi/vec4 0, 0, 32; draw_string_vec4
    %concat/vec4; draw_string_vec4
    %pushi/vec4 0, 0, 32; draw_string_vec4
    %concat/vec4; draw_string_vec4
    %pushi/vec4 0, 0, 32; draw_string_vec4
    %concat/vec4; draw_string_vec4
    %pushi/vec4 0, 0, 32; draw_string_vec4
    %concat/vec4; draw_string_vec4
    %pushi/vec4 0, 0, 32; draw_string_vec4
    %concat/vec4; draw_string_vec4
    %pushi/vec4 83, 0, 32; draw_string_vec4
    %concat/vec4; draw_string_vec4
    %pushi/vec4 1212761684, 0, 32; draw_string_vec4
    %concat/vec4; draw_string_vec4
    %pushi/vec4 1598309699, 0, 32; draw_string_vec4
    %concat/vec4; draw_string_vec4
    %store/vec4 v0x3b8db200_0, 0, 320;
    %jmp T_88.6;
T_88.3 ;
    %pushi/vec4 0, 0, 32; draw_string_vec4
    %pushi/vec4 0, 0, 32; draw_string_vec4
    %concat/vec4; draw_string_vec4
    %pushi/vec4 0, 0, 32; draw_string_vec4
    %concat/vec4; draw_string_vec4
    %pushi/vec4 0, 0, 32; draw_string_vec4
    %concat/vec4; draw_string_vec4
    %pushi/vec4 0, 0, 32; draw_string_vec4
    %concat/vec4; draw_string_vec4
    %pushi/vec4 0, 0, 32; draw_string_vec4
    %concat/vec4; draw_string_vec4
    %pushi/vec4 0, 0, 32; draw_string_vec4
    %concat/vec4; draw_string_vec4
    %pushi/vec4 0, 0, 32; draw_string_vec4
    %concat/vec4; draw_string_vec4
    %pushi/vec4 0, 0, 32; draw_string_vec4
    %concat/vec4; draw_string_vec4
    %pushi/vec4 4277316, 0, 32; draw_string_vec4
    %concat/vec4; draw_string_vec4
    %store/vec4 v0x3b8db200_0, 0, 320;
    %jmp T_88.6;
T_88.4 ;
    %pushi/vec4 0, 0, 32; draw_string_vec4
    %pushi/vec4 0, 0, 32; draw_string_vec4
    %concat/vec4; draw_string_vec4
    %pushi/vec4 0, 0, 32; draw_string_vec4
    %concat/vec4; draw_string_vec4
    %pushi/vec4 0, 0, 32; draw_string_vec4
    %concat/vec4; draw_string_vec4
    %pushi/vec4 0, 0, 32; draw_string_vec4
    %concat/vec4; draw_string_vec4
    %pushi/vec4 0, 0, 32; draw_string_vec4
    %concat/vec4; draw_string_vec4
    %pushi/vec4 0, 0, 32; draw_string_vec4
    %concat/vec4; draw_string_vec4
    %pushi/vec4 0, 0, 32; draw_string_vec4
    %concat/vec4; draw_string_vec4
    %pushi/vec4 5001025, 0, 32; draw_string_vec4
    %concat/vec4; draw_string_vec4
    %pushi/vec4 1147093298, 0, 32; draw_string_vec4
    %concat/vec4; draw_string_vec4
    %store/vec4 v0x3b8db200_0, 0, 320;
    %jmp T_88.6;
T_88.5 ;
    %pushi/vec4 0, 0, 32; draw_string_vec4
    %pushi/vec4 0, 0, 32; draw_string_vec4
    %concat/vec4; draw_string_vec4
    %pushi/vec4 0, 0, 32; draw_string_vec4
    %concat/vec4; draw_string_vec4
    %pushi/vec4 0, 0, 32; draw_string_vec4
    %concat/vec4; draw_string_vec4
    %pushi/vec4 0, 0, 32; draw_string_vec4
    %concat/vec4; draw_string_vec4
    %pushi/vec4 0, 0, 32; draw_string_vec4
    %concat/vec4; draw_string_vec4
    %pushi/vec4 0, 0, 32; draw_string_vec4
    %concat/vec4; draw_string_vec4
    %pushi/vec4 0, 0, 32; draw_string_vec4
    %concat/vec4; draw_string_vec4
    %pushi/vec4 0, 0, 32; draw_string_vec4
    %concat/vec4; draw_string_vec4
    %pushi/vec4 1162757169, 0, 32; draw_string_vec4
    %concat/vec4; draw_string_vec4
    %store/vec4 v0x3b8db200_0, 0, 320;
    %jmp T_88.6;
T_88.6 ;
    %pop/vec4 1;
    %jmp T_88;
    .thread T_88, $push;
    .scope S_0x3b81b430;
T_89 ;
    %wait E_0x3b8d5070;
    %load/vec4 v0x3b8e0c20_0;
    %flag_set/vec4 8;
    %jmp/0xz  T_89.0, 8;
    %load/vec4 v0x3b8e0aa0_0;
    %dup/vec4;
    %pushi/vec4 4, 0, 5;
    %cmp/u;
    %jmp/1 T_89.2, 6;
    %dup/vec4;
    %pushi/vec4 12, 0, 5;
    %cmp/u;
    %jmp/1 T_89.3, 6;
    %dup/vec4;
    %pushi/vec4 16, 0, 5;
    %cmp/u;
    %jmp/1 T_89.4, 6;
    %dup/vec4;
    %pushi/vec4 20, 0, 5;
    %cmp/u;
    %jmp/1 T_89.5, 6;
    %pushi/vec4 0, 0, 5;
    %store/vec4 v0x3b8e13b0_0, 0, 5;
    %jmp T_89.7;
T_89.2 ;
    %pushi/vec4 1, 0, 5;
    %store/vec4 v0x3b8e13b0_0, 0, 5;
    %jmp T_89.7;
T_89.3 ;
    %pushi/vec4 4, 0, 5;
    %store/vec4 v0x3b8e13b0_0, 0, 5;
    %jmp T_89.7;
T_89.4 ;
    %pushi/vec4 8, 0, 5;
    %store/vec4 v0x3b8e13b0_0, 0, 5;
    %jmp T_89.7;
T_89.5 ;
    %pushi/vec4 16, 0, 5;
    %store/vec4 v0x3b8e13b0_0, 0, 5;
    %jmp T_89.7;
T_89.7 ;
    %pop/vec4 1;
    %jmp T_89.1;
T_89.0 ;
    %pushi/vec4 0, 0, 5;
    %store/vec4 v0x3b8e13b0_0, 0, 5;
T_89.1 ;
    %jmp T_89;
    .thread T_89, $push;
    .scope S_0x3b81b430;
T_90 ;
    %wait E_0x3b8d52f0;
    %load/vec4 v0x3b8e1200_0;
    %flag_set/vec4 8;
    %jmp/0xz  T_90.0, 8;
    %pushi/vec4 0, 0, 1;
    %store/vec4 v0x3b8e0fc0_0, 0, 1;
    %pushi/vec4 0, 0, 20;
    %store/vec4 v0x3b8e0970_0, 0, 20;
    %jmp T_90.1;
T_90.0 ;
    %load/vec4 v0x3b8e0c20_0;
    %flag_set/vec4 9;
    %flag_get/vec4 9;
    %jmp/0 T_90.4, 9;
    %load/vec4 v0x3b8e1490_0;
    %and;
T_90.4;
    %flag_set/vec4 8;
    %jmp/0xz  T_90.2, 8;
    %load/vec4 v0x3b8e13b0_0;
    %parti/s 1, 0, 2;
    %flag_set/vec4 8;
    %jmp/0 T_90.5, 8;
    %load/vec4 v0x3b8e0cc0_0;
    %jmp/1 T_90.6, 8;
T_90.5 ; End of true expr.
    %load/vec4 v0x3b8e0970_0;
    %jmp/0 T_90.6, 8;
 ; End of false expr.
    %blend;
T_90.6;
    %store/vec4 v0x3b8e0970_0, 0, 20;
    %load/vec4 v0x3b8e13b0_0;
    %parti/s 1, 2, 3;
    %flag_set/vec4 8;
    %jmp/0 T_90.7, 8;
    %load/vec4 v0x3b8e0cc0_0;
    %parti/s 1, 0, 2;
    %jmp/1 T_90.8, 8;
T_90.7 ; End of true expr.
    %load/vec4 v0x3b8e0fc0_0;
    %jmp/0 T_90.8, 8;
 ; End of false expr.
    %blend;
T_90.8;
    %store/vec4 v0x3b8e0fc0_0, 0, 1;
T_90.2 ;
T_90.1 ;
    %jmp T_90;
    .thread T_90;
    .scope S_0x3b81b430;
T_91 ;
    %wait E_0x3b8d52f0;
    %load/vec4 v0x3b8e1200_0;
    %flag_set/vec4 8;
    %jmp/0xz  T_91.0, 8;
    %pushi/vec4 0, 0, 32;
    %store/vec4 v0x3b8e0df0_0, 0, 32;
    %jmp T_91.1;
T_91.0 ;
    %load/vec4 v0x3b8e0c20_0;
    %flag_set/vec4 8;
    %jmp/0xz  T_91.2, 8;
    %load/vec4 v0x3b8e13b0_0;
    %dup/vec4;
    %pushi/vec4 8, 0, 5;
    %cmp/u;
    %jmp/1 T_91.4, 6;
    %dup/vec4;
    %pushi/vec4 16, 0, 5;
    %cmp/u;
    %jmp/1 T_91.5, 6;
    %jmp T_91.6;
T_91.4 ;
    %pushi/vec4 0, 0, 16;
    %load/vec4 v0x3b8e12a0_0;
    %concat/vec4; draw_concat_vec4
    %store/vec4 v0x3b8e0df0_0, 0, 32;
    %jmp T_91.6;
T_91.5 ;
    %pushi/vec4 0, 0, 31;
    %load/vec4 v0x3b8e0ed0_0;
    %concat/vec4; draw_concat_vec4
    %store/vec4 v0x3b8e0df0_0, 0, 32;
    %jmp T_91.6;
T_91.6 ;
    %pop/vec4 1;
T_91.2 ;
T_91.1 ;
    %jmp T_91;
    .thread T_91;
    .scope S_0x3b82c7b0;
T_92 ;
    %wait E_0x3b8d5480;
    %load/vec4 v0x3b8fead0_0;
    %parti/s 16, 16, 6;
    %dup/vec4;
    %pushi/vec4 64, 0, 16;
    %cmp/u;
    %jmp/1 T_92.0, 6;
    %dup/vec4;
    %pushi/vec4 65, 0, 16;
    %cmp/u;
    %jmp/1 T_92.1, 6;
    %dup/vec4;
    %pushi/vec4 66, 0, 16;
    %cmp/u;
    %jmp/1 T_92.2, 6;
    %dup/vec4;
    %pushi/vec4 67, 0, 16;
    %cmp/u;
    %jmp/1 T_92.3, 6;
    %dup/vec4;
    %pushi/vec4 68, 0, 16;
    %cmp/u;
    %jmp/1 T_92.4, 6;
    %dup/vec4;
    %pushi/vec4 69, 0, 16;
    %cmp/u;
    %jmp/1 T_92.5, 6;
    %dup/vec4;
    %pushi/vec4 70, 0, 16;
    %cmp/u;
    %jmp/1 T_92.6, 6;
    %dup/vec4;
    %pushi/vec4 0, 0, 16;
    %cmp/u;
    %jmp/1 T_92.7, 6;
    %pushi/vec4 1, 0, 8;
    %store/vec4 v0x3b8fe930_0, 0, 8;
    %jmp T_92.9;
T_92.0 ;
    %pushi/vec4 32, 0, 8;
    %store/vec4 v0x3b8fe930_0, 0, 8;
    %jmp T_92.9;
T_92.1 ;
    %pushi/vec4 16, 0, 8;
    %store/vec4 v0x3b8fe930_0, 0, 8;
    %jmp T_92.9;
T_92.2 ;
    %pushi/vec4 8, 0, 8;
    %store/vec4 v0x3b8fe930_0, 0, 8;
    %jmp T_92.9;
T_92.3 ;
    %pushi/vec4 4, 0, 8;
    %store/vec4 v0x3b8fe930_0, 0, 8;
    %jmp T_92.9;
T_92.4 ;
    %pushi/vec4 2, 0, 8;
    %store/vec4 v0x3b8fe930_0, 0, 8;
    %jmp T_92.9;
T_92.5 ;
    %pushi/vec4 64, 0, 8;
    %store/vec4 v0x3b8fe930_0, 0, 8;
    %jmp T_92.9;
T_92.6 ;
    %pushi/vec4 128, 0, 8;
    %store/vec4 v0x3b8fe930_0, 0, 8;
    %jmp T_92.9;
T_92.7 ;
    %pushi/vec4 1, 0, 8;
    %store/vec4 v0x3b8fe930_0, 0, 8;
    %jmp T_92.9;
T_92.9 ;
    %pop/vec4 1;
    %jmp T_92;
    .thread T_92, $push;
    .scope S_0x3b82c7b0;
T_93 ;
    %wait E_0x3b6b9cd0;
    %load/vec4 v0x3b8fe930_0;
    %dup/vec4;
    %pushi/vec4 128, 0, 8;
    %cmp/u;
    %jmp/1 T_93.0, 6;
    %dup/vec4;
    %pushi/vec4 32, 0, 8;
    %cmp/u;
    %jmp/1 T_93.1, 6;
    %dup/vec4;
    %pushi/vec4 16, 0, 8;
    %cmp/u;
    %jmp/1 T_93.2, 6;
    %dup/vec4;
    %pushi/vec4 8, 0, 8;
    %cmp/u;
    %jmp/1 T_93.3, 6;
    %dup/vec4;
    %pushi/vec4 4, 0, 8;
    %cmp/u;
    %jmp/1 T_93.4, 6;
    %dup/vec4;
    %pushi/vec4 2, 0, 8;
    %cmp/u;
    %jmp/1 T_93.5, 6;
    %dup/vec4;
    %pushi/vec4 1, 0, 8;
    %cmp/u;
    %jmp/1 T_93.6, 6;
    %load/vec4 v0x3b8fe000_0;
    %store/vec4 v0x3b8feb90_0, 0, 32;
    %jmp T_93.8;
T_93.0 ;
    %load/vec4 v0x3b8fe730_0;
    %store/vec4 v0x3b8feb90_0, 0, 32;
    %jmp T_93.8;
T_93.1 ;
    %load/vec4 v0x3b8ff1c0_0;
    %store/vec4 v0x3b8feb90_0, 0, 32;
    %jmp T_93.8;
T_93.2 ;
    %load/vec4 v0x3b8ff120_0;
    %store/vec4 v0x3b8feb90_0, 0, 32;
    %jmp T_93.8;
T_93.3 ;
    %load/vec4 v0x3b8fef40_0;
    %store/vec4 v0x3b8feb90_0, 0, 32;
    %jmp T_93.8;
T_93.4 ;
    %load/vec4 v0x3b8fe9f0_0;
    %store/vec4 v0x3b8feb90_0, 0, 32;
    %jmp T_93.8;
T_93.5 ;
    %load/vec4 v0x3b8fe7f0_0;
    %store/vec4 v0x3b8feb90_0, 0, 32;
    %jmp T_93.8;
T_93.6 ;
    %load/vec4 v0x3b8fe000_0;
    %store/vec4 v0x3b8feb90_0, 0, 32;
    %jmp T_93.8;
T_93.8 ;
    %pop/vec4 1;
    %jmp T_93;
    .thread T_93, $push;
    .scope S_0x3b82c7b0;
T_94 ;
    %wait E_0x3b8d52f0;
    %load/vec4 v0x3b8fe930_0;
    %parti/s 1, 5, 4;
    %load/vec4 v0x3b8ff260_0;
    %and;
    %flag_set/vec4 8;
    %jmp/0xz  T_94.0, 8;
    %vpi_call 3 157 "$write", "%c", &PV<v0x3b8fee00_0, 0, 8> {0 0 0};
    %vpi_call 3 158 "$fflush", 32'b10000000000000000000000000000001 {0 0 0};
T_94.0 ;
    %jmp T_94;
    .thread T_94;
    .scope S_0x3b862260;
T_95 ;
    %pushi/vec4 1, 0, 1;
    %store/vec4 v0x3b8ff650_0, 0, 1;
    %pushi/vec4 0, 0, 5;
    %store/vec4 v0x3b8ff880_0, 0, 5;
    %end;
    .thread T_95;
    .scope S_0x3b862260;
T_96 ;
    %pushi/vec4 0, 0, 1;
    %assign/vec4 v0x3b8ff390_0, 0;
    %end;
    .thread T_96;
    .scope S_0x3b862260;
T_97 ;
    %delay 2632269824, 4656;
    %load/vec4 v0x3b8ff390_0;
    %inv;
    %assign/vec4 v0x3b8ff390_0, 0;
    %jmp T_97;
    .thread T_97;
    .scope S_0x3b862260;
T_98 ;
    %load/vec4 v0x3b8ff450_0;
    %pad/u 5;
    %load/vec4 v0x3b8ff880_0;
    %cmp/ne;
    %jmp/0xz  T_98.0, 4;
    %vpi_call 2 59 "$display", "LEDS = %b", v0x3b8ff450_0 {0 0 0};
T_98.0 ;
    %load/vec4 v0x3b8ff450_0;
    %pad/u 5;
    %assign/vec4 v0x3b8ff880_0, 0;
    %end;
    .thread T_98;
    .scope S_0x3b862260;
T_99 ;
    %vpi_call 2 69 "$dumpfile", "bench.vcd" {0 0 0};
    %vpi_call 2 70 "$dumpvars", 32'sb11111111111111111111111111111111, S_0x3b862260 {0 0 0};
    %pushi/vec4 0, 0, 32;
    %store/vec4 v0x3b8ff7e0_0, 0, 32;
T_99.0 ; Top of for-loop 
    %load/vec4 v0x3b8ff7e0_0;
    %cmpi/s 32, 0, 32;
    %jmp/0xz T_99.1, 5;
    %vpi_call 2 72 "$dumpvars", 32'sb00000000000000000000000000000000, &A<v0x3b8d8070, v0x3b8ff7e0_0 > {0 0 0};
T_99.2 ; for-loop step statement
    %load/vec4 v0x3b8ff7e0_0;
    %addi 1, 0, 32;
    %store/vec4 v0x3b8ff7e0_0, 0, 32;
    %jmp T_99.0;
T_99.1 ; for-loop exit label
    %pushi/vec4 1020, 0, 32;
    %store/vec4 v0x3b8ff7e0_0, 0, 32;
T_99.3 ; Top of for-loop 
    %load/vec4 v0x3b8ff7e0_0;
    %cmpi/s 1025, 0, 32;
    %jmp/0xz T_99.4, 5;
    %vpi_call 2 73 "$dumpvars", 32'sb00000000000000000000000000000000, &A<v0x3b8d84d0, v0x3b8ff7e0_0 > {0 0 0};
T_99.5 ; for-loop step statement
    %load/vec4 v0x3b8ff7e0_0;
    %addi 1, 0, 32;
    %store/vec4 v0x3b8ff7e0_0, 0, 32;
    %jmp T_99.3;
T_99.4 ; for-loop exit label
    %delay 0, 0;
    %pushi/vec4 1, 0, 1;
    %store/vec4 v0x3b8ff650_0, 0, 1;
    %delay 0, 0;
    %pushi/vec4 0, 0, 1;
    %store/vec4 v0x3b8ff560_0, 0, 1;
    %delay 1939144704, 18626;
    %pushi/vec4 0, 0, 1;
    %store/vec4 v0x3b8ff560_0, 0, 1;
    %delay 3878289408, 37252;
    %pushi/vec4 1, 0, 1;
    %store/vec4 v0x3b8ff560_0, 0, 1;
    %wait E_0x3b8d52f0;
    %delay 3304062976, 558793544;
    %pushi/vec4 52, 0, 8;
    %store/vec4 v0x3b8c1430_0, 0, 8;
    %fork TD_bench.UART_WRITE_BYTE, S_0x3b8262b0;
    %join;
    %delay 2659581952, 13969838;
    %pushi/vec4 53, 0, 8;
    %store/vec4 v0x3b8c1430_0, 0, 8;
    %fork TD_bench.UART_WRITE_BYTE, S_0x3b8262b0;
    %join;
    %delay 2659581952, 13969838;
    %pushi/vec4 54, 0, 8;
    %store/vec4 v0x3b8c1430_0, 0, 8;
    %fork TD_bench.UART_WRITE_BYTE, S_0x3b8262b0;
    %join;
    %delay 2659581952, 13969838;
    %pushi/vec4 55, 0, 8;
    %store/vec4 v0x3b8c1430_0, 0, 8;
    %fork TD_bench.UART_WRITE_BYTE, S_0x3b8262b0;
    %join;
    %delay 2659581952, 13969838;
    %pushi/vec4 10, 0, 8;
    %store/vec4 v0x3b8c1430_0, 0, 8;
    %fork TD_bench.UART_WRITE_BYTE, S_0x3b8262b0;
    %join;
    %delay 1569325056, 23283064;
    %pushi/vec4 13, 0, 8;
    %store/vec4 v0x3b8c1430_0, 0, 8;
    %fork TD_bench.UART_WRITE_BYTE, S_0x3b8262b0;
    %join;
    %delay 661127168, 838190317;
    %pushi/vec4 57, 0, 8;
    %store/vec4 v0x3b8c1430_0, 0, 8;
    %fork TD_bench.UART_WRITE_BYTE, S_0x3b8262b0;
    %join;
    %delay 2659581952, 13969838;
    %pushi/vec4 10, 0, 8;
    %store/vec4 v0x3b8c1430_0, 0, 8;
    %fork TD_bench.UART_WRITE_BYTE, S_0x3b8262b0;
    %join;
    %delay 1569325056, 23283064;
    %pushi/vec4 13, 0, 8;
    %store/vec4 v0x3b8c1430_0, 0, 8;
    %fork TD_bench.UART_WRITE_BYTE, S_0x3b8262b0;
    %join;
    %wait E_0x3b8d52f0;
    %delay 2316304384, 4086935875;
    %vpi_call 2 109 "$finish" {0 0 0};
    %end;
    .thread T_99;
# The file index is used to find the file name in the following table.
:file_names 39;
    "N/A";
    "<interactive>";
    "bench_quark.v";
    "SOC.v";
    "cores/cpu/femtorv32_quark_V2.v";
    "cores/bram/bram.v";
    "cores/bcd2bin/perip_bcd2bin.v";
    "cores/bcd2bin/bcd2bin.v";
    "cores/bin2bcd/add_sub_c2.v";
    "cores/bin2bcd/ctrl_b2b.v";
    "cores/bin2bcd/count.v";
    "cores/bin2bcd/mux2.v";
    "cores/bin2bcd/reg_msb.v";
    "cores/bcd2bin/rsr4.v";
    "cores/bin2bcd/perip_bin2bcd.v";
    "cores/bin2bcd/bin2bcd.v";
    "cores/bin2bcd/lsr4.v";
    "cores/divider_ASM/peripheral_div.v";
    "cores/divider_ASM/div_16/div_16.v";
    "cores/divider_ASM/div_16/control_div.v";
    "cores/divider_ASM/div_16/counter_div.v";
    "cores/divider_ASM/div_16/lsr_div.v";
    "cores/divider_ASM/div_16/subtractor.v";
    "cores/mult_ASM/perip_mult.v";
    "cores/mult_ASM/mult_32.v";
    "cores/mult_ASM/acc.v";
    "cores/mult_ASM/comp.v";
    "cores/mult_ASM/control_mult.v";
    "cores/mult_ASM/lsr_mult.v";
    "cores/mult_ASM/rsr.v";
    "cores/uart/perip_uart.v";
    "cores/uart/uart.v";
    "cores/sqrt_ASM/perip_sqrt.v";
    "cores/sqrt_ASM/sqrt.v";
    "cores/sqrt_ASM/addc2.v";
    "cores/sqrt_ASM/control.v";
    "cores/sqrt_ASM/count.v";
    "cores/sqrt_ASM/lsr2.v";
    "cores/sqrt_ASM/lsr.v";
# EOF
