
 /----------------------------------------------------------------------------\
 |                                                                            |
 |  yosys -- Yosys Open SYnthesis Suite                                       |
 |                                                                            |
 |  Copyright (C) 2012 - 2020  Claire Xenia Wolf <claire@yosyshq.com>         |
 |                                                                            |
 |  Permission to use, copy, modify, and/or distribute this software for any  |
 |  purpose with or without fee is hereby granted, provided that the above    |
 |  copyright notice and this permission notice appear in all copies.         |
 |                                                                            |
 |  THE SOFTWARE IS PROVIDED "AS IS" AND THE AUTHOR DISCLAIMS ALL WARRANTIES  |
 |  WITH REGARD TO THIS SOFTWARE INCLUDING ALL IMPLIED WARRANTIES OF          |
 |  MERCHANTABILITY AND FITNESS. IN NO EVENT SHALL THE AUTHOR BE LIABLE FOR   |
 |  ANY SPECIAL, DIRECT, INDIRECT, OR CONSEQUENTIAL DAMAGES OR ANY DAMAGES    |
 |  WHATSOEVER RESULTING FROM LOSS OF USE, DATA OR PROFITS, WHETHER IN AN     |
 |  ACTION OF CONTRACT, NEGLIGENCE OR OTHER TORTIOUS ACTION, ARISING OUT OF   |
 |  OR IN CONNECTION WITH THE USE OR PERFORMANCE OF THIS SOFTWARE.            |
 |                                                                            |
 \----------------------------------------------------------------------------/

 Yosys 0.33+6 (git sha1 41b34a193, x86_64-conda-linux-gnu-cc 11.2.0 -fvisibility-inlines-hidden -fmessage-length=0 -march=nocona -mtune=haswell -ftree-vectorize -fPIC -fstack-protector-strong -fno-plt -O2 -ffunction-sections -fdebug-prefix-map=/root/conda-eda/conda-eda/workdir/conda-env/conda-bld/yosys_1694128612374/work=/usr/local/src/conda/yosys-0.33_7_g41b34a193 -fdebug-prefix-map=/home/chema/miniconda3/envs/digital=/usr/local/src/conda-prefix -fPIC -Os -fno-merge-constants)


-- Parsing `cores/cpu/femtorv32_quark_V2.v' using frontend ` -vlog2k' --

1. Executing Verilog-2005 frontend: cores/cpu/femtorv32_quark_V2.v
Parsing Verilog input from `cores/cpu/femtorv32_quark_V2.v' to AST representation.
Storing AST representation for module `$abstract\FemtoRV32'.
Successfully finished Verilog frontend.

-- Parsing `cores/uart/perip_uart.v' using frontend ` -vlog2k' --

2. Executing Verilog-2005 frontend: cores/uart/perip_uart.v
Parsing Verilog input from `cores/uart/perip_uart.v' to AST representation.
Storing AST representation for module `$abstract\peripheral_uart'.
Successfully finished Verilog frontend.

-- Parsing `cores/uart/uart.v' using frontend ` -vlog2k' --

3. Executing Verilog-2005 frontend: cores/uart/uart.v
Parsing Verilog input from `cores/uart/uart.v' to AST representation.
Storing AST representation for module `$abstract\uart'.
Successfully finished Verilog frontend.

-- Parsing `cores/mult_ASM/perip_mult.v' using frontend ` -vlog2k' --

4. Executing Verilog-2005 frontend: cores/mult_ASM/perip_mult.v
Parsing Verilog input from `cores/mult_ASM/perip_mult.v' to AST representation.
Storing AST representation for module `$abstract\peripheral_mult'.
Successfully finished Verilog frontend.

-- Parsing `cores/mult_ASM/mult_32.v' using frontend ` -vlog2k' --

5. Executing Verilog-2005 frontend: cores/mult_ASM/mult_32.v
Parsing Verilog input from `cores/mult_ASM/mult_32.v' to AST representation.
Storing AST representation for module `$abstract\mult_32'.
Successfully finished Verilog frontend.

-- Parsing `cores/mult_ASM/acc.v' using frontend ` -vlog2k' --

6. Executing Verilog-2005 frontend: cores/mult_ASM/acc.v
Parsing Verilog input from `cores/mult_ASM/acc.v' to AST representation.
Storing AST representation for module `$abstract\acc'.
Successfully finished Verilog frontend.

-- Parsing `cores/mult_ASM/comp.v' using frontend ` -vlog2k' --

7. Executing Verilog-2005 frontend: cores/mult_ASM/comp.v
Parsing Verilog input from `cores/mult_ASM/comp.v' to AST representation.
Storing AST representation for module `$abstract\comp'.
Successfully finished Verilog frontend.

-- Parsing `cores/mult_ASM/lsr_mult.v' using frontend ` -vlog2k' --

8. Executing Verilog-2005 frontend: cores/mult_ASM/lsr_mult.v
Parsing Verilog input from `cores/mult_ASM/lsr_mult.v' to AST representation.
Storing AST representation for module `$abstract\lsr_mult'.
Successfully finished Verilog frontend.

-- Parsing `cores/mult_ASM/control_mult.v' using frontend ` -vlog2k' --

9. Executing Verilog-2005 frontend: cores/mult_ASM/control_mult.v
Parsing Verilog input from `cores/mult_ASM/control_mult.v' to AST representation.
Storing AST representation for module `$abstract\control_mult'.
Successfully finished Verilog frontend.

-- Parsing `cores/mult_ASM/rsr.v' using frontend ` -vlog2k' --

10. Executing Verilog-2005 frontend: cores/mult_ASM/rsr.v
Parsing Verilog input from `cores/mult_ASM/rsr.v' to AST representation.
Storing AST representation for module `$abstract\rsr'.
Successfully finished Verilog frontend.

-- Parsing `cores/divider_ASM/peripheral_div.v' using frontend ` -vlog2k' --

11. Executing Verilog-2005 frontend: cores/divider_ASM/peripheral_div.v
Parsing Verilog input from `cores/divider_ASM/peripheral_div.v' to AST representation.
Storing AST representation for module `$abstract\peripheral_div'.
Successfully finished Verilog frontend.

-- Parsing `cores/divider_ASM/div_16/div_16.v' using frontend ` -vlog2k' --

12. Executing Verilog-2005 frontend: cores/divider_ASM/div_16/div_16.v
Parsing Verilog input from `cores/divider_ASM/div_16/div_16.v' to AST representation.
Storing AST representation for module `$abstract\div_16'.
Successfully finished Verilog frontend.

-- Parsing `cores/divider_ASM/div_16/control_div.v' using frontend ` -vlog2k' --

13. Executing Verilog-2005 frontend: cores/divider_ASM/div_16/control_div.v
Parsing Verilog input from `cores/divider_ASM/div_16/control_div.v' to AST representation.
Storing AST representation for module `$abstract\control_div'.
Successfully finished Verilog frontend.

-- Parsing `cores/divider_ASM/div_16/counter_div.v' using frontend ` -vlog2k' --

14. Executing Verilog-2005 frontend: cores/divider_ASM/div_16/counter_div.v
Parsing Verilog input from `cores/divider_ASM/div_16/counter_div.v' to AST representation.
Storing AST representation for module `$abstract\counter_div'.
Successfully finished Verilog frontend.

-- Parsing `cores/divider_ASM/div_16/lsr_div.v' using frontend ` -vlog2k' --

15. Executing Verilog-2005 frontend: cores/divider_ASM/div_16/lsr_div.v
Parsing Verilog input from `cores/divider_ASM/div_16/lsr_div.v' to AST representation.
Storing AST representation for module `$abstract\lsr_div'.
Successfully finished Verilog frontend.

-- Parsing `cores/divider_ASM/div_16/subtractor.v' using frontend ` -vlog2k' --

16. Executing Verilog-2005 frontend: cores/divider_ASM/div_16/subtractor.v
Parsing Verilog input from `cores/divider_ASM/div_16/subtractor.v' to AST representation.
Storing AST representation for module `$abstract\subtractor'.
Successfully finished Verilog frontend.

-- Parsing `cores/sqrt_ASM/addc2.v' using frontend ` -vlog2k' --

17. Executing Verilog-2005 frontend: cores/sqrt_ASM/addc2.v
Parsing Verilog input from `cores/sqrt_ASM/addc2.v' to AST representation.
Storing AST representation for module `$abstract\addc2'.
Successfully finished Verilog frontend.

-- Parsing `cores/sqrt_ASM/count.v' using frontend ` -vlog2k' --

18. Executing Verilog-2005 frontend: cores/sqrt_ASM/count.v
Parsing Verilog input from `cores/sqrt_ASM/count.v' to AST representation.
Storing AST representation for module `$abstract\count'.
Successfully finished Verilog frontend.

-- Parsing `cores/sqrt_ASM/lsr.v' using frontend ` -vlog2k' --

19. Executing Verilog-2005 frontend: cores/sqrt_ASM/lsr.v
Parsing Verilog input from `cores/sqrt_ASM/lsr.v' to AST representation.
Storing AST representation for module `$abstract\lsr'.
Successfully finished Verilog frontend.

-- Parsing `cores/sqrt_ASM/perip_sqrt.v' using frontend ` -vlog2k' --

20. Executing Verilog-2005 frontend: cores/sqrt_ASM/perip_sqrt.v
Parsing Verilog input from `cores/sqrt_ASM/perip_sqrt.v' to AST representation.
Storing AST representation for module `$abstract\peripheral_sqrt'.
Successfully finished Verilog frontend.

-- Parsing `cores/sqrt_ASM/sqrt.v' using frontend ` -vlog2k' --

21. Executing Verilog-2005 frontend: cores/sqrt_ASM/sqrt.v
Parsing Verilog input from `cores/sqrt_ASM/sqrt.v' to AST representation.
Storing AST representation for module `$abstract\sqrt'.
Successfully finished Verilog frontend.

-- Parsing `cores/sqrt_ASM/lsr2.v' using frontend ` -vlog2k' --

22. Executing Verilog-2005 frontend: cores/sqrt_ASM/lsr2.v
Parsing Verilog input from `cores/sqrt_ASM/lsr2.v' to AST representation.
Storing AST representation for module `$abstract\lsr2'.
Successfully finished Verilog frontend.

-- Parsing `cores/sqrt_ASM/control.v' using frontend ` -vlog2k' --

23. Executing Verilog-2005 frontend: cores/sqrt_ASM/control.v
Parsing Verilog input from `cores/sqrt_ASM/control.v' to AST representation.
Storing AST representation for module `$abstract\control_sqrt'.
Successfully finished Verilog frontend.

-- Parsing `cores/bin2bcd/add_sub_c2.v' using frontend ` -vlog2k' --

24. Executing Verilog-2005 frontend: cores/bin2bcd/add_sub_c2.v
Parsing Verilog input from `cores/bin2bcd/add_sub_c2.v' to AST representation.
Storing AST representation for module `$abstract\add_sub_c2'.
Successfully finished Verilog frontend.

-- Parsing `cores/bin2bcd/bin2bcd.v' using frontend ` -vlog2k' --

25. Executing Verilog-2005 frontend: cores/bin2bcd/bin2bcd.v
Parsing Verilog input from `cores/bin2bcd/bin2bcd.v' to AST representation.
Storing AST representation for module `$abstract\bin2bcd'.
Successfully finished Verilog frontend.

-- Parsing `cores/bin2bcd/mux2.v' using frontend ` -vlog2k' --

26. Executing Verilog-2005 frontend: cores/bin2bcd/mux2.v
Parsing Verilog input from `cores/bin2bcd/mux2.v' to AST representation.
Storing AST representation for module `$abstract\mux'.
Successfully finished Verilog frontend.

-- Parsing `cores/bin2bcd/count.v' using frontend ` -vlog2k' --

27. Executing Verilog-2005 frontend: cores/bin2bcd/count.v
Parsing Verilog input from `cores/bin2bcd/count.v' to AST representation.
Storing AST representation for module `$abstract\cnt_bin2bcd'.
Successfully finished Verilog frontend.

-- Parsing `cores/bin2bcd/ctrl_b2b.v' using frontend ` -vlog2k' --

28. Executing Verilog-2005 frontend: cores/bin2bcd/ctrl_b2b.v
Parsing Verilog input from `cores/bin2bcd/ctrl_b2b.v' to AST representation.
Storing AST representation for module `$abstract\ctrl_b2b'.
Successfully finished Verilog frontend.

-- Parsing `cores/bin2bcd/perip_bin2bcd.v' using frontend ` -vlog2k' --

29. Executing Verilog-2005 frontend: cores/bin2bcd/perip_bin2bcd.v
Parsing Verilog input from `cores/bin2bcd/perip_bin2bcd.v' to AST representation.
Storing AST representation for module `$abstract\peripheral_bin2bcd'.
Successfully finished Verilog frontend.

-- Parsing `cores/bin2bcd/lsr4.v' using frontend ` -vlog2k' --

30. Executing Verilog-2005 frontend: cores/bin2bcd/lsr4.v
Parsing Verilog input from `cores/bin2bcd/lsr4.v' to AST representation.
Storing AST representation for module `$abstract\lsr4'.
Successfully finished Verilog frontend.

-- Parsing `cores/bin2bcd/reg_msb.v' using frontend ` -vlog2k' --

31. Executing Verilog-2005 frontend: cores/bin2bcd/reg_msb.v
Parsing Verilog input from `cores/bin2bcd/reg_msb.v' to AST representation.
Storing AST representation for module `$abstract\reg_msb'.
Successfully finished Verilog frontend.

-- Parsing `cores/bcd2bin/bcd2bin.v' using frontend ` -vlog2k' --

32. Executing Verilog-2005 frontend: cores/bcd2bin/bcd2bin.v
Parsing Verilog input from `cores/bcd2bin/bcd2bin.v' to AST representation.
Storing AST representation for module `$abstract\bcd2bin'.
Successfully finished Verilog frontend.

-- Parsing `cores/bcd2bin/perip_bcd2bin.v' using frontend ` -vlog2k' --

33. Executing Verilog-2005 frontend: cores/bcd2bin/perip_bcd2bin.v
Parsing Verilog input from `cores/bcd2bin/perip_bcd2bin.v' to AST representation.
Storing AST representation for module `$abstract\peripheral_bcd2bin'.
Successfully finished Verilog frontend.

-- Parsing `cores/bcd2bin/rsr4.v' using frontend ` -vlog2k' --

34. Executing Verilog-2005 frontend: cores/bcd2bin/rsr4.v
Parsing Verilog input from `cores/bcd2bin/rsr4.v' to AST representation.
Storing AST representation for module `$abstract\rsr4'.
Successfully finished Verilog frontend.

-- Parsing `cores/bram/bram.v' using frontend ` -vlog2k' --

35. Executing Verilog-2005 frontend: cores/bram/bram.v
Parsing Verilog input from `cores/bram/bram.v' to AST representation.
Storing AST representation for module `$abstract\bram'.
Successfully finished Verilog frontend.

-- Parsing `SOC.v' using frontend ` -vlog2k' --

36. Executing Verilog-2005 frontend: SOC.v
Parsing Verilog input from `SOC.v' to AST representation.
Storing AST representation for module `$abstract\SOC'.
Successfully finished Verilog frontend.

-- Running command `attrmap -tocase keep -imap keep="true" keep=1  ; synth_ecp5 -top SOC;  write_json  build/SOC.json' --

37. Executing ATTRMAP pass (move or copy attributes).

38. Executing SYNTH_ECP5 pass.

38.1. Executing Verilog-2005 frontend: /home/chema/miniconda3/envs/digital/bin/../share/yosys/ecp5/cells_sim.v
Parsing Verilog input from `/home/chema/miniconda3/envs/digital/bin/../share/yosys/ecp5/cells_sim.v' to AST representation.
Generating RTLIL representation for module `\LUT4'.
Generating RTLIL representation for module `\$__ABC9_LUT5'.
Generating RTLIL representation for module `\$__ABC9_LUT6'.
Generating RTLIL representation for module `\$__ABC9_LUT7'.
Generating RTLIL representation for module `\L6MUX21'.
Generating RTLIL representation for module `\CCU2C'.
Generating RTLIL representation for module `\TRELLIS_RAM16X2'.
Generating RTLIL representation for module `\PFUMX'.
Generating RTLIL representation for module `\TRELLIS_DPR16X4'.
Generating RTLIL representation for module `\DPR16X4C'.
Generating RTLIL representation for module `\LUT2'.
Generating RTLIL representation for module `\TRELLIS_FF'.
Generating RTLIL representation for module `\TRELLIS_IO'.
Generating RTLIL representation for module `\INV'.
Generating RTLIL representation for module `\TRELLIS_COMB'.
Generating RTLIL representation for module `\DP16KD'.
Generating RTLIL representation for module `\FD1P3AX'.
Generating RTLIL representation for module `\FD1P3AY'.
Generating RTLIL representation for module `\FD1P3BX'.
Generating RTLIL representation for module `\FD1P3DX'.
Generating RTLIL representation for module `\FD1P3IX'.
Generating RTLIL representation for module `\FD1P3JX'.
Generating RTLIL representation for module `\FD1S3AX'.
Generating RTLIL representation for module `\FD1S3AY'.
Generating RTLIL representation for module `\FD1S3BX'.
Generating RTLIL representation for module `\FD1S3DX'.
Generating RTLIL representation for module `\FD1S3IX'.
Generating RTLIL representation for module `\FD1S3JX'.
Generating RTLIL representation for module `\IFS1P3BX'.
Generating RTLIL representation for module `\IFS1P3DX'.
Generating RTLIL representation for module `\IFS1P3IX'.
Generating RTLIL representation for module `\IFS1P3JX'.
Generating RTLIL representation for module `\OFS1P3BX'.
Generating RTLIL representation for module `\OFS1P3DX'.
Generating RTLIL representation for module `\OFS1P3IX'.
Generating RTLIL representation for module `\OFS1P3JX'.
Generating RTLIL representation for module `\IB'.
Generating RTLIL representation for module `\IBPU'.
Generating RTLIL representation for module `\IBPD'.
Generating RTLIL representation for module `\OB'.
Generating RTLIL representation for module `\OBZ'.
Generating RTLIL representation for module `\OBZPU'.
Generating RTLIL representation for module `\OBZPD'.
Generating RTLIL representation for module `\OBCO'.
Generating RTLIL representation for module `\BB'.
Generating RTLIL representation for module `\BBPU'.
Generating RTLIL representation for module `\BBPD'.
Generating RTLIL representation for module `\ILVDS'.
Generating RTLIL representation for module `\OLVDS'.
Successfully finished Verilog frontend.

38.2. Executing Verilog-2005 frontend: /home/chema/miniconda3/envs/digital/bin/../share/yosys/ecp5/cells_bb.v
Parsing Verilog input from `/home/chema/miniconda3/envs/digital/bin/../share/yosys/ecp5/cells_bb.v' to AST representation.
Generating RTLIL representation for module `\MULT18X18D'.
Generating RTLIL representation for module `\ALU54B'.
Generating RTLIL representation for module `\EHXPLLL'.
Generating RTLIL representation for module `\DTR'.
Generating RTLIL representation for module `\OSCG'.
Generating RTLIL representation for module `\USRMCLK'.
Generating RTLIL representation for module `\JTAGG'.
Generating RTLIL representation for module `\DELAYF'.
Generating RTLIL representation for module `\DELAYG'.
Generating RTLIL representation for module `\IDDRX1F'.
Generating RTLIL representation for module `\IDDRX2F'.
Generating RTLIL representation for module `\IDDR71B'.
Generating RTLIL representation for module `\IDDRX2DQA'.
Generating RTLIL representation for module `\ODDRX1F'.
Generating RTLIL representation for module `\ODDRX2F'.
Generating RTLIL representation for module `\ODDR71B'.
Generating RTLIL representation for module `\OSHX2A'.
Generating RTLIL representation for module `\ODDRX2DQA'.
Generating RTLIL representation for module `\ODDRX2DQSB'.
Generating RTLIL representation for module `\TSHX2DQA'.
Generating RTLIL representation for module `\TSHX2DQSA'.
Generating RTLIL representation for module `\DQSBUFM'.
Generating RTLIL representation for module `\DDRDLLA'.
Generating RTLIL representation for module `\DLLDELD'.
Generating RTLIL representation for module `\CLKDIVF'.
Generating RTLIL representation for module `\ECLKSYNCB'.
Generating RTLIL representation for module `\ECLKBRIDGECS'.
Generating RTLIL representation for module `\DCCA'.
Generating RTLIL representation for module `\DCSC'.
Generating RTLIL representation for module `\DCUA'.
Generating RTLIL representation for module `\EXTREFB'.
Generating RTLIL representation for module `\PCSCLKDIV'.
Generating RTLIL representation for module `\PUR'.
Generating RTLIL representation for module `\GSR'.
Generating RTLIL representation for module `\SGSR'.
Generating RTLIL representation for module `\PDPW16KD'.
Successfully finished Verilog frontend.

38.3. Executing HIERARCHY pass (managing design hierarchy).

38.4. Executing AST frontend in derive mode using pre-parsed AST for module `\SOC'.
Generating RTLIL representation for module `\SOC'.

38.4.1. Analyzing design hierarchy..
Top module:  \SOC

38.4.2. Executing AST frontend in derive mode using pre-parsed AST for module `\peripheral_bcd2bin'.
Generating RTLIL representation for module `\peripheral_bcd2bin'.

38.4.3. Executing AST frontend in derive mode using pre-parsed AST for module `\peripheral_bin2bcd'.
Generating RTLIL representation for module `\peripheral_bin2bcd'.

38.4.4. Executing AST frontend in derive mode using pre-parsed AST for module `\peripheral_sqrt'.
Generating RTLIL representation for module `\peripheral_sqrt'.

38.4.5. Executing AST frontend in derive mode using pre-parsed AST for module `\peripheral_div'.
Generating RTLIL representation for module `\peripheral_div'.
cores/divider_ASM/peripheral_div.v:64: Warning: Identifier `\rst' is implicitly declared.

38.4.6. Executing AST frontend in derive mode using pre-parsed AST for module `\peripheral_mult'.
Generating RTLIL representation for module `\peripheral_mult'.
Parameter \clk_freq = 12000000
Parameter \baud = 57600

38.4.7. Executing AST frontend in derive mode using pre-parsed AST for module `\peripheral_uart'.
Parameter \clk_freq = 12000000
Parameter \baud = 57600
Generating RTLIL representation for module `$paramod$26bd946efcf927954a3c20ebc38b9ad2c343f36b\peripheral_uart'.

38.4.8. Executing AST frontend in derive mode using pre-parsed AST for module `\bram'.
Generating RTLIL representation for module `\bram'.

38.4.9. Executing AST frontend in derive mode using pre-parsed AST for module `\FemtoRV32'.
Generating RTLIL representation for module `\FemtoRV32'.

38.4.10. Analyzing design hierarchy..
Top module:  \SOC
Used module:     \peripheral_bcd2bin
Used module:     \peripheral_bin2bcd
Used module:     \peripheral_sqrt
Used module:     \peripheral_div
Used module:     \peripheral_mult
Used module:     $paramod$26bd946efcf927954a3c20ebc38b9ad2c343f36b\peripheral_uart
Used module:     \bram
Used module:     \FemtoRV32

38.4.11. Executing AST frontend in derive mode using pre-parsed AST for module `\mult_32'.
Generating RTLIL representation for module `\mult_32'.

38.4.12. Executing AST frontend in derive mode using pre-parsed AST for module `\div_16'.
Generating RTLIL representation for module `\div_16'.

38.4.13. Executing AST frontend in derive mode using pre-parsed AST for module `\sqrt'.
Generating RTLIL representation for module `\sqrt'.

38.4.14. Executing AST frontend in derive mode using pre-parsed AST for module `\bin2bcd'.
Generating RTLIL representation for module `\bin2bcd'.

38.4.15. Executing AST frontend in derive mode using pre-parsed AST for module `\bcd2bin'.
Generating RTLIL representation for module `\bcd2bin'.
Parameter \freq_hz = 12000000
Parameter \baud = 57600

38.4.16. Executing AST frontend in derive mode using pre-parsed AST for module `\uart'.
Parameter \freq_hz = 12000000
Parameter \baud = 57600
Generating RTLIL representation for module `$paramod$206f9b3f434d95c80cb6e831afc1736968fea37b\uart'.

38.4.17. Analyzing design hierarchy..
Top module:  \SOC
Used module:     \peripheral_bcd2bin
Used module:         \bcd2bin
Used module:     \peripheral_bin2bcd
Used module:         \bin2bcd
Used module:     \peripheral_sqrt
Used module:         \sqrt
Used module:     \peripheral_div
Used module:         \div_16
Used module:     \peripheral_mult
Used module:         \mult_32
Used module:     $paramod$26bd946efcf927954a3c20ebc38b9ad2c343f36b\peripheral_uart
Used module:         $paramod$206f9b3f434d95c80cb6e831afc1736968fea37b\uart
Used module:     \bram
Used module:     \FemtoRV32

38.4.18. Executing AST frontend in derive mode using pre-parsed AST for module `\ctrl_b2b'.
Generating RTLIL representation for module `\ctrl_b2b'.

38.4.19. Executing AST frontend in derive mode using pre-parsed AST for module `\cnt_bin2bcd'.
Generating RTLIL representation for module `\cnt_bin2bcd'.

38.4.20. Executing AST frontend in derive mode using pre-parsed AST for module `\reg_msb'.
Generating RTLIL representation for module `\reg_msb'.

38.4.21. Executing AST frontend in derive mode using pre-parsed AST for module `\add_sub_c2'.
Generating RTLIL representation for module `\add_sub_c2'.

38.4.22. Executing AST frontend in derive mode using pre-parsed AST for module `\mux'.
Generating RTLIL representation for module `\mux'.

38.4.23. Executing AST frontend in derive mode using pre-parsed AST for module `\rsr4'.
Generating RTLIL representation for module `\rsr4'.

38.4.24. Executing AST frontend in derive mode using pre-parsed AST for module `\lsr4'.
Generating RTLIL representation for module `\lsr4'.

38.4.25. Executing AST frontend in derive mode using pre-parsed AST for module `\control_sqrt'.
Generating RTLIL representation for module `\control_sqrt'.

38.4.26. Executing AST frontend in derive mode using pre-parsed AST for module `\count'.
Generating RTLIL representation for module `\count'.

38.4.27. Executing AST frontend in derive mode using pre-parsed AST for module `\addc2'.
Generating RTLIL representation for module `\addc2'.

38.4.28. Executing AST frontend in derive mode using pre-parsed AST for module `\lsr'.
Generating RTLIL representation for module `\lsr'.

38.4.29. Executing AST frontend in derive mode using pre-parsed AST for module `\lsr2'.
Generating RTLIL representation for module `\lsr2'.

38.4.30. Executing AST frontend in derive mode using pre-parsed AST for module `\control_div'.
Generating RTLIL representation for module `\control_div'.
cores/divider_ASM/div_16/control_div.v:62: Warning: Identifier `\start' is implicitly declared.

38.4.31. Executing AST frontend in derive mode using pre-parsed AST for module `\counter_div'.
Generating RTLIL representation for module `\counter_div'.

38.4.32. Executing AST frontend in derive mode using pre-parsed AST for module `\subtractor'.
Generating RTLIL representation for module `\subtractor'.

38.4.33. Executing AST frontend in derive mode using pre-parsed AST for module `\lsr_div'.
Generating RTLIL representation for module `\lsr_div'.

38.4.34. Executing AST frontend in derive mode using pre-parsed AST for module `\control_mult'.
Generating RTLIL representation for module `\control_mult'.

38.4.35. Executing AST frontend in derive mode using pre-parsed AST for module `\acc'.
Generating RTLIL representation for module `\acc'.

38.4.36. Executing AST frontend in derive mode using pre-parsed AST for module `\comp'.
Generating RTLIL representation for module `\comp'.

38.4.37. Executing AST frontend in derive mode using pre-parsed AST for module `\lsr_mult'.
Generating RTLIL representation for module `\lsr_mult'.

38.4.38. Executing AST frontend in derive mode using pre-parsed AST for module `\rsr'.
Generating RTLIL representation for module `\rsr'.

38.4.39. Analyzing design hierarchy..
Top module:  \SOC
Used module:     \peripheral_bcd2bin
Used module:         \bcd2bin
Used module:             \ctrl_b2b
Used module:             \cnt_bin2bcd
Used module:             \reg_msb
Used module:             \add_sub_c2
Used module:             \mux
Used module:             \rsr4
Used module:     \peripheral_bin2bcd
Used module:         \bin2bcd
Used module:             \lsr4
Used module:     \peripheral_sqrt
Used module:         \sqrt
Used module:             \control_sqrt
Used module:             \count
Used module:             \addc2
Used module:             \lsr
Used module:             \lsr2
Used module:     \peripheral_div
Used module:         \div_16
Used module:             \control_div
Used module:             \counter_div
Used module:             \subtractor
Used module:             \lsr_div
Used module:     \peripheral_mult
Used module:         \mult_32
Used module:             \control_mult
Used module:             \acc
Used module:             \comp
Used module:             \lsr_mult
Used module:             \rsr
Used module:     $paramod$26bd946efcf927954a3c20ebc38b9ad2c343f36b\peripheral_uart
Used module:         $paramod$206f9b3f434d95c80cb6e831afc1736968fea37b\uart
Used module:     \bram
Used module:     \FemtoRV32

38.4.40. Analyzing design hierarchy..
Top module:  \SOC
Used module:     \peripheral_bcd2bin
Used module:         \bcd2bin
Used module:             \ctrl_b2b
Used module:             \cnt_bin2bcd
Used module:             \reg_msb
Used module:             \add_sub_c2
Used module:             \mux
Used module:             \rsr4
Used module:     \peripheral_bin2bcd
Used module:         \bin2bcd
Used module:             \lsr4
Used module:     \peripheral_sqrt
Used module:         \sqrt
Used module:             \control_sqrt
Used module:             \count
Used module:             \addc2
Used module:             \lsr
Used module:             \lsr2
Used module:     \peripheral_div
Used module:         \div_16
Used module:             \control_div
Used module:             \counter_div
Used module:             \subtractor
Used module:             \lsr_div
Used module:     \peripheral_mult
Used module:         \mult_32
Used module:             \control_mult
Used module:             \acc
Used module:             \comp
Used module:             \lsr_mult
Used module:             \rsr
Used module:     $paramod$26bd946efcf927954a3c20ebc38b9ad2c343f36b\peripheral_uart
Used module:         $paramod$206f9b3f434d95c80cb6e831afc1736968fea37b\uart
Used module:     \bram
Used module:     \FemtoRV32
Removing unused module `$abstract\SOC'.
Removing unused module `$abstract\bram'.
Removing unused module `$abstract\rsr4'.
Removing unused module `$abstract\peripheral_bcd2bin'.
Removing unused module `$abstract\bcd2bin'.
Removing unused module `$abstract\reg_msb'.
Removing unused module `$abstract\lsr4'.
Removing unused module `$abstract\peripheral_bin2bcd'.
Removing unused module `$abstract\ctrl_b2b'.
Removing unused module `$abstract\cnt_bin2bcd'.
Removing unused module `$abstract\mux'.
Removing unused module `$abstract\bin2bcd'.
Removing unused module `$abstract\add_sub_c2'.
Removing unused module `$abstract\control_sqrt'.
Removing unused module `$abstract\lsr2'.
Removing unused module `$abstract\sqrt'.
Removing unused module `$abstract\peripheral_sqrt'.
Removing unused module `$abstract\lsr'.
Removing unused module `$abstract\count'.
Removing unused module `$abstract\addc2'.
Removing unused module `$abstract\subtractor'.
Removing unused module `$abstract\lsr_div'.
Removing unused module `$abstract\counter_div'.
Removing unused module `$abstract\control_div'.
Removing unused module `$abstract\div_16'.
Removing unused module `$abstract\peripheral_div'.
Removing unused module `$abstract\rsr'.
Removing unused module `$abstract\control_mult'.
Removing unused module `$abstract\lsr_mult'.
Removing unused module `$abstract\comp'.
Removing unused module `$abstract\acc'.
Removing unused module `$abstract\mult_32'.
Removing unused module `$abstract\peripheral_mult'.
Removing unused module `$abstract\uart'.
Removing unused module `$abstract\peripheral_uart'.
Removing unused module `$abstract\FemtoRV32'.
Removed 36 unused modules.
Warning: Resizing cell port SOC.div1.d_out from 32 bits to 16 bits.
Warning: Resizing cell port SOC.div1.addr from 5 bits to 4 bits.

38.5. Executing PROC pass (convert processes to netlists).

38.5.1. Executing PROC_CLEAN pass (remove empty switches from decision trees).
Found and cleaned up 1 empty switch in `\TRELLIS_DPR16X4.$proc$/home/chema/miniconda3/envs/digital/bin/../share/yosys/ecp5/cells_sim.v:213$117'.
Removing empty process `bram.$proc$cores/bram/bram.v:0$323'.
Cleaned up 1 empty switch.

38.5.2. Executing PROC_RMDEAD pass (remove dead branches from decision trees).
Marked 1 switch rules as full_case in process $proc$/home/chema/miniconda3/envs/digital/bin/../share/yosys/ecp5/cells_sim.v:350$224 in module TRELLIS_FF.
Marked 1 switch rules as full_case in process $proc$/home/chema/miniconda3/envs/digital/bin/../share/yosys/ecp5/cells_sim.v:285$176 in module DPR16X4C.
Marked 1 switch rules as full_case in process $proc$/home/chema/miniconda3/envs/digital/bin/../share/yosys/ecp5/cells_sim.v:221$118 in module TRELLIS_DPR16X4.
Marked 2 switch rules as full_case in process $proc$cores/mult_ASM/rsr.v:8$576 in module rsr.
Marked 2 switch rules as full_case in process $proc$cores/mult_ASM/lsr_mult.v:8$574 in module lsr_mult.
Marked 2 switch rules as full_case in process $proc$cores/mult_ASM/acc.v:10$567 in module acc.
Marked 5 switch rules as full_case in process $proc$cores/mult_ASM/control_mult.v:34$562 in module control_mult.
Marked 3 switch rules as full_case in process $proc$cores/divider_ASM/div_16/lsr_div.v:16$560 in module lsr_div.
Marked 2 switch rules as full_case in process $proc$cores/divider_ASM/div_16/counter_div.v:11$550 in module counter_div.
Marked 1 switch rules as full_case in process $proc$cores/divider_ASM/div_16/control_div.v:74$549 in module control_div.
Marked 7 switch rules as full_case in process $proc$cores/divider_ASM/div_16/control_div.v:28$547 in module control_div.
Marked 1 switch rules as full_case in process $proc$cores/sqrt_ASM/lsr2.v:14$546 in module lsr2.
Marked 1 switch rules as full_case in process $proc$cores/sqrt_ASM/lsr.v:12$545 in module lsr.
Marked 2 switch rules as full_case in process $proc$cores/sqrt_ASM/count.v:11$535 in module count.
Marked 1 switch rules as full_case in process $proc$cores/sqrt_ASM/control.v:86$534 in module control_sqrt.
Marked 6 switch rules as full_case in process $proc$cores/sqrt_ASM/control.v:30$529 in module control_sqrt.
Marked 2 switch rules as full_case in process $proc$cores/bin2bcd/lsr4.v:15$523 in module lsr4.
Marked 2 switch rules as full_case in process $proc$cores/bcd2bin/rsr4.v:17$517 in module rsr4.
Marked 1 switch rules as full_case in process $proc$cores/bin2bcd/mux2.v:8$516 in module mux.
Marked 1 switch rules as full_case in process $proc$cores/bin2bcd/reg_msb.v:22$513 in module reg_msb.
Marked 1 switch rules as full_case in process $proc$cores/bin2bcd/reg_msb.v:14$511 in module reg_msb.
Marked 2 switch rules as full_case in process $proc$cores/bin2bcd/count.v:11$506 in module cnt_bin2bcd.
Marked 1 switch rules as full_case in process $proc$cores/bin2bcd/ctrl_b2b.v:73$505 in module ctrl_b2b.
Marked 4 switch rules as full_case in process $proc$cores/bin2bcd/ctrl_b2b.v:25$501 in module ctrl_b2b.
Marked 4 switch rules as full_case in process $proc$cores/uart/uart.v:122$491 in module $paramod$206f9b3f434d95c80cb6e831afc1736968fea37b\uart.
Marked 5 switch rules as full_case in process $proc$cores/uart/uart.v:66$483 in module $paramod$206f9b3f434d95c80cb6e831afc1736968fea37b\uart.
Marked 1 switch rules as full_case in process $proc$cores/uart/uart.v:34$479 in module $paramod$206f9b3f434d95c80cb6e831afc1736968fea37b\uart.
Marked 1 switch rules as full_case in process $proc$cores/cpu/femtorv32_quark_V2.v:290$472 in module FemtoRV32.
Marked 2 switch rules as full_case in process $proc$cores/cpu/femtorv32_quark_V2.v:249$459 in module FemtoRV32.
Marked 1 switch rules as full_case in process $proc$cores/cpu/femtorv32_quark_V2.v:188$422 in module FemtoRV32.
Marked 3 switch rules as full_case in process $proc$cores/cpu/femtorv32_quark_V2.v:179$405 in module FemtoRV32.
Marked 4 switch rules as full_case in process $proc$cores/bram/bram.v:20$296 in module bram.
Marked 1 switch rules as full_case in process $proc$cores/uart/perip_uart.v:45$288 in module $paramod$26bd946efcf927954a3c20ebc38b9ad2c343f36b\peripheral_uart.
Marked 1 switch rules as full_case in process $proc$cores/uart/perip_uart.v:29$280 in module $paramod$26bd946efcf927954a3c20ebc38b9ad2c343f36b\peripheral_uart.
Marked 3 switch rules as full_case in process $proc$cores/mult_ASM/perip_mult.v:56$279 in module peripheral_mult.
Marked 2 switch rules as full_case in process $proc$cores/mult_ASM/perip_mult.v:38$274 in module peripheral_mult.
Marked 2 switch rules as full_case in process $proc$cores/mult_ASM/perip_mult.v:20$273 in module peripheral_mult.
Marked 1 switch rules as full_case in process $proc$cores/divider_ASM/peripheral_div.v:55$269 in module peripheral_div.
Marked 1 switch rules as full_case in process $proc$cores/divider_ASM/peripheral_div.v:29$255 in module peripheral_div.
Marked 3 switch rules as full_case in process $proc$cores/sqrt_ASM/perip_sqrt.v:52$254 in module peripheral_sqrt.
Marked 2 switch rules as full_case in process $proc$cores/sqrt_ASM/perip_sqrt.v:36$250 in module peripheral_sqrt.
Marked 2 switch rules as full_case in process $proc$cores/sqrt_ASM/perip_sqrt.v:19$249 in module peripheral_sqrt.
Marked 3 switch rules as full_case in process $proc$cores/bin2bcd/perip_bin2bcd.v:50$248 in module peripheral_bin2bcd.
Marked 2 switch rules as full_case in process $proc$cores/bin2bcd/perip_bin2bcd.v:34$244 in module peripheral_bin2bcd.
Marked 2 switch rules as full_case in process $proc$cores/bin2bcd/perip_bin2bcd.v:19$243 in module peripheral_bin2bcd.
Marked 3 switch rules as full_case in process $proc$cores/bcd2bin/perip_bcd2bin.v:50$242 in module peripheral_bcd2bin.
Marked 2 switch rules as full_case in process $proc$cores/bcd2bin/perip_bcd2bin.v:34$238 in module peripheral_bcd2bin.
Marked 2 switch rules as full_case in process $proc$cores/bcd2bin/perip_bcd2bin.v:19$237 in module peripheral_bcd2bin.
Marked 1 switch rules as full_case in process $proc$SOC.v:138$236 in module SOC.
Marked 1 switch rules as full_case in process $proc$SOC.v:123$235 in module SOC.
Removed a total of 0 dead cases.

38.5.3. Executing PROC_PRUNE pass (remove redundant assignments in processes).
Removed 4 redundant assignments.
Promoted 154 assignments to connections.

38.5.4. Executing PROC_INIT pass (extract init attributes).
Found init rule in `\TRELLIS_FF.$proc$/home/chema/miniconda3/envs/digital/bin/../share/yosys/ecp5/cells_sim.v:0$225'.
  Set init value: \Q = 1'0
Found init rule in `\comp.$proc$cores/mult_ASM/comp.v:0$573'.
  Set init value: \tmp = 1'0
Found init rule in `\acc.$proc$cores/mult_ASM/acc.v:0$569'.
  Set init value: \pp = 0
Found init rule in `\control_mult.$proc$cores/mult_ASM/control_mult.v:0$566'.
  Set init value: \reset = 1'0
  Set init value: \done = 1'0
  Set init value: \state = 3'000
  Set init value: \add = 1'0
  Set init value: \sh = 1'0
Found init rule in `\counter_div.$proc$cores/divider_ASM/div_16/counter_div.v:8$554'.
  Set init value: \cont = 5'10000
Found init rule in `\count.$proc$cores/sqrt_ASM/count.v:8$539'.
  Set init value: \cont = 4'1000
Found init rule in `\cnt_bin2bcd.$proc$cores/bin2bcd/count.v:8$510'.
  Set init value: \cont = 5'01000
Found init rule in `\FemtoRV32.$proc$cores/cpu/femtorv32_quark_V2.v:0$476'.
  Set init value: \cycles = 0
  Set init value: \aluShamt = 5'00000
Found init rule in `$paramod$26bd946efcf927954a3c20ebc38b9ad2c343f36b\peripheral_uart.$proc$cores/uart/perip_uart.v:21$291'.
  Set init value: \uart_ctrl = 8'00000000
Found init rule in `$paramod$26bd946efcf927954a3c20ebc38b9ad2c343f36b\peripheral_uart.$proc$cores/uart/perip_uart.v:20$290'.
  Set init value: \d_in_uart = 8'00000000
Found init rule in `$paramod$26bd946efcf927954a3c20ebc38b9ad2c343f36b\peripheral_uart.$proc$cores/uart/perip_uart.v:0$289'.
  Set init value: \ledout = 1'0
Found init rule in `\peripheral_div.$proc$cores/divider_ASM/peripheral_div.v:18$272'.
  Set init value: \init = 1'0
Found init rule in `\peripheral_div.$proc$cores/divider_ASM/peripheral_div.v:17$271'.
  Set init value: \B = 16'0000000000000000
Found init rule in `\peripheral_div.$proc$cores/divider_ASM/peripheral_div.v:16$270'.
  Set init value: \A = 16'0000000000000000

38.5.5. Executing PROC_ARST pass (detect async resets in processes).

38.5.6. Executing PROC_ROM pass (convert switches to ROMs).
Converted 0 switches.

38.5.7. Executing PROC_MUX pass (convert decision trees to multiplexers).
Creating decoders for process `\TRELLIS_FF.$proc$/home/chema/miniconda3/envs/digital/bin/../share/yosys/ecp5/cells_sim.v:0$225'.
Creating decoders for process `\TRELLIS_FF.$proc$/home/chema/miniconda3/envs/digital/bin/../share/yosys/ecp5/cells_sim.v:350$224'.
     1/1: $0\Q[0:0]
Creating decoders for process `\DPR16X4C.$proc$/home/chema/miniconda3/envs/digital/bin/../share/yosys/ecp5/cells_sim.v:0$199'.
Creating decoders for process `\DPR16X4C.$proc$/home/chema/miniconda3/envs/digital/bin/../share/yosys/ecp5/cells_sim.v:285$176'.
     1/3: $1$memwr$\ram$/home/chema/miniconda3/envs/digital/bin/../share/yosys/ecp5/cells_sim.v:287$175_EN[3:0]$182
     2/3: $1$memwr$\ram$/home/chema/miniconda3/envs/digital/bin/../share/yosys/ecp5/cells_sim.v:287$175_DATA[3:0]$181
     3/3: $1$memwr$\ram$/home/chema/miniconda3/envs/digital/bin/../share/yosys/ecp5/cells_sim.v:287$175_ADDR[3:0]$180
Creating decoders for process `\TRELLIS_DPR16X4.$proc$/home/chema/miniconda3/envs/digital/bin/../share/yosys/ecp5/cells_sim.v:0$142'.
Creating decoders for process `\TRELLIS_DPR16X4.$proc$/home/chema/miniconda3/envs/digital/bin/../share/yosys/ecp5/cells_sim.v:221$118'.
     1/3: $1$memwr$\mem$/home/chema/miniconda3/envs/digital/bin/../share/yosys/ecp5/cells_sim.v:223$116_EN[3:0]$124
     2/3: $1$memwr$\mem$/home/chema/miniconda3/envs/digital/bin/../share/yosys/ecp5/cells_sim.v:223$116_DATA[3:0]$123
     3/3: $1$memwr$\mem$/home/chema/miniconda3/envs/digital/bin/../share/yosys/ecp5/cells_sim.v:223$116_ADDR[3:0]$122
Creating decoders for process `\TRELLIS_DPR16X4.$proc$/home/chema/miniconda3/envs/digital/bin/../share/yosys/ecp5/cells_sim.v:213$117'.
Creating decoders for process `\rsr.$proc$cores/mult_ASM/rsr.v:8$576'.
     1/2: $2\s_B[15:0]
     2/2: $1\s_B[15:0]
Creating decoders for process `\lsr_mult.$proc$cores/mult_ASM/lsr_mult.v:8$574'.
     1/2: $2\s_A[31:0]
     2/2: $1\s_A[31:0]
Creating decoders for process `\comp.$proc$cores/mult_ASM/comp.v:0$573'.
Creating decoders for process `\comp.$proc$cores/mult_ASM/comp.v:9$570'.
Creating decoders for process `\acc.$proc$cores/mult_ASM/acc.v:0$569'.
Creating decoders for process `\acc.$proc$cores/mult_ASM/acc.v:10$567'.
     1/2: $2\pp[31:0]
     2/2: $1\pp[31:0]
Creating decoders for process `\control_mult.$proc$cores/mult_ASM/control_mult.v:0$566'.
Creating decoders for process `\control_mult.$proc$cores/mult_ASM/control_mult.v:34$562'.
     1/15: $5\state[2:0]
     2/15: $4\state[2:0]
     3/15: $3\state[2:0]
     4/15: $2\state[2:0]
     5/15: $2\count[3:0]
     6/15: $2\add[0:0]
     7/15: $2\reset[0:0]
     8/15: $2\sh[0:0]
     9/15: $2\done[0:0]
    10/15: $1\state[2:0]
    11/15: $1\count[3:0]
    12/15: $1\sh[0:0]
    13/15: $1\add[0:0]
    14/15: $1\done[0:0]
    15/15: $1\reset[0:0]
Creating decoders for process `\lsr_div.$proc$cores/divider_ASM/div_16/lsr_div.v:16$560'.
     1/9: $3\DV[15:0] [15:1]
     2/9: $3\A[15:0]
     3/9: $3\DV[15:0] [0]
     4/9: $2\A[15:0]
     5/9: $2\DV[15:0]
     6/9: $2\OUT_R[15:0]
     7/9: $1\OUT_R[15:0]
     8/9: $1\DV[15:0]
     9/9: $1\A[15:0]
Creating decoders for process `\subtractor.$proc$cores/divider_ASM/div_16/subtractor.v:7$555'.
Creating decoders for process `\counter_div.$proc$cores/divider_ASM/div_16/counter_div.v:8$554'.
Creating decoders for process `\counter_div.$proc$cores/divider_ASM/div_16/counter_div.v:11$550'.
     1/2: $2\cont[4:0]
     2/2: $1\cont[4:0]
Creating decoders for process `\control_div.$proc$cores/divider_ASM/div_16/control_div.v:74$549'.
     1/6: $1\DONE[0:0]
     2/6: $1\LDA[0:0]
     3/6: $1\DEC[0:0]
     4/6: $1\SH[0:0]
     5/6: $1\DV0[0:0]
     6/6: $1\INIT[0:0]
Creating decoders for process `\control_div.$proc$cores/divider_ASM/div_16/control_div.v:28$547'.
     1/7: $7\state[2:0]
     2/7: $6\state[2:0]
     3/7: $5\state[2:0]
     4/7: $4\state[2:0]
     5/7: $3\state[2:0]
     6/7: $2\state[2:0]
     7/7: $1\state[2:0]
Creating decoders for process `\lsr2.$proc$cores/sqrt_ASM/lsr2.v:14$546'.
     1/2: $0\data[31:0] [31:16]
     2/2: $0\data[31:0] [15:0]
Creating decoders for process `\lsr.$proc$cores/sqrt_ASM/lsr.v:12$545'.
     1/1: $0\out_r[15:0]
Creating decoders for process `\addc2.$proc$cores/sqrt_ASM/addc2.v:7$540'.
Creating decoders for process `\count.$proc$cores/sqrt_ASM/count.v:8$539'.
Creating decoders for process `\count.$proc$cores/sqrt_ASM/count.v:11$535'.
     1/1: $0\cont[3:0]
Creating decoders for process `\control_sqrt.$proc$cores/sqrt_ASM/control.v:86$534'.
     1/6: $1\lda2[0:0]
     2/6: $1\ld[0:0]
     3/6: $1\sh[0:0]
     4/6: $1\r0[0:0]
     5/6: $1\ld_tmp[0:0]
     6/6: $1\done[0:0]
Creating decoders for process `\control_sqrt.$proc$cores/sqrt_ASM/control.v:30$529'.
     1/8: $6\state[2:0]
     2/8: $5\state[2:0]
     3/8: $4\state[2:0]
     4/8: $3\state[2:0]
     5/8: $2\count[7:0]
     6/8: $2\state[2:0]
     7/8: $1\count[7:0]
     8/8: $1\state[2:0]
Creating decoders for process `\lsr4.$proc$cores/bin2bcd/lsr4.v:15$523'.
     1/6: $0\data[35:0] [23:20]
     2/6: $0\data[35:0] [19:16]
     3/6: $0\data[35:0] [27:24]
     4/6: $0\data[35:0] [31:28]
     5/6: $0\data[35:0] [35:32]
     6/6: $0\data[35:0] [15:0]
Creating decoders for process `\rsr4.$proc$cores/bcd2bin/rsr4.v:17$517'.
     1/6: $0\data[35:0] [23:20]
     2/6: $0\data[35:0] [19:16]
     3/6: $0\data[35:0] [27:24]
     4/6: $0\data[35:0] [31:28]
     5/6: $0\data[35:0] [35:32]
     6/6: $0\data[35:0] [15:0]
Creating decoders for process `\mux.$proc$cores/bin2bcd/mux2.v:8$516'.
     1/1: $1\out[3:0]
Creating decoders for process `\add_sub_c2.$proc$cores/bin2bcd/add_sub_c2.v:7$514'.
Creating decoders for process `\reg_msb.$proc$cores/bin2bcd/reg_msb.v:22$513'.
     1/1: $0\cont[4:0]
Creating decoders for process `\reg_msb.$proc$cores/bin2bcd/reg_msb.v:14$511'.
     1/1: $1\out[4:0]
Creating decoders for process `\cnt_bin2bcd.$proc$cores/bin2bcd/count.v:8$510'.
Creating decoders for process `\cnt_bin2bcd.$proc$cores/bin2bcd/count.v:11$506'.
     1/1: $0\cont[4:0]
Creating decoders for process `\ctrl_b2b.$proc$cores/bin2bcd/ctrl_b2b.v:73$505'.
     1/6: $1\add[0:0]
     2/6: $1\ld[0:0]
     3/6: $1\sh[0:0]
     4/6: $1\sel[0:0]
     5/6: $1\ld_msb[0:0]
     6/6: $1\done[0:0]
Creating decoders for process `\ctrl_b2b.$proc$cores/bin2bcd/ctrl_b2b.v:25$501'.
     1/6: $4\state[2:0]
     2/6: $3\state[2:0]
     3/6: $2\state[2:0]
     4/6: $2\count[5:0]
     5/6: $1\count[5:0]
     6/6: $1\state[2:0]
Creating decoders for process `$paramod$206f9b3f434d95c80cb6e831afc1736968fea37b\uart.$proc$cores/uart/uart.v:122$491'.
     1/5: $0\txd_reg[7:0]
     2/5: $0\tx_count16[3:0]
     3/5: $0\tx_bitcount[3:0]
     4/5: $0\uart_txd[0:0]
     5/5: $0\tx_busy[0:0]
Creating decoders for process `$paramod$206f9b3f434d95c80cb6e831afc1736968fea37b\uart.$proc$cores/uart/uart.v:66$483'.
     1/7: $0\rxd_reg[7:0]
     2/7: $0\rx_bitcount[3:0]
     3/7: $0\rx_count16[3:0]
     4/7: $0\rx_busy[0:0]
     5/7: $0\rx_avail[0:0]
     6/7: $0\rx_error[0:0]
     7/7: $0\rx_data[7:0]
Creating decoders for process `$paramod$206f9b3f434d95c80cb6e831afc1736968fea37b\uart.$proc$cores/uart/uart.v:52$482'.
Creating decoders for process `$paramod$206f9b3f434d95c80cb6e831afc1736968fea37b\uart.$proc$cores/uart/uart.v:34$479'.
     1/1: $0\enable16_counter[15:0]
Creating decoders for process `\FemtoRV32.$proc$cores/cpu/femtorv32_quark_V2.v:0$476'.
Creating decoders for process `\FemtoRV32.$proc$cores/cpu/femtorv32_quark_V2.v:290$472'.
     1/1: $0\cycles[31:0]
Creating decoders for process `\FemtoRV32.$proc$cores/cpu/femtorv32_quark_V2.v:249$459'.
     1/5: $0\rs2[31:0]
     2/5: $0\rs1[31:0]
     3/5: $0\state[3:0]
     4/5: $0\instr[29:0]
     5/5: $0\PC[23:0]
Creating decoders for process `\FemtoRV32.$proc$cores/cpu/femtorv32_quark_V2.v:188$422'.
     1/2: $0\aluShamt[4:0]
     2/2: $0\aluReg[31:0]
Creating decoders for process `\FemtoRV32.$proc$cores/cpu/femtorv32_quark_V2.v:179$405'.
     1/10: $3$memwr$\registerFile$cores/cpu/femtorv32_quark_V2.v:185$325_EN[31:0]$421
     2/10: $3$memwr$\registerFile$cores/cpu/femtorv32_quark_V2.v:185$325_DATA[31:0]$420
     3/10: $3$memwr$\registerFile$cores/cpu/femtorv32_quark_V2.v:185$325_ADDR[4:0]$419
     4/10: $2$memwr$\registerFile$cores/cpu/femtorv32_quark_V2.v:185$325_EN[31:0]$417
     5/10: $2$memwr$\registerFile$cores/cpu/femtorv32_quark_V2.v:185$325_DATA[31:0]$416
     6/10: $2$memwr$\registerFile$cores/cpu/femtorv32_quark_V2.v:185$325_ADDR[4:0]$415
     7/10: $1$memwr$\registerFile$cores/cpu/femtorv32_quark_V2.v:181$324_EN[31:0]$411
     8/10: $1$memwr$\registerFile$cores/cpu/femtorv32_quark_V2.v:185$325_EN[31:0]$414
     9/10: $1$memwr$\registerFile$cores/cpu/femtorv32_quark_V2.v:185$325_DATA[31:0]$413
    10/10: $1$memwr$\registerFile$cores/cpu/femtorv32_quark_V2.v:185$325_ADDR[4:0]$412
Creating decoders for process `\bram.$proc$cores/bram/bram.v:20$296'.
     1/13: $1$memwr$\MEM$cores/bram/bram.v:27$295_EN[31:0]$321
     2/13: $1$memwr$\MEM$cores/bram/bram.v:27$295_DATA[31:0]$320
     3/13: $1$memwr$\MEM$cores/bram/bram.v:27$295_ADDR[29:0]$319
     4/13: $1$memwr$\MEM$cores/bram/bram.v:26$294_EN[31:0]$318
     5/13: $1$memwr$\MEM$cores/bram/bram.v:26$294_DATA[31:0]$317
     6/13: $1$memwr$\MEM$cores/bram/bram.v:26$294_ADDR[29:0]$316
     7/13: $1$memwr$\MEM$cores/bram/bram.v:25$293_EN[31:0]$315
     8/13: $1$memwr$\MEM$cores/bram/bram.v:25$293_DATA[31:0]$314
     9/13: $1$memwr$\MEM$cores/bram/bram.v:25$293_ADDR[29:0]$313
    10/13: $1$memwr$\MEM$cores/bram/bram.v:24$292_EN[31:0]$312
    11/13: $1$memwr$\MEM$cores/bram/bram.v:24$292_DATA[31:0]$311
    12/13: $1$memwr$\MEM$cores/bram/bram.v:24$292_ADDR[29:0]$310
    13/13: $0\mem_rdata[31:0]
Creating decoders for process `$paramod$26bd946efcf927954a3c20ebc38b9ad2c343f36b\peripheral_uart.$proc$cores/uart/perip_uart.v:21$291'.
Creating decoders for process `$paramod$26bd946efcf927954a3c20ebc38b9ad2c343f36b\peripheral_uart.$proc$cores/uart/perip_uart.v:20$290'.
Creating decoders for process `$paramod$26bd946efcf927954a3c20ebc38b9ad2c343f36b\peripheral_uart.$proc$cores/uart/perip_uart.v:0$289'.
Creating decoders for process `$paramod$26bd946efcf927954a3c20ebc38b9ad2c343f36b\peripheral_uart.$proc$cores/uart/perip_uart.v:45$288'.
     1/1: $1\d_out[31:0]
Creating decoders for process `$paramod$26bd946efcf927954a3c20ebc38b9ad2c343f36b\peripheral_uart.$proc$cores/uart/perip_uart.v:38$283'.
Creating decoders for process `$paramod$26bd946efcf927954a3c20ebc38b9ad2c343f36b\peripheral_uart.$proc$cores/uart/perip_uart.v:29$280'.
     1/1: $1\s[1:0]
Creating decoders for process `\peripheral_mult.$proc$cores/mult_ASM/perip_mult.v:56$279'.
     1/3: $3\d_out[31:0]
     2/3: $2\d_out[31:0]
     3/3: $1\d_out[31:0]
Creating decoders for process `\peripheral_mult.$proc$cores/mult_ASM/perip_mult.v:38$274'.
     1/6: $2\init[0:0]
     2/6: $2\B[15:0]
     3/6: $2\A[15:0]
     4/6: $1\B[15:0]
     5/6: $1\A[15:0]
     6/6: $1\init[0:0]
Creating decoders for process `\peripheral_mult.$proc$cores/mult_ASM/perip_mult.v:20$273'.
     1/2: $2\s[4:0]
     2/2: $1\s[4:0]
Creating decoders for process `\peripheral_div.$proc$cores/divider_ASM/peripheral_div.v:18$272'.
Creating decoders for process `\peripheral_div.$proc$cores/divider_ASM/peripheral_div.v:17$271'.
Creating decoders for process `\peripheral_div.$proc$cores/divider_ASM/peripheral_div.v:16$270'.
Creating decoders for process `\peripheral_div.$proc$cores/divider_ASM/peripheral_div.v:55$269'.
     1/2: $1\d_out[15:0] [15:1]
     2/2: $1\d_out[15:0] [0]
Creating decoders for process `\peripheral_div.$proc$cores/divider_ASM/peripheral_div.v:44$266'.
Creating decoders for process `\peripheral_div.$proc$cores/divider_ASM/peripheral_div.v:29$255'.
     1/1: $1\s[5:0]
Creating decoders for process `\peripheral_sqrt.$proc$cores/sqrt_ASM/perip_sqrt.v:52$254'.
     1/3: $3\d_out[31:0]
     2/3: $2\d_out[31:0]
     3/3: $1\d_out[31:0]
Creating decoders for process `\peripheral_sqrt.$proc$cores/sqrt_ASM/perip_sqrt.v:36$250'.
     1/4: $2\init[0:0]
     2/4: $2\A[15:0]
     3/4: $1\A[15:0]
     4/4: $1\init[0:0]
Creating decoders for process `\peripheral_sqrt.$proc$cores/sqrt_ASM/perip_sqrt.v:19$249'.
     1/2: $2\s[4:0]
     2/2: $1\s[4:0]
Creating decoders for process `\peripheral_bin2bcd.$proc$cores/bin2bcd/perip_bin2bcd.v:50$248'.
     1/3: $3\d_out[31:0]
     2/3: $2\d_out[31:0]
     3/3: $1\d_out[31:0]
Creating decoders for process `\peripheral_bin2bcd.$proc$cores/bin2bcd/perip_bin2bcd.v:34$244'.
     1/4: $2\init[0:0]
     2/4: $2\A[15:0]
     3/4: $1\A[15:0]
     4/4: $1\init[0:0]
Creating decoders for process `\peripheral_bin2bcd.$proc$cores/bin2bcd/perip_bin2bcd.v:19$243'.
     1/2: $2\s[4:0]
     2/2: $1\s[4:0]
Creating decoders for process `\peripheral_bcd2bin.$proc$cores/bcd2bin/perip_bcd2bin.v:50$242'.
     1/3: $3\d_out[31:0]
     2/3: $2\d_out[31:0]
     3/3: $1\d_out[31:0]
Creating decoders for process `\peripheral_bcd2bin.$proc$cores/bcd2bin/perip_bcd2bin.v:34$238'.
     1/4: $2\init[0:0]
     2/4: $2\A[19:0]
     3/4: $1\A[19:0]
     4/4: $1\init[0:0]
Creating decoders for process `\peripheral_bcd2bin.$proc$cores/bcd2bin/perip_bcd2bin.v:19$237'.
     1/2: $2\s[4:0]
     2/2: $1\s[4:0]
Creating decoders for process `\SOC.$proc$SOC.v:138$236'.
     1/1: $1\mem_rdata[31:0]
Creating decoders for process `\SOC.$proc$SOC.v:123$235'.
     1/1: $1\cs[7:0]

38.5.8. Executing PROC_DLATCH pass (convert process syncs to latches).
No latch inferred for signal `\comp.\tmp' from process `\comp.$proc$cores/mult_ASM/comp.v:9$570'.
Removing init bit 1'0 for non-memory siginal `\comp.\tmp` in process `\comp.$proc$cores/mult_ASM/comp.v:9$570`.
No latch inferred for signal `\subtractor.\Result' from process `\subtractor.$proc$cores/divider_ASM/div_16/subtractor.v:7$555'.
No latch inferred for signal `\subtractor.\MSB' from process `\subtractor.$proc$cores/divider_ASM/div_16/subtractor.v:7$555'.
No latch inferred for signal `\control_div.\INIT' from process `\control_div.$proc$cores/divider_ASM/div_16/control_div.v:74$549'.
No latch inferred for signal `\control_div.\SH' from process `\control_div.$proc$cores/divider_ASM/div_16/control_div.v:74$549'.
No latch inferred for signal `\control_div.\LDA' from process `\control_div.$proc$cores/divider_ASM/div_16/control_div.v:74$549'.
No latch inferred for signal `\control_div.\DEC' from process `\control_div.$proc$cores/divider_ASM/div_16/control_div.v:74$549'.
No latch inferred for signal `\control_div.\DONE' from process `\control_div.$proc$cores/divider_ASM/div_16/control_div.v:74$549'.
Latch inferred for signal `\control_div.\DV0' from process `\control_div.$proc$cores/divider_ASM/div_16/control_div.v:74$549': $auto$proc_dlatch.cc:427:proc_dlatch$1854
No latch inferred for signal `\addc2.\Result' from process `\addc2.$proc$cores/sqrt_ASM/addc2.v:7$540'.
No latch inferred for signal `\control_sqrt.\done' from process `\control_sqrt.$proc$cores/sqrt_ASM/control.v:86$534'.
No latch inferred for signal `\control_sqrt.\sh' from process `\control_sqrt.$proc$cores/sqrt_ASM/control.v:86$534'.
No latch inferred for signal `\control_sqrt.\lda2' from process `\control_sqrt.$proc$cores/sqrt_ASM/control.v:86$534'.
No latch inferred for signal `\control_sqrt.\ld' from process `\control_sqrt.$proc$cores/sqrt_ASM/control.v:86$534'.
No latch inferred for signal `\control_sqrt.\ld_tmp' from process `\control_sqrt.$proc$cores/sqrt_ASM/control.v:86$534'.
No latch inferred for signal `\control_sqrt.\r0' from process `\control_sqrt.$proc$cores/sqrt_ASM/control.v:86$534'.
No latch inferred for signal `\mux.\out' from process `\mux.$proc$cores/bin2bcd/mux2.v:8$516'.
No latch inferred for signal `\add_sub_c2.\Result' from process `\add_sub_c2.$proc$cores/bin2bcd/add_sub_c2.v:7$514'.
No latch inferred for signal `\reg_msb.\out' from process `\reg_msb.$proc$cores/bin2bcd/reg_msb.v:14$511'.
No latch inferred for signal `\ctrl_b2b.\done' from process `\ctrl_b2b.$proc$cores/bin2bcd/ctrl_b2b.v:73$505'.
No latch inferred for signal `\ctrl_b2b.\add' from process `\ctrl_b2b.$proc$cores/bin2bcd/ctrl_b2b.v:73$505'.
No latch inferred for signal `\ctrl_b2b.\sh' from process `\ctrl_b2b.$proc$cores/bin2bcd/ctrl_b2b.v:73$505'.
No latch inferred for signal `\ctrl_b2b.\ld' from process `\ctrl_b2b.$proc$cores/bin2bcd/ctrl_b2b.v:73$505'.
No latch inferred for signal `\ctrl_b2b.\sel' from process `\ctrl_b2b.$proc$cores/bin2bcd/ctrl_b2b.v:73$505'.
No latch inferred for signal `\ctrl_b2b.\ld_msb' from process `\ctrl_b2b.$proc$cores/bin2bcd/ctrl_b2b.v:73$505'.
No latch inferred for signal `\FemtoRV32.$memwr$\registerFile$cores/cpu/femtorv32_quark_V2.v:301$326_EN' from process `\FemtoRV32.$proc$cores/cpu/femtorv32_quark_V2.v:0$476'.
No latch inferred for signal `$paramod$26bd946efcf927954a3c20ebc38b9ad2c343f36b\peripheral_uart.\s' from process `$paramod$26bd946efcf927954a3c20ebc38b9ad2c343f36b\peripheral_uart.$proc$cores/uart/perip_uart.v:29$280'.
No latch inferred for signal `\peripheral_mult.\s' from process `\peripheral_mult.$proc$cores/mult_ASM/perip_mult.v:20$273'.
No latch inferred for signal `\peripheral_div.\s' from process `\peripheral_div.$proc$cores/divider_ASM/peripheral_div.v:29$255'.
No latch inferred for signal `\peripheral_sqrt.\s' from process `\peripheral_sqrt.$proc$cores/sqrt_ASM/perip_sqrt.v:19$249'.
No latch inferred for signal `\peripheral_bin2bcd.\s' from process `\peripheral_bin2bcd.$proc$cores/bin2bcd/perip_bin2bcd.v:19$243'.
No latch inferred for signal `\peripheral_bcd2bin.\s' from process `\peripheral_bcd2bin.$proc$cores/bcd2bin/perip_bcd2bin.v:19$237'.
No latch inferred for signal `\SOC.\mem_rdata' from process `\SOC.$proc$SOC.v:138$236'.
No latch inferred for signal `\SOC.\cs' from process `\SOC.$proc$SOC.v:123$235'.

38.5.9. Executing PROC_DFF pass (convert process syncs to FFs).
Creating register for signal `\TRELLIS_FF.\Q' using process `\TRELLIS_FF.$proc$/home/chema/miniconda3/envs/digital/bin/../share/yosys/ecp5/cells_sim.v:350$224'.
  created $dff cell `$procdff$1855' with positive edge clock.
Creating register for signal `\DPR16X4C.\i' using process `\DPR16X4C.$proc$/home/chema/miniconda3/envs/digital/bin/../share/yosys/ecp5/cells_sim.v:0$199'.
  created direct connection (no actual register cell created).
Creating register for signal `\DPR16X4C.$memwr$\ram$/home/chema/miniconda3/envs/digital/bin/../share/yosys/ecp5/cells_sim.v:281$160_EN' using process `\DPR16X4C.$proc$/home/chema/miniconda3/envs/digital/bin/../share/yosys/ecp5/cells_sim.v:0$199'.
  created direct connection (no actual register cell created).
Creating register for signal `\DPR16X4C.$memwr$\ram$/home/chema/miniconda3/envs/digital/bin/../share/yosys/ecp5/cells_sim.v:281$161_EN' using process `\DPR16X4C.$proc$/home/chema/miniconda3/envs/digital/bin/../share/yosys/ecp5/cells_sim.v:0$199'.
  created direct connection (no actual register cell created).
Creating register for signal `\DPR16X4C.$memwr$\ram$/home/chema/miniconda3/envs/digital/bin/../share/yosys/ecp5/cells_sim.v:281$162_EN' using process `\DPR16X4C.$proc$/home/chema/miniconda3/envs/digital/bin/../share/yosys/ecp5/cells_sim.v:0$199'.
  created direct connection (no actual register cell created).
Creating register for signal `\DPR16X4C.$memwr$\ram$/home/chema/miniconda3/envs/digital/bin/../share/yosys/ecp5/cells_sim.v:281$163_EN' using process `\DPR16X4C.$proc$/home/chema/miniconda3/envs/digital/bin/../share/yosys/ecp5/cells_sim.v:0$199'.
  created direct connection (no actual register cell created).
Creating register for signal `\DPR16X4C.$memwr$\ram$/home/chema/miniconda3/envs/digital/bin/../share/yosys/ecp5/cells_sim.v:281$164_EN' using process `\DPR16X4C.$proc$/home/chema/miniconda3/envs/digital/bin/../share/yosys/ecp5/cells_sim.v:0$199'.
  created direct connection (no actual register cell created).
Creating register for signal `\DPR16X4C.$memwr$\ram$/home/chema/miniconda3/envs/digital/bin/../share/yosys/ecp5/cells_sim.v:281$165_EN' using process `\DPR16X4C.$proc$/home/chema/miniconda3/envs/digital/bin/../share/yosys/ecp5/cells_sim.v:0$199'.
  created direct connection (no actual register cell created).
Creating register for signal `\DPR16X4C.$memwr$\ram$/home/chema/miniconda3/envs/digital/bin/../share/yosys/ecp5/cells_sim.v:281$166_EN' using process `\DPR16X4C.$proc$/home/chema/miniconda3/envs/digital/bin/../share/yosys/ecp5/cells_sim.v:0$199'.
  created direct connection (no actual register cell created).
Creating register for signal `\DPR16X4C.$memwr$\ram$/home/chema/miniconda3/envs/digital/bin/../share/yosys/ecp5/cells_sim.v:281$167_EN' using process `\DPR16X4C.$proc$/home/chema/miniconda3/envs/digital/bin/../share/yosys/ecp5/cells_sim.v:0$199'.
  created direct connection (no actual register cell created).
Creating register for signal `\DPR16X4C.$memwr$\ram$/home/chema/miniconda3/envs/digital/bin/../share/yosys/ecp5/cells_sim.v:281$168_EN' using process `\DPR16X4C.$proc$/home/chema/miniconda3/envs/digital/bin/../share/yosys/ecp5/cells_sim.v:0$199'.
  created direct connection (no actual register cell created).
Creating register for signal `\DPR16X4C.$memwr$\ram$/home/chema/miniconda3/envs/digital/bin/../share/yosys/ecp5/cells_sim.v:281$169_EN' using process `\DPR16X4C.$proc$/home/chema/miniconda3/envs/digital/bin/../share/yosys/ecp5/cells_sim.v:0$199'.
  created direct connection (no actual register cell created).
Creating register for signal `\DPR16X4C.$memwr$\ram$/home/chema/miniconda3/envs/digital/bin/../share/yosys/ecp5/cells_sim.v:281$170_EN' using process `\DPR16X4C.$proc$/home/chema/miniconda3/envs/digital/bin/../share/yosys/ecp5/cells_sim.v:0$199'.
  created direct connection (no actual register cell created).
Creating register for signal `\DPR16X4C.$memwr$\ram$/home/chema/miniconda3/envs/digital/bin/../share/yosys/ecp5/cells_sim.v:281$171_EN' using process `\DPR16X4C.$proc$/home/chema/miniconda3/envs/digital/bin/../share/yosys/ecp5/cells_sim.v:0$199'.
  created direct connection (no actual register cell created).
Creating register for signal `\DPR16X4C.$memwr$\ram$/home/chema/miniconda3/envs/digital/bin/../share/yosys/ecp5/cells_sim.v:281$172_EN' using process `\DPR16X4C.$proc$/home/chema/miniconda3/envs/digital/bin/../share/yosys/ecp5/cells_sim.v:0$199'.
  created direct connection (no actual register cell created).
Creating register for signal `\DPR16X4C.$memwr$\ram$/home/chema/miniconda3/envs/digital/bin/../share/yosys/ecp5/cells_sim.v:281$173_EN' using process `\DPR16X4C.$proc$/home/chema/miniconda3/envs/digital/bin/../share/yosys/ecp5/cells_sim.v:0$199'.
  created direct connection (no actual register cell created).
Creating register for signal `\DPR16X4C.$memwr$\ram$/home/chema/miniconda3/envs/digital/bin/../share/yosys/ecp5/cells_sim.v:281$174_EN' using process `\DPR16X4C.$proc$/home/chema/miniconda3/envs/digital/bin/../share/yosys/ecp5/cells_sim.v:0$199'.
  created direct connection (no actual register cell created).
Creating register for signal `\DPR16X4C.$memwr$\ram$/home/chema/miniconda3/envs/digital/bin/../share/yosys/ecp5/cells_sim.v:287$175_ADDR' using process `\DPR16X4C.$proc$/home/chema/miniconda3/envs/digital/bin/../share/yosys/ecp5/cells_sim.v:285$176'.
  created $dff cell `$procdff$1856' with positive edge clock.
Creating register for signal `\DPR16X4C.$memwr$\ram$/home/chema/miniconda3/envs/digital/bin/../share/yosys/ecp5/cells_sim.v:287$175_DATA' using process `\DPR16X4C.$proc$/home/chema/miniconda3/envs/digital/bin/../share/yosys/ecp5/cells_sim.v:285$176'.
  created $dff cell `$procdff$1857' with positive edge clock.
Creating register for signal `\DPR16X4C.$memwr$\ram$/home/chema/miniconda3/envs/digital/bin/../share/yosys/ecp5/cells_sim.v:287$175_EN' using process `\DPR16X4C.$proc$/home/chema/miniconda3/envs/digital/bin/../share/yosys/ecp5/cells_sim.v:285$176'.
  created $dff cell `$procdff$1858' with positive edge clock.
Creating register for signal `\TRELLIS_DPR16X4.\i' using process `\TRELLIS_DPR16X4.$proc$/home/chema/miniconda3/envs/digital/bin/../share/yosys/ecp5/cells_sim.v:0$142'.
  created direct connection (no actual register cell created).
Creating register for signal `\TRELLIS_DPR16X4.$memwr$\mem$/home/chema/miniconda3/envs/digital/bin/../share/yosys/ecp5/cells_sim.v:207$100_EN' using process `\TRELLIS_DPR16X4.$proc$/home/chema/miniconda3/envs/digital/bin/../share/yosys/ecp5/cells_sim.v:0$142'.
  created direct connection (no actual register cell created).
Creating register for signal `\TRELLIS_DPR16X4.$memwr$\mem$/home/chema/miniconda3/envs/digital/bin/../share/yosys/ecp5/cells_sim.v:207$101_EN' using process `\TRELLIS_DPR16X4.$proc$/home/chema/miniconda3/envs/digital/bin/../share/yosys/ecp5/cells_sim.v:0$142'.
  created direct connection (no actual register cell created).
Creating register for signal `\TRELLIS_DPR16X4.$memwr$\mem$/home/chema/miniconda3/envs/digital/bin/../share/yosys/ecp5/cells_sim.v:207$102_EN' using process `\TRELLIS_DPR16X4.$proc$/home/chema/miniconda3/envs/digital/bin/../share/yosys/ecp5/cells_sim.v:0$142'.
  created direct connection (no actual register cell created).
Creating register for signal `\TRELLIS_DPR16X4.$memwr$\mem$/home/chema/miniconda3/envs/digital/bin/../share/yosys/ecp5/cells_sim.v:207$103_EN' using process `\TRELLIS_DPR16X4.$proc$/home/chema/miniconda3/envs/digital/bin/../share/yosys/ecp5/cells_sim.v:0$142'.
  created direct connection (no actual register cell created).
Creating register for signal `\TRELLIS_DPR16X4.$memwr$\mem$/home/chema/miniconda3/envs/digital/bin/../share/yosys/ecp5/cells_sim.v:207$104_EN' using process `\TRELLIS_DPR16X4.$proc$/home/chema/miniconda3/envs/digital/bin/../share/yosys/ecp5/cells_sim.v:0$142'.
  created direct connection (no actual register cell created).
Creating register for signal `\TRELLIS_DPR16X4.$memwr$\mem$/home/chema/miniconda3/envs/digital/bin/../share/yosys/ecp5/cells_sim.v:207$105_EN' using process `\TRELLIS_DPR16X4.$proc$/home/chema/miniconda3/envs/digital/bin/../share/yosys/ecp5/cells_sim.v:0$142'.
  created direct connection (no actual register cell created).
Creating register for signal `\TRELLIS_DPR16X4.$memwr$\mem$/home/chema/miniconda3/envs/digital/bin/../share/yosys/ecp5/cells_sim.v:207$106_EN' using process `\TRELLIS_DPR16X4.$proc$/home/chema/miniconda3/envs/digital/bin/../share/yosys/ecp5/cells_sim.v:0$142'.
  created direct connection (no actual register cell created).
Creating register for signal `\TRELLIS_DPR16X4.$memwr$\mem$/home/chema/miniconda3/envs/digital/bin/../share/yosys/ecp5/cells_sim.v:207$107_EN' using process `\TRELLIS_DPR16X4.$proc$/home/chema/miniconda3/envs/digital/bin/../share/yosys/ecp5/cells_sim.v:0$142'.
  created direct connection (no actual register cell created).
Creating register for signal `\TRELLIS_DPR16X4.$memwr$\mem$/home/chema/miniconda3/envs/digital/bin/../share/yosys/ecp5/cells_sim.v:207$108_EN' using process `\TRELLIS_DPR16X4.$proc$/home/chema/miniconda3/envs/digital/bin/../share/yosys/ecp5/cells_sim.v:0$142'.
  created direct connection (no actual register cell created).
Creating register for signal `\TRELLIS_DPR16X4.$memwr$\mem$/home/chema/miniconda3/envs/digital/bin/../share/yosys/ecp5/cells_sim.v:207$109_EN' using process `\TRELLIS_DPR16X4.$proc$/home/chema/miniconda3/envs/digital/bin/../share/yosys/ecp5/cells_sim.v:0$142'.
  created direct connection (no actual register cell created).
Creating register for signal `\TRELLIS_DPR16X4.$memwr$\mem$/home/chema/miniconda3/envs/digital/bin/../share/yosys/ecp5/cells_sim.v:207$110_EN' using process `\TRELLIS_DPR16X4.$proc$/home/chema/miniconda3/envs/digital/bin/../share/yosys/ecp5/cells_sim.v:0$142'.
  created direct connection (no actual register cell created).
Creating register for signal `\TRELLIS_DPR16X4.$memwr$\mem$/home/chema/miniconda3/envs/digital/bin/../share/yosys/ecp5/cells_sim.v:207$111_EN' using process `\TRELLIS_DPR16X4.$proc$/home/chema/miniconda3/envs/digital/bin/../share/yosys/ecp5/cells_sim.v:0$142'.
  created direct connection (no actual register cell created).
Creating register for signal `\TRELLIS_DPR16X4.$memwr$\mem$/home/chema/miniconda3/envs/digital/bin/../share/yosys/ecp5/cells_sim.v:207$112_EN' using process `\TRELLIS_DPR16X4.$proc$/home/chema/miniconda3/envs/digital/bin/../share/yosys/ecp5/cells_sim.v:0$142'.
  created direct connection (no actual register cell created).
Creating register for signal `\TRELLIS_DPR16X4.$memwr$\mem$/home/chema/miniconda3/envs/digital/bin/../share/yosys/ecp5/cells_sim.v:207$113_EN' using process `\TRELLIS_DPR16X4.$proc$/home/chema/miniconda3/envs/digital/bin/../share/yosys/ecp5/cells_sim.v:0$142'.
  created direct connection (no actual register cell created).
Creating register for signal `\TRELLIS_DPR16X4.$memwr$\mem$/home/chema/miniconda3/envs/digital/bin/../share/yosys/ecp5/cells_sim.v:207$114_EN' using process `\TRELLIS_DPR16X4.$proc$/home/chema/miniconda3/envs/digital/bin/../share/yosys/ecp5/cells_sim.v:0$142'.
  created direct connection (no actual register cell created).
Creating register for signal `\TRELLIS_DPR16X4.$memwr$\mem$/home/chema/miniconda3/envs/digital/bin/../share/yosys/ecp5/cells_sim.v:207$115_EN' using process `\TRELLIS_DPR16X4.$proc$/home/chema/miniconda3/envs/digital/bin/../share/yosys/ecp5/cells_sim.v:0$142'.
  created direct connection (no actual register cell created).
Creating register for signal `\TRELLIS_DPR16X4.$memwr$\mem$/home/chema/miniconda3/envs/digital/bin/../share/yosys/ecp5/cells_sim.v:223$116_ADDR' using process `\TRELLIS_DPR16X4.$proc$/home/chema/miniconda3/envs/digital/bin/../share/yosys/ecp5/cells_sim.v:221$118'.
  created $dff cell `$procdff$1859' with positive edge clock.
Creating register for signal `\TRELLIS_DPR16X4.$memwr$\mem$/home/chema/miniconda3/envs/digital/bin/../share/yosys/ecp5/cells_sim.v:223$116_DATA' using process `\TRELLIS_DPR16X4.$proc$/home/chema/miniconda3/envs/digital/bin/../share/yosys/ecp5/cells_sim.v:221$118'.
  created $dff cell `$procdff$1860' with positive edge clock.
Creating register for signal `\TRELLIS_DPR16X4.$memwr$\mem$/home/chema/miniconda3/envs/digital/bin/../share/yosys/ecp5/cells_sim.v:223$116_EN' using process `\TRELLIS_DPR16X4.$proc$/home/chema/miniconda3/envs/digital/bin/../share/yosys/ecp5/cells_sim.v:221$118'.
  created $dff cell `$procdff$1861' with positive edge clock.
Creating register for signal `\TRELLIS_DPR16X4.\muxwre' using process `\TRELLIS_DPR16X4.$proc$/home/chema/miniconda3/envs/digital/bin/../share/yosys/ecp5/cells_sim.v:213$117'.
  created direct connection (no actual register cell created).
Creating register for signal `\rsr.\s_B' using process `\rsr.$proc$cores/mult_ASM/rsr.v:8$576'.
  created $dff cell `$procdff$1862' with negative edge clock.
Creating register for signal `\lsr_mult.\s_A' using process `\lsr_mult.$proc$cores/mult_ASM/lsr_mult.v:8$574'.
  created $dff cell `$procdff$1863' with negative edge clock.
Creating register for signal `\acc.\pp' using process `\acc.$proc$cores/mult_ASM/acc.v:10$567'.
  created $dff cell `$procdff$1864' with negative edge clock.
Creating register for signal `\control_mult.\reset' using process `\control_mult.$proc$cores/mult_ASM/control_mult.v:34$562'.
  created $dff cell `$procdff$1865' with positive edge clock.
Creating register for signal `\control_mult.\done' using process `\control_mult.$proc$cores/mult_ASM/control_mult.v:34$562'.
  created $dff cell `$procdff$1866' with positive edge clock.
Creating register for signal `\control_mult.\state' using process `\control_mult.$proc$cores/mult_ASM/control_mult.v:34$562'.
  created $dff cell `$procdff$1867' with positive edge clock.
Creating register for signal `\control_mult.\add' using process `\control_mult.$proc$cores/mult_ASM/control_mult.v:34$562'.
  created $dff cell `$procdff$1868' with positive edge clock.
Creating register for signal `\control_mult.\sh' using process `\control_mult.$proc$cores/mult_ASM/control_mult.v:34$562'.
  created $dff cell `$procdff$1869' with positive edge clock.
Creating register for signal `\control_mult.\count' using process `\control_mult.$proc$cores/mult_ASM/control_mult.v:34$562'.
  created $dff cell `$procdff$1870' with positive edge clock.
Creating register for signal `\lsr_div.\A' using process `\lsr_div.$proc$cores/divider_ASM/div_16/lsr_div.v:16$560'.
  created $dff cell `$procdff$1871' with negative edge clock.
Creating register for signal `\lsr_div.\OUT_R' using process `\lsr_div.$proc$cores/divider_ASM/div_16/lsr_div.v:16$560'.
  created $dff cell `$procdff$1872' with negative edge clock.
Creating register for signal `\lsr_div.\DV' using process `\lsr_div.$proc$cores/divider_ASM/div_16/lsr_div.v:16$560'.
  created $dff cell `$procdff$1873' with negative edge clock.
Creating register for signal `\counter_div.\z' using process `\counter_div.$proc$cores/divider_ASM/div_16/counter_div.v:11$550'.
  created $dff cell `$procdff$1874' with negative edge clock.
Creating register for signal `\counter_div.\cont' using process `\counter_div.$proc$cores/divider_ASM/div_16/counter_div.v:11$550'.
  created $dff cell `$procdff$1875' with negative edge clock.
Creating register for signal `\control_div.\state' using process `\control_div.$proc$cores/divider_ASM/div_16/control_div.v:28$547'.
  created $dff cell `$procdff$1876' with positive edge clock.
Creating register for signal `\lsr2.\data' using process `\lsr2.$proc$cores/sqrt_ASM/lsr2.v:14$546'.
  created $dff cell `$procdff$1877' with negative edge clock.
Creating register for signal `\lsr.\out_r' using process `\lsr.$proc$cores/sqrt_ASM/lsr.v:12$545'.
  created $dff cell `$procdff$1878' with negative edge clock.
Creating register for signal `\count.\z' using process `\count.$proc$cores/sqrt_ASM/count.v:11$535'.
  created $dff cell `$procdff$1879' with negative edge clock.
Creating register for signal `\count.\cont' using process `\count.$proc$cores/sqrt_ASM/count.v:11$535'.
  created $dff cell `$procdff$1880' with negative edge clock.
Creating register for signal `\control_sqrt.\state' using process `\control_sqrt.$proc$cores/sqrt_ASM/control.v:30$529'.
  created $dff cell `$procdff$1881' with positive edge clock.
Creating register for signal `\control_sqrt.\count' using process `\control_sqrt.$proc$cores/sqrt_ASM/control.v:30$529'.
  created $dff cell `$procdff$1882' with positive edge clock.
Creating register for signal `\lsr4.\data' using process `\lsr4.$proc$cores/bin2bcd/lsr4.v:15$523'.
  created $dff cell `$procdff$1883' with negative edge clock.
Creating register for signal `\rsr4.\data' using process `\rsr4.$proc$cores/bcd2bin/rsr4.v:17$517'.
  created $dff cell `$procdff$1884' with negative edge clock.
Creating register for signal `\reg_msb.\cont' using process `\reg_msb.$proc$cores/bin2bcd/reg_msb.v:22$513'.
  created $dff cell `$procdff$1885' with negative edge clock.
Creating register for signal `\cnt_bin2bcd.\z' using process `\cnt_bin2bcd.$proc$cores/bin2bcd/count.v:11$506'.
  created $dff cell `$procdff$1886' with negative edge clock.
Creating register for signal `\cnt_bin2bcd.\cont' using process `\cnt_bin2bcd.$proc$cores/bin2bcd/count.v:11$506'.
  created $dff cell `$procdff$1887' with negative edge clock.
Creating register for signal `\ctrl_b2b.\state' using process `\ctrl_b2b.$proc$cores/bin2bcd/ctrl_b2b.v:25$501'.
  created $dff cell `$procdff$1888' with positive edge clock.
Creating register for signal `\ctrl_b2b.\count' using process `\ctrl_b2b.$proc$cores/bin2bcd/ctrl_b2b.v:25$501'.
  created $dff cell `$procdff$1889' with positive edge clock.
Creating register for signal `$paramod$206f9b3f434d95c80cb6e831afc1736968fea37b\uart.\tx_busy' using process `$paramod$206f9b3f434d95c80cb6e831afc1736968fea37b\uart.$proc$cores/uart/uart.v:122$491'.
  created $dff cell `$procdff$1890' with positive edge clock.
Creating register for signal `$paramod$206f9b3f434d95c80cb6e831afc1736968fea37b\uart.\uart_txd' using process `$paramod$206f9b3f434d95c80cb6e831afc1736968fea37b\uart.$proc$cores/uart/uart.v:122$491'.
  created $dff cell `$procdff$1891' with positive edge clock.
Creating register for signal `$paramod$206f9b3f434d95c80cb6e831afc1736968fea37b\uart.\tx_bitcount' using process `$paramod$206f9b3f434d95c80cb6e831afc1736968fea37b\uart.$proc$cores/uart/uart.v:122$491'.
  created $dff cell `$procdff$1892' with positive edge clock.
Creating register for signal `$paramod$206f9b3f434d95c80cb6e831afc1736968fea37b\uart.\tx_count16' using process `$paramod$206f9b3f434d95c80cb6e831afc1736968fea37b\uart.$proc$cores/uart/uart.v:122$491'.
  created $dff cell `$procdff$1893' with positive edge clock.
Creating register for signal `$paramod$206f9b3f434d95c80cb6e831afc1736968fea37b\uart.\txd_reg' using process `$paramod$206f9b3f434d95c80cb6e831afc1736968fea37b\uart.$proc$cores/uart/uart.v:122$491'.
  created $dff cell `$procdff$1894' with positive edge clock.
Creating register for signal `$paramod$206f9b3f434d95c80cb6e831afc1736968fea37b\uart.\rx_data' using process `$paramod$206f9b3f434d95c80cb6e831afc1736968fea37b\uart.$proc$cores/uart/uart.v:66$483'.
  created $dff cell `$procdff$1895' with positive edge clock.
Creating register for signal `$paramod$206f9b3f434d95c80cb6e831afc1736968fea37b\uart.\rx_error' using process `$paramod$206f9b3f434d95c80cb6e831afc1736968fea37b\uart.$proc$cores/uart/uart.v:66$483'.
  created $dff cell `$procdff$1896' with positive edge clock.
Creating register for signal `$paramod$206f9b3f434d95c80cb6e831afc1736968fea37b\uart.\rx_avail' using process `$paramod$206f9b3f434d95c80cb6e831afc1736968fea37b\uart.$proc$cores/uart/uart.v:66$483'.
  created $dff cell `$procdff$1897' with positive edge clock.
Creating register for signal `$paramod$206f9b3f434d95c80cb6e831afc1736968fea37b\uart.\rx_busy' using process `$paramod$206f9b3f434d95c80cb6e831afc1736968fea37b\uart.$proc$cores/uart/uart.v:66$483'.
  created $dff cell `$procdff$1898' with positive edge clock.
Creating register for signal `$paramod$206f9b3f434d95c80cb6e831afc1736968fea37b\uart.\rx_count16' using process `$paramod$206f9b3f434d95c80cb6e831afc1736968fea37b\uart.$proc$cores/uart/uart.v:66$483'.
  created $dff cell `$procdff$1899' with positive edge clock.
Creating register for signal `$paramod$206f9b3f434d95c80cb6e831afc1736968fea37b\uart.\rx_bitcount' using process `$paramod$206f9b3f434d95c80cb6e831afc1736968fea37b\uart.$proc$cores/uart/uart.v:66$483'.
  created $dff cell `$procdff$1900' with positive edge clock.
Creating register for signal `$paramod$206f9b3f434d95c80cb6e831afc1736968fea37b\uart.\rxd_reg' using process `$paramod$206f9b3f434d95c80cb6e831afc1736968fea37b\uart.$proc$cores/uart/uart.v:66$483'.
  created $dff cell `$procdff$1901' with positive edge clock.
Creating register for signal `$paramod$206f9b3f434d95c80cb6e831afc1736968fea37b\uart.\uart_rxd1' using process `$paramod$206f9b3f434d95c80cb6e831afc1736968fea37b\uart.$proc$cores/uart/uart.v:52$482'.
  created $dff cell `$procdff$1902' with positive edge clock.
Creating register for signal `$paramod$206f9b3f434d95c80cb6e831afc1736968fea37b\uart.\uart_rxd2' using process `$paramod$206f9b3f434d95c80cb6e831afc1736968fea37b\uart.$proc$cores/uart/uart.v:52$482'.
  created $dff cell `$procdff$1903' with positive edge clock.
Creating register for signal `$paramod$206f9b3f434d95c80cb6e831afc1736968fea37b\uart.\enable16_counter' using process `$paramod$206f9b3f434d95c80cb6e831afc1736968fea37b\uart.$proc$cores/uart/uart.v:34$479'.
  created $dff cell `$procdff$1904' with positive edge clock.
Creating register for signal `\FemtoRV32.\cycles' using process `\FemtoRV32.$proc$cores/cpu/femtorv32_quark_V2.v:290$472'.
  created $dff cell `$procdff$1905' with positive edge clock.
Creating register for signal `\FemtoRV32.\PC' using process `\FemtoRV32.$proc$cores/cpu/femtorv32_quark_V2.v:249$459'.
  created $dff cell `$procdff$1906' with positive edge clock.
Creating register for signal `\FemtoRV32.\instr' using process `\FemtoRV32.$proc$cores/cpu/femtorv32_quark_V2.v:249$459'.
  created $dff cell `$procdff$1907' with positive edge clock.
Creating register for signal `\FemtoRV32.\state' using process `\FemtoRV32.$proc$cores/cpu/femtorv32_quark_V2.v:249$459'.
  created $dff cell `$procdff$1908' with positive edge clock.
Creating register for signal `\FemtoRV32.\rs1' using process `\FemtoRV32.$proc$cores/cpu/femtorv32_quark_V2.v:249$459'.
  created $dff cell `$procdff$1909' with positive edge clock.
Creating register for signal `\FemtoRV32.\rs2' using process `\FemtoRV32.$proc$cores/cpu/femtorv32_quark_V2.v:249$459'.
  created $dff cell `$procdff$1910' with positive edge clock.
Creating register for signal `\FemtoRV32.\aluReg' using process `\FemtoRV32.$proc$cores/cpu/femtorv32_quark_V2.v:188$422'.
  created $dff cell `$procdff$1911' with positive edge clock.
Creating register for signal `\FemtoRV32.\aluShamt' using process `\FemtoRV32.$proc$cores/cpu/femtorv32_quark_V2.v:188$422'.
  created $dff cell `$procdff$1912' with positive edge clock.
Creating register for signal `\FemtoRV32.$memwr$\registerFile$cores/cpu/femtorv32_quark_V2.v:181$324_EN' using process `\FemtoRV32.$proc$cores/cpu/femtorv32_quark_V2.v:179$405'.
  created $dff cell `$procdff$1913' with positive edge clock.
Creating register for signal `\FemtoRV32.$memwr$\registerFile$cores/cpu/femtorv32_quark_V2.v:185$325_ADDR' using process `\FemtoRV32.$proc$cores/cpu/femtorv32_quark_V2.v:179$405'.
  created $dff cell `$procdff$1914' with positive edge clock.
Creating register for signal `\FemtoRV32.$memwr$\registerFile$cores/cpu/femtorv32_quark_V2.v:185$325_DATA' using process `\FemtoRV32.$proc$cores/cpu/femtorv32_quark_V2.v:179$405'.
  created $dff cell `$procdff$1915' with positive edge clock.
Creating register for signal `\FemtoRV32.$memwr$\registerFile$cores/cpu/femtorv32_quark_V2.v:185$325_EN' using process `\FemtoRV32.$proc$cores/cpu/femtorv32_quark_V2.v:179$405'.
  created $dff cell `$procdff$1916' with positive edge clock.
Creating register for signal `\bram.\mem_rdata' using process `\bram.$proc$cores/bram/bram.v:20$296'.
  created $dff cell `$procdff$1917' with positive edge clock.
Creating register for signal `\bram.$memwr$\MEM$cores/bram/bram.v:24$292_ADDR' using process `\bram.$proc$cores/bram/bram.v:20$296'.
  created $dff cell `$procdff$1918' with positive edge clock.
Creating register for signal `\bram.$memwr$\MEM$cores/bram/bram.v:24$292_DATA' using process `\bram.$proc$cores/bram/bram.v:20$296'.
  created $dff cell `$procdff$1919' with positive edge clock.
Creating register for signal `\bram.$memwr$\MEM$cores/bram/bram.v:24$292_EN' using process `\bram.$proc$cores/bram/bram.v:20$296'.
  created $dff cell `$procdff$1920' with positive edge clock.
Creating register for signal `\bram.$memwr$\MEM$cores/bram/bram.v:25$293_ADDR' using process `\bram.$proc$cores/bram/bram.v:20$296'.
  created $dff cell `$procdff$1921' with positive edge clock.
Creating register for signal `\bram.$memwr$\MEM$cores/bram/bram.v:25$293_DATA' using process `\bram.$proc$cores/bram/bram.v:20$296'.
  created $dff cell `$procdff$1922' with positive edge clock.
Creating register for signal `\bram.$memwr$\MEM$cores/bram/bram.v:25$293_EN' using process `\bram.$proc$cores/bram/bram.v:20$296'.
  created $dff cell `$procdff$1923' with positive edge clock.
Creating register for signal `\bram.$memwr$\MEM$cores/bram/bram.v:26$294_ADDR' using process `\bram.$proc$cores/bram/bram.v:20$296'.
  created $dff cell `$procdff$1924' with positive edge clock.
Creating register for signal `\bram.$memwr$\MEM$cores/bram/bram.v:26$294_DATA' using process `\bram.$proc$cores/bram/bram.v:20$296'.
  created $dff cell `$procdff$1925' with positive edge clock.
Creating register for signal `\bram.$memwr$\MEM$cores/bram/bram.v:26$294_EN' using process `\bram.$proc$cores/bram/bram.v:20$296'.
  created $dff cell `$procdff$1926' with positive edge clock.
Creating register for signal `\bram.$memwr$\MEM$cores/bram/bram.v:27$295_ADDR' using process `\bram.$proc$cores/bram/bram.v:20$296'.
  created $dff cell `$procdff$1927' with positive edge clock.
Creating register for signal `\bram.$memwr$\MEM$cores/bram/bram.v:27$295_DATA' using process `\bram.$proc$cores/bram/bram.v:20$296'.
  created $dff cell `$procdff$1928' with positive edge clock.
Creating register for signal `\bram.$memwr$\MEM$cores/bram/bram.v:27$295_EN' using process `\bram.$proc$cores/bram/bram.v:20$296'.
  created $dff cell `$procdff$1929' with positive edge clock.
Creating register for signal `$paramod$26bd946efcf927954a3c20ebc38b9ad2c343f36b\peripheral_uart.\d_out' using process `$paramod$26bd946efcf927954a3c20ebc38b9ad2c343f36b\peripheral_uart.$proc$cores/uart/perip_uart.v:45$288'.
  created $dff cell `$procdff$1930' with positive edge clock.
Creating register for signal `$paramod$26bd946efcf927954a3c20ebc38b9ad2c343f36b\peripheral_uart.\ledout' using process `$paramod$26bd946efcf927954a3c20ebc38b9ad2c343f36b\peripheral_uart.$proc$cores/uart/perip_uart.v:38$283'.
  created $dff cell `$procdff$1931' with positive edge clock.
Creating register for signal `$paramod$26bd946efcf927954a3c20ebc38b9ad2c343f36b\peripheral_uart.\d_in_uart' using process `$paramod$26bd946efcf927954a3c20ebc38b9ad2c343f36b\peripheral_uart.$proc$cores/uart/perip_uart.v:38$283'.
  created $dff cell `$procdff$1932' with positive edge clock.
Creating register for signal `$paramod$26bd946efcf927954a3c20ebc38b9ad2c343f36b\peripheral_uart.\uart_ctrl' using process `$paramod$26bd946efcf927954a3c20ebc38b9ad2c343f36b\peripheral_uart.$proc$cores/uart/perip_uart.v:38$283'.
  created $dff cell `$procdff$1933' with positive edge clock.
Creating register for signal `\peripheral_mult.\d_out' using process `\peripheral_mult.$proc$cores/mult_ASM/perip_mult.v:56$279'.
  created $dff cell `$procdff$1934' with positive edge clock.
Creating register for signal `\peripheral_mult.\A' using process `\peripheral_mult.$proc$cores/mult_ASM/perip_mult.v:38$274'.
  created $dff cell `$procdff$1935' with positive edge clock.
Creating register for signal `\peripheral_mult.\B' using process `\peripheral_mult.$proc$cores/mult_ASM/perip_mult.v:38$274'.
  created $dff cell `$procdff$1936' with positive edge clock.
Creating register for signal `\peripheral_mult.\init' using process `\peripheral_mult.$proc$cores/mult_ASM/perip_mult.v:38$274'.
  created $dff cell `$procdff$1937' with positive edge clock.
Creating register for signal `\peripheral_div.\d_out' using process `\peripheral_div.$proc$cores/divider_ASM/peripheral_div.v:55$269'.
  created $dff cell `$procdff$1938' with negative edge clock.
Creating register for signal `\peripheral_div.\A' using process `\peripheral_div.$proc$cores/divider_ASM/peripheral_div.v:44$266'.
  created $dff cell `$procdff$1939' with negative edge clock.
Creating register for signal `\peripheral_div.\B' using process `\peripheral_div.$proc$cores/divider_ASM/peripheral_div.v:44$266'.
  created $dff cell `$procdff$1940' with negative edge clock.
Creating register for signal `\peripheral_div.\init' using process `\peripheral_div.$proc$cores/divider_ASM/peripheral_div.v:44$266'.
  created $dff cell `$procdff$1941' with negative edge clock.
Creating register for signal `\peripheral_sqrt.\d_out' using process `\peripheral_sqrt.$proc$cores/sqrt_ASM/perip_sqrt.v:52$254'.
  created $dff cell `$procdff$1942' with negative edge clock.
Creating register for signal `\peripheral_sqrt.\A' using process `\peripheral_sqrt.$proc$cores/sqrt_ASM/perip_sqrt.v:36$250'.
  created $dff cell `$procdff$1943' with negative edge clock.
Creating register for signal `\peripheral_sqrt.\init' using process `\peripheral_sqrt.$proc$cores/sqrt_ASM/perip_sqrt.v:36$250'.
  created $dff cell `$procdff$1944' with negative edge clock.
Creating register for signal `\peripheral_bin2bcd.\d_out' using process `\peripheral_bin2bcd.$proc$cores/bin2bcd/perip_bin2bcd.v:50$248'.
  created $dff cell `$procdff$1945' with positive edge clock.
Creating register for signal `\peripheral_bin2bcd.\A' using process `\peripheral_bin2bcd.$proc$cores/bin2bcd/perip_bin2bcd.v:34$244'.
  created $dff cell `$procdff$1946' with positive edge clock.
Creating register for signal `\peripheral_bin2bcd.\init' using process `\peripheral_bin2bcd.$proc$cores/bin2bcd/perip_bin2bcd.v:34$244'.
  created $dff cell `$procdff$1947' with positive edge clock.
Creating register for signal `\peripheral_bcd2bin.\d_out' using process `\peripheral_bcd2bin.$proc$cores/bcd2bin/perip_bcd2bin.v:50$242'.
  created $dff cell `$procdff$1948' with positive edge clock.
Creating register for signal `\peripheral_bcd2bin.\A' using process `\peripheral_bcd2bin.$proc$cores/bcd2bin/perip_bcd2bin.v:34$238'.
  created $dff cell `$procdff$1949' with positive edge clock.
Creating register for signal `\peripheral_bcd2bin.\init' using process `\peripheral_bcd2bin.$proc$cores/bcd2bin/perip_bcd2bin.v:34$238'.
  created $dff cell `$procdff$1950' with positive edge clock.

38.5.10. Executing PROC_MEMWR pass (convert process memory writes to cells).

38.5.11. Executing PROC_CLEAN pass (remove empty switches from decision trees).
Removing empty process `TRELLIS_FF.$proc$/home/chema/miniconda3/envs/digital/bin/../share/yosys/ecp5/cells_sim.v:0$225'.
Found and cleaned up 2 empty switches in `\TRELLIS_FF.$proc$/home/chema/miniconda3/envs/digital/bin/../share/yosys/ecp5/cells_sim.v:350$224'.
Removing empty process `TRELLIS_FF.$proc$/home/chema/miniconda3/envs/digital/bin/../share/yosys/ecp5/cells_sim.v:350$224'.
Removing empty process `DPR16X4C.$proc$/home/chema/miniconda3/envs/digital/bin/../share/yosys/ecp5/cells_sim.v:0$199'.
Found and cleaned up 1 empty switch in `\DPR16X4C.$proc$/home/chema/miniconda3/envs/digital/bin/../share/yosys/ecp5/cells_sim.v:285$176'.
Removing empty process `TRELLIS_DPR16X4.$proc$/home/chema/miniconda3/envs/digital/bin/../share/yosys/ecp5/cells_sim.v:0$142'.
Found and cleaned up 1 empty switch in `\TRELLIS_DPR16X4.$proc$/home/chema/miniconda3/envs/digital/bin/../share/yosys/ecp5/cells_sim.v:221$118'.
Removing empty process `TRELLIS_DPR16X4.$proc$/home/chema/miniconda3/envs/digital/bin/../share/yosys/ecp5/cells_sim.v:213$117'.
Found and cleaned up 2 empty switches in `\rsr.$proc$cores/mult_ASM/rsr.v:8$576'.
Removing empty process `rsr.$proc$cores/mult_ASM/rsr.v:8$576'.
Found and cleaned up 2 empty switches in `\lsr_mult.$proc$cores/mult_ASM/lsr_mult.v:8$574'.
Removing empty process `lsr_mult.$proc$cores/mult_ASM/lsr_mult.v:8$574'.
Removing empty process `comp.$proc$cores/mult_ASM/comp.v:0$573'.
Removing empty process `comp.$proc$cores/mult_ASM/comp.v:9$570'.
Removing empty process `acc.$proc$cores/mult_ASM/acc.v:0$569'.
Found and cleaned up 2 empty switches in `\acc.$proc$cores/mult_ASM/acc.v:10$567'.
Removing empty process `acc.$proc$cores/mult_ASM/acc.v:10$567'.
Removing empty process `control_mult.$proc$cores/mult_ASM/control_mult.v:0$566'.
Found and cleaned up 5 empty switches in `\control_mult.$proc$cores/mult_ASM/control_mult.v:34$562'.
Removing empty process `control_mult.$proc$cores/mult_ASM/control_mult.v:34$562'.
Found and cleaned up 3 empty switches in `\lsr_div.$proc$cores/divider_ASM/div_16/lsr_div.v:16$560'.
Removing empty process `lsr_div.$proc$cores/divider_ASM/div_16/lsr_div.v:16$560'.
Removing empty process `subtractor.$proc$cores/divider_ASM/div_16/subtractor.v:7$555'.
Removing empty process `counter_div.$proc$cores/divider_ASM/div_16/counter_div.v:8$554'.
Found and cleaned up 2 empty switches in `\counter_div.$proc$cores/divider_ASM/div_16/counter_div.v:11$550'.
Removing empty process `counter_div.$proc$cores/divider_ASM/div_16/counter_div.v:11$550'.
Found and cleaned up 1 empty switch in `\control_div.$proc$cores/divider_ASM/div_16/control_div.v:74$549'.
Removing empty process `control_div.$proc$cores/divider_ASM/div_16/control_div.v:74$549'.
Found and cleaned up 7 empty switches in `\control_div.$proc$cores/divider_ASM/div_16/control_div.v:28$547'.
Removing empty process `control_div.$proc$cores/divider_ASM/div_16/control_div.v:28$547'.
Found and cleaned up 3 empty switches in `\lsr2.$proc$cores/sqrt_ASM/lsr2.v:14$546'.
Removing empty process `lsr2.$proc$cores/sqrt_ASM/lsr2.v:14$546'.
Found and cleaned up 4 empty switches in `\lsr.$proc$cores/sqrt_ASM/lsr.v:12$545'.
Removing empty process `lsr.$proc$cores/sqrt_ASM/lsr.v:12$545'.
Removing empty process `addc2.$proc$cores/sqrt_ASM/addc2.v:7$540'.
Removing empty process `count.$proc$cores/sqrt_ASM/count.v:8$539'.
Found and cleaned up 2 empty switches in `\count.$proc$cores/sqrt_ASM/count.v:11$535'.
Removing empty process `count.$proc$cores/sqrt_ASM/count.v:11$535'.
Found and cleaned up 1 empty switch in `\control_sqrt.$proc$cores/sqrt_ASM/control.v:86$534'.
Removing empty process `control_sqrt.$proc$cores/sqrt_ASM/control.v:86$534'.
Found and cleaned up 6 empty switches in `\control_sqrt.$proc$cores/sqrt_ASM/control.v:30$529'.
Removing empty process `control_sqrt.$proc$cores/sqrt_ASM/control.v:30$529'.
Found and cleaned up 7 empty switches in `\lsr4.$proc$cores/bin2bcd/lsr4.v:15$523'.
Removing empty process `lsr4.$proc$cores/bin2bcd/lsr4.v:15$523'.
Found and cleaned up 7 empty switches in `\rsr4.$proc$cores/bcd2bin/rsr4.v:17$517'.
Removing empty process `rsr4.$proc$cores/bcd2bin/rsr4.v:17$517'.
Found and cleaned up 1 empty switch in `\mux.$proc$cores/bin2bcd/mux2.v:8$516'.
Removing empty process `mux.$proc$cores/bin2bcd/mux2.v:8$516'.
Removing empty process `add_sub_c2.$proc$cores/bin2bcd/add_sub_c2.v:7$514'.
Found and cleaned up 2 empty switches in `\reg_msb.$proc$cores/bin2bcd/reg_msb.v:22$513'.
Removing empty process `reg_msb.$proc$cores/bin2bcd/reg_msb.v:22$513'.
Found and cleaned up 1 empty switch in `\reg_msb.$proc$cores/bin2bcd/reg_msb.v:14$511'.
Removing empty process `reg_msb.$proc$cores/bin2bcd/reg_msb.v:14$511'.
Removing empty process `cnt_bin2bcd.$proc$cores/bin2bcd/count.v:8$510'.
Found and cleaned up 2 empty switches in `\cnt_bin2bcd.$proc$cores/bin2bcd/count.v:11$506'.
Removing empty process `cnt_bin2bcd.$proc$cores/bin2bcd/count.v:11$506'.
Found and cleaned up 1 empty switch in `\ctrl_b2b.$proc$cores/bin2bcd/ctrl_b2b.v:73$505'.
Removing empty process `ctrl_b2b.$proc$cores/bin2bcd/ctrl_b2b.v:73$505'.
Found and cleaned up 4 empty switches in `\ctrl_b2b.$proc$cores/bin2bcd/ctrl_b2b.v:25$501'.
Removing empty process `ctrl_b2b.$proc$cores/bin2bcd/ctrl_b2b.v:25$501'.
Found and cleaned up 7 empty switches in `$paramod$206f9b3f434d95c80cb6e831afc1736968fea37b\uart.$proc$cores/uart/uart.v:122$491'.
Removing empty process `$paramod$206f9b3f434d95c80cb6e831afc1736968fea37b\uart.$proc$cores/uart/uart.v:122$491'.
Found and cleaned up 10 empty switches in `$paramod$206f9b3f434d95c80cb6e831afc1736968fea37b\uart.$proc$cores/uart/uart.v:66$483'.
Removing empty process `$paramod$206f9b3f434d95c80cb6e831afc1736968fea37b\uart.$proc$cores/uart/uart.v:66$483'.
Removing empty process `$paramod$206f9b3f434d95c80cb6e831afc1736968fea37b\uart.$proc$cores/uart/uart.v:52$482'.
Found and cleaned up 2 empty switches in `$paramod$206f9b3f434d95c80cb6e831afc1736968fea37b\uart.$proc$cores/uart/uart.v:34$479'.
Removing empty process `$paramod$206f9b3f434d95c80cb6e831afc1736968fea37b\uart.$proc$cores/uart/uart.v:34$479'.
Removing empty process `FemtoRV32.$proc$cores/cpu/femtorv32_quark_V2.v:0$476'.
Found and cleaned up 1 empty switch in `\FemtoRV32.$proc$cores/cpu/femtorv32_quark_V2.v:290$472'.
Removing empty process `FemtoRV32.$proc$cores/cpu/femtorv32_quark_V2.v:290$472'.
Found and cleaned up 4 empty switches in `\FemtoRV32.$proc$cores/cpu/femtorv32_quark_V2.v:249$459'.
Removing empty process `FemtoRV32.$proc$cores/cpu/femtorv32_quark_V2.v:249$459'.
Found and cleaned up 4 empty switches in `\FemtoRV32.$proc$cores/cpu/femtorv32_quark_V2.v:188$422'.
Removing empty process `FemtoRV32.$proc$cores/cpu/femtorv32_quark_V2.v:188$422'.
Found and cleaned up 3 empty switches in `\FemtoRV32.$proc$cores/cpu/femtorv32_quark_V2.v:179$405'.
Removing empty process `FemtoRV32.$proc$cores/cpu/femtorv32_quark_V2.v:179$405'.
Found and cleaned up 5 empty switches in `\bram.$proc$cores/bram/bram.v:20$296'.
Removing empty process `bram.$proc$cores/bram/bram.v:20$296'.
Removing empty process `$paramod$26bd946efcf927954a3c20ebc38b9ad2c343f36b\peripheral_uart.$proc$cores/uart/perip_uart.v:21$291'.
Removing empty process `$paramod$26bd946efcf927954a3c20ebc38b9ad2c343f36b\peripheral_uart.$proc$cores/uart/perip_uart.v:20$290'.
Removing empty process `$paramod$26bd946efcf927954a3c20ebc38b9ad2c343f36b\peripheral_uart.$proc$cores/uart/perip_uart.v:0$289'.
Found and cleaned up 1 empty switch in `$paramod$26bd946efcf927954a3c20ebc38b9ad2c343f36b\peripheral_uart.$proc$cores/uart/perip_uart.v:45$288'.
Removing empty process `$paramod$26bd946efcf927954a3c20ebc38b9ad2c343f36b\peripheral_uart.$proc$cores/uart/perip_uart.v:45$288'.
Removing empty process `$paramod$26bd946efcf927954a3c20ebc38b9ad2c343f36b\peripheral_uart.$proc$cores/uart/perip_uart.v:38$283'.
Found and cleaned up 1 empty switch in `$paramod$26bd946efcf927954a3c20ebc38b9ad2c343f36b\peripheral_uart.$proc$cores/uart/perip_uart.v:29$280'.
Removing empty process `$paramod$26bd946efcf927954a3c20ebc38b9ad2c343f36b\peripheral_uart.$proc$cores/uart/perip_uart.v:29$280'.
Found and cleaned up 3 empty switches in `\peripheral_mult.$proc$cores/mult_ASM/perip_mult.v:56$279'.
Removing empty process `peripheral_mult.$proc$cores/mult_ASM/perip_mult.v:56$279'.
Found and cleaned up 2 empty switches in `\peripheral_mult.$proc$cores/mult_ASM/perip_mult.v:38$274'.
Removing empty process `peripheral_mult.$proc$cores/mult_ASM/perip_mult.v:38$274'.
Found and cleaned up 2 empty switches in `\peripheral_mult.$proc$cores/mult_ASM/perip_mult.v:20$273'.
Removing empty process `peripheral_mult.$proc$cores/mult_ASM/perip_mult.v:20$273'.
Removing empty process `peripheral_div.$proc$cores/divider_ASM/peripheral_div.v:18$272'.
Removing empty process `peripheral_div.$proc$cores/divider_ASM/peripheral_div.v:17$271'.
Removing empty process `peripheral_div.$proc$cores/divider_ASM/peripheral_div.v:16$270'.
Found and cleaned up 1 empty switch in `\peripheral_div.$proc$cores/divider_ASM/peripheral_div.v:55$269'.
Removing empty process `peripheral_div.$proc$cores/divider_ASM/peripheral_div.v:55$269'.
Removing empty process `peripheral_div.$proc$cores/divider_ASM/peripheral_div.v:44$266'.
Found and cleaned up 1 empty switch in `\peripheral_div.$proc$cores/divider_ASM/peripheral_div.v:29$255'.
Removing empty process `peripheral_div.$proc$cores/divider_ASM/peripheral_div.v:29$255'.
Found and cleaned up 3 empty switches in `\peripheral_sqrt.$proc$cores/sqrt_ASM/perip_sqrt.v:52$254'.
Removing empty process `peripheral_sqrt.$proc$cores/sqrt_ASM/perip_sqrt.v:52$254'.
Found and cleaned up 2 empty switches in `\peripheral_sqrt.$proc$cores/sqrt_ASM/perip_sqrt.v:36$250'.
Removing empty process `peripheral_sqrt.$proc$cores/sqrt_ASM/perip_sqrt.v:36$250'.
Found and cleaned up 2 empty switches in `\peripheral_sqrt.$proc$cores/sqrt_ASM/perip_sqrt.v:19$249'.
Removing empty process `peripheral_sqrt.$proc$cores/sqrt_ASM/perip_sqrt.v:19$249'.
Found and cleaned up 3 empty switches in `\peripheral_bin2bcd.$proc$cores/bin2bcd/perip_bin2bcd.v:50$248'.
Removing empty process `peripheral_bin2bcd.$proc$cores/bin2bcd/perip_bin2bcd.v:50$248'.
Found and cleaned up 2 empty switches in `\peripheral_bin2bcd.$proc$cores/bin2bcd/perip_bin2bcd.v:34$244'.
Removing empty process `peripheral_bin2bcd.$proc$cores/bin2bcd/perip_bin2bcd.v:34$244'.
Found and cleaned up 2 empty switches in `\peripheral_bin2bcd.$proc$cores/bin2bcd/perip_bin2bcd.v:19$243'.
Removing empty process `peripheral_bin2bcd.$proc$cores/bin2bcd/perip_bin2bcd.v:19$243'.
Found and cleaned up 3 empty switches in `\peripheral_bcd2bin.$proc$cores/bcd2bin/perip_bcd2bin.v:50$242'.
Removing empty process `peripheral_bcd2bin.$proc$cores/bcd2bin/perip_bcd2bin.v:50$242'.
Found and cleaned up 2 empty switches in `\peripheral_bcd2bin.$proc$cores/bcd2bin/perip_bcd2bin.v:34$238'.
Removing empty process `peripheral_bcd2bin.$proc$cores/bcd2bin/perip_bcd2bin.v:34$238'.
Found and cleaned up 2 empty switches in `\peripheral_bcd2bin.$proc$cores/bcd2bin/perip_bcd2bin.v:19$237'.
Removing empty process `peripheral_bcd2bin.$proc$cores/bcd2bin/perip_bcd2bin.v:19$237'.
Found and cleaned up 1 empty switch in `\SOC.$proc$SOC.v:138$236'.
Removing empty process `SOC.$proc$SOC.v:138$236'.
Found and cleaned up 1 empty switch in `\SOC.$proc$SOC.v:123$235'.
Removing empty process `SOC.$proc$SOC.v:123$235'.
Cleaned up 139 empty switches.

38.5.12. Executing OPT_EXPR pass (perform const folding).
Optimizing module rsr.
Optimizing module lsr_mult.
Optimizing module comp.
Optimizing module acc.
Optimizing module control_mult.
Optimizing module lsr_div.
Optimizing module subtractor.
Optimizing module counter_div.
Optimizing module control_div.
Optimizing module lsr2.
Optimizing module lsr.
Optimizing module addc2.
Optimizing module count.
Optimizing module control_sqrt.
Optimizing module lsr4.
Optimizing module rsr4.
Optimizing module mux.
Optimizing module add_sub_c2.
Optimizing module reg_msb.
Optimizing module cnt_bin2bcd.
Optimizing module ctrl_b2b.
Optimizing module $paramod$206f9b3f434d95c80cb6e831afc1736968fea37b\uart.
Optimizing module bcd2bin.
Optimizing module bin2bcd.
Optimizing module sqrt.
Optimizing module div_16.
Optimizing module mult_32.
Optimizing module FemtoRV32.
Optimizing module bram.
Optimizing module $paramod$26bd946efcf927954a3c20ebc38b9ad2c343f36b\peripheral_uart.
Optimizing module peripheral_mult.
Optimizing module peripheral_div.
Optimizing module peripheral_sqrt.
Optimizing module peripheral_bin2bcd.
Optimizing module peripheral_bcd2bin.
Optimizing module SOC.

38.6. Executing FLATTEN pass (flatten design).
Deleting now unused module rsr.
Deleting now unused module lsr_mult.
Deleting now unused module comp.
Deleting now unused module acc.
Deleting now unused module control_mult.
Deleting now unused module lsr_div.
Deleting now unused module subtractor.
Deleting now unused module counter_div.
Deleting now unused module control_div.
Deleting now unused module lsr2.
Deleting now unused module lsr.
Deleting now unused module addc2.
Deleting now unused module count.
Deleting now unused module control_sqrt.
Deleting now unused module lsr4.
Deleting now unused module rsr4.
Deleting now unused module mux.
Deleting now unused module add_sub_c2.
Deleting now unused module reg_msb.
Deleting now unused module cnt_bin2bcd.
Deleting now unused module ctrl_b2b.
Deleting now unused module $paramod$206f9b3f434d95c80cb6e831afc1736968fea37b\uart.
Deleting now unused module bcd2bin.
Deleting now unused module bin2bcd.
Deleting now unused module sqrt.
Deleting now unused module div_16.
Deleting now unused module mult_32.
Deleting now unused module FemtoRV32.
Deleting now unused module bram.
Deleting now unused module $paramod$26bd946efcf927954a3c20ebc38b9ad2c343f36b\peripheral_uart.
Deleting now unused module peripheral_mult.
Deleting now unused module peripheral_div.
Deleting now unused module peripheral_sqrt.
Deleting now unused module peripheral_bin2bcd.
Deleting now unused module peripheral_bcd2bin.

38.7. Executing TRIBUF pass.

38.8. Executing DEMINOUT pass (demote inout ports to input or output).

38.9. Executing OPT_EXPR pass (perform const folding).
Optimizing module SOC.

38.10. Executing OPT_CLEAN pass (remove unused cells and wires).
Finding unused cells or wires in module \SOC..
Removed 36 unused cells and 865 unused wires.

38.11. Executing CHECK pass (checking for obvious problems).
Checking module SOC...
Warning: Wire SOC.\div1.d_16.ctl_dv.rst is used but has no driver.
Warning: Wire SOC.\div1.d_16.ctl_dv.start is used but has no driver.
Found and reported 2 problems.

38.12. Executing OPT pass (performing simple optimizations).

38.12.1. Executing OPT_EXPR pass (perform const folding).
Optimizing module SOC.

38.12.2. Executing OPT_MERGE pass (detect identical cells).
Finding identical cells in module `\SOC'.
Removed a total of 103 cells.

38.12.3. Executing OPT_MUXTREE pass (detect dead branches in mux trees).
Running muxtree optimizer on module \SOC..
  Creating internal representation of mux trees.
  Evaluating internal representation of mux trees.
      Replacing known input bits on port A of cell $flatten\per_uart.\uart0.$procmux$1355: \per_uart.uart0.rx_busy -> 1'1
      Replacing known input bits on port A of cell $flatten\per_uart.\uart0.$procmux$1351: \per_uart.uart0.rx_busy -> 1'1
      Replacing known input bits on port A of cell $flatten\per_uart.\uart0.$procmux$1348: \per_uart.uart0.rx_busy -> 1'1
      Replacing known input bits on port B of cell $flatten\per_uart.\uart0.$procmux$1358: \per_uart.uart0.rx_busy -> 1'0
      Replacing known input bits on port B of cell $flatten\CPU.$procmux$1457: \CPU.state -> { 3'100 \CPU.state [0] }
  Analyzing evaluation results.
    dead port 2/2 on $mux $flatten\CPU.$procmux$1507.
    dead port 2/2 on $mux $flatten\CPU.$procmux$1510.
    dead port 2/2 on $mux $flatten\CPU.$procmux$1516.
    dead port 2/2 on $mux $flatten\CPU.$procmux$1519.
    dead port 2/2 on $mux $flatten\CPU.$procmux$1525.
    dead port 2/2 on $mux $flatten\CPU.$procmux$1528.
    dead port 2/2 on $mux $flatten\CPU.$procmux$1534.
    dead port 2/2 on $mux $flatten\CPU.$procmux$1540.
    dead port 2/2 on $mux $flatten\CPU.$procmux$1546.
    dead port 2/2 on $mux $flatten\bcd2bin0.$procmux$1783.
    dead port 2/2 on $mux $flatten\bcd2bin0.$procmux$1786.
    dead port 2/2 on $mux $flatten\bcd2bin0.$procmux$1792.
    dead port 2/2 on $mux $flatten\bcd2bin0.$procmux$1801.
    dead port 2/2 on $mux $flatten\bcd2bin0.$procmux$1807.
    dead port 2/2 on $mux $flatten\bcd2bin0.$procmux$1822.
    dead port 2/2 on $mux $flatten\bcd2bin0.\bcd2bin0.\control0.$procmux$1189.
    dead port 2/2 on $mux $flatten\bcd2bin0.\bcd2bin0.\control0.$procmux$1192.
    dead port 2/2 on $mux $flatten\bcd2bin0.\bcd2bin0.\control0.$procmux$1203.
    dead port 2/2 on $mux $flatten\bcd2bin0.\bcd2bin0.\control0.$procmux$1206.
    dead port 2/2 on $mux $flatten\bcd2bin0.\bcd2bin0.\control0.$procmux$1217.
    dead port 2/2 on $mux $flatten\bcd2bin0.\bcd2bin0.\control0.$procmux$1224.
    dead port 2/2 on $mux $flatten\bin2bcd0.$procmux$1734.
    dead port 2/2 on $mux $flatten\bin2bcd0.$procmux$1737.
    dead port 2/2 on $mux $flatten\bin2bcd0.$procmux$1743.
    dead port 2/2 on $mux $flatten\bin2bcd0.$procmux$1752.
    dead port 2/2 on $mux $flatten\bin2bcd0.$procmux$1758.
    dead port 2/2 on $mux $flatten\bin2bcd0.$procmux$1773.
    dead port 2/2 on $mux $flatten\bin2bcd0.\bin2bcd0.\control0.$procmux$1189.
    dead port 2/2 on $mux $flatten\bin2bcd0.\bin2bcd0.\control0.$procmux$1192.
    dead port 2/2 on $mux $flatten\bin2bcd0.\bin2bcd0.\control0.$procmux$1203.
    dead port 2/2 on $mux $flatten\bin2bcd0.\bin2bcd0.\control0.$procmux$1206.
    dead port 2/2 on $mux $flatten\bin2bcd0.\bin2bcd0.\control0.$procmux$1217.
    dead port 2/2 on $mux $flatten\bin2bcd0.\bin2bcd0.\control0.$procmux$1224.
    dead port 2/2 on $mux $flatten\div1.\d_16.\ctl_dv.$procmux$835.
    dead port 1/2 on $mux $flatten\div1.\d_16.\ctl_dv.$procmux$838.
    dead port 2/2 on $mux $flatten\div1.\d_16.\ctl_dv.$procmux$845.
    dead port 1/2 on $mux $flatten\div1.\d_16.\ctl_dv.$procmux$848.
    dead port 1/2 on $mux $flatten\div1.\d_16.\ctl_dv.$procmux$857.
    dead port 2/2 on $mux $flatten\div1.\d_16.\ctl_dv.$procmux$859.
    dead port 1/2 on $mux $flatten\div1.\d_16.\ctl_dv.$procmux$862.
    dead port 2/2 on $mux $flatten\div1.\d_16.\ctl_dv.$procmux$870.
    dead port 1/2 on $mux $flatten\div1.\d_16.\ctl_dv.$procmux$873.
    dead port 2/2 on $mux $flatten\div1.\d_16.\ctl_dv.$procmux$883.
    dead port 1/2 on $mux $flatten\div1.\d_16.\ctl_dv.$procmux$886.
    dead port 1/2 on $mux $flatten\div1.\d_16.\ctl_dv.$procmux$896.
    dead port 1/2 on $mux $flatten\div1.\d_16.\ctr_dv.$procmux$796.
    dead port 1/2 on $mux $flatten\div1.\d_16.\lsr_d.$procmux$742.
    dead port 1/2 on $mux $flatten\div1.\d_16.\lsr_d.$procmux$745.
    dead port 1/2 on $mux $flatten\div1.\d_16.\lsr_d.$procmux$751.
    dead port 1/2 on $mux $flatten\div1.\d_16.\lsr_d.$procmux$754.
    dead port 1/2 on $mux $flatten\div1.\d_16.\lsr_d.$procmux$760.
    dead port 1/2 on $mux $flatten\div1.\d_16.\lsr_d.$procmux$763.
    dead port 1/2 on $mux $flatten\div1.\d_16.\lsr_d.$procmux$769.
    dead port 1/2 on $mux $flatten\div1.\d_16.\lsr_d.$procmux$775.
    dead port 1/2 on $mux $flatten\div1.\d_16.\lsr_d.$procmux$781.
    dead port 2/2 on $mux $flatten\mult1.$procmux$1611.
    dead port 2/2 on $mux $flatten\mult1.$procmux$1614.
    dead port 2/2 on $mux $flatten\mult1.$procmux$1620.
    dead port 2/2 on $mux $flatten\mult1.$procmux$1629.
    dead port 2/2 on $mux $flatten\mult1.$procmux$1635.
    dead port 2/2 on $mux $flatten\mult1.$procmux$1641.
    dead port 2/2 on $mux $flatten\mult1.$procmux$1660.
    dead port 1/2 on $mux $flatten\mult1.\mult1.\acc0.$procmux$623.
    dead port 2/2 on $mux $flatten\mult1.\mult1.\control0.$procmux$634.
    dead port 2/2 on $mux $flatten\mult1.\mult1.\control0.$procmux$637.
    dead port 2/2 on $mux $flatten\mult1.\mult1.\control0.$procmux$646.
    dead port 2/2 on $mux $flatten\mult1.\mult1.\control0.$procmux$649.
    dead port 2/2 on $mux $flatten\mult1.\mult1.\control0.$procmux$659.
    dead port 2/2 on $mux $flatten\mult1.\mult1.\control0.$procmux$662.
    dead port 2/2 on $mux $flatten\mult1.\mult1.\control0.$procmux$672.
    dead port 2/2 on $mux $flatten\mult1.\mult1.\control0.$procmux$679.
    dead port 2/2 on $mux $flatten\mult1.\mult1.\control0.$procmux$689.
    dead port 2/2 on $mux $flatten\mult1.\mult1.\control0.$procmux$699.
    dead port 2/2 on $mux $flatten\mult1.\mult1.\control0.$procmux$709.
    dead port 2/2 on $mux $flatten\mult1.\mult1.\control0.$procmux$719.
    dead port 1/2 on $mux $flatten\mult1.\mult1.\lsr0.$procmux$614.
    dead port 1/2 on $mux $flatten\mult1.\mult1.\rsr0.$procmux$605.
    dead port 2/2 on $mux $flatten\sqrt1.$procmux$1685.
    dead port 2/2 on $mux $flatten\sqrt1.$procmux$1688.
    dead port 2/2 on $mux $flatten\sqrt1.$procmux$1694.
    dead port 2/2 on $mux $flatten\sqrt1.$procmux$1703.
    dead port 2/2 on $mux $flatten\sqrt1.$procmux$1709.
    dead port 2/2 on $mux $flatten\sqrt1.$procmux$1724.
    dead port 2/2 on $mux $flatten\sqrt1.\sqrt0.\control0.$procmux$1007.
    dead port 2/2 on $mux $flatten\sqrt1.\sqrt0.\control0.$procmux$1010.
    dead port 2/2 on $mux $flatten\sqrt1.\sqrt0.\control0.$procmux$1017.
    dead port 2/2 on $mux $flatten\sqrt1.\sqrt0.\control0.$procmux$1029.
    dead port 2/2 on $mux $flatten\sqrt1.\sqrt0.\control0.$procmux$968.
    dead port 2/2 on $mux $flatten\sqrt1.\sqrt0.\control0.$procmux$971.
    dead port 2/2 on $mux $flatten\sqrt1.\sqrt0.\control0.$procmux$980.
    dead port 2/2 on $mux $flatten\sqrt1.\sqrt0.\control0.$procmux$983.
    dead port 2/2 on $mux $flatten\sqrt1.\sqrt0.\control0.$procmux$990.
    dead port 2/2 on $mux $flatten\sqrt1.\sqrt0.\control0.$procmux$992.
    dead port 2/2 on $mux $flatten\sqrt1.\sqrt0.\control0.$procmux$995.
Removed 94 multiplexer ports.

38.12.4. Executing OPT_REDUCE pass (consolidate $*mux and $reduce_* inputs).
  Optimizing cells in module \SOC.
    Consolidated identical input bits for $mux cell $flatten\CPU.$procmux$1505:
      Old ports: A=0, B=32'11111111111111111111111111111111, Y=$flatten\CPU.$procmux$1505_Y
      New ports: A=1'0, B=1'1, Y=$flatten\CPU.$procmux$1505_Y [0]
      New connections: $flatten\CPU.$procmux$1505_Y [31:1] = { $flatten\CPU.$procmux$1505_Y [0] $flatten\CPU.$procmux$1505_Y [0] $flatten\CPU.$procmux$1505_Y [0] $flatten\CPU.$procmux$1505_Y [0] $flatten\CPU.$procmux$1505_Y [0] $flatten\CPU.$procmux$1505_Y [0] $flatten\CPU.$procmux$1505_Y [0] $flatten\CPU.$procmux$1505_Y [0] $flatten\CPU.$procmux$1505_Y [0] $flatten\CPU.$procmux$1505_Y [0] $flatten\CPU.$procmux$1505_Y [0] $flatten\CPU.$procmux$1505_Y [0] $flatten\CPU.$procmux$1505_Y [0] $flatten\CPU.$procmux$1505_Y [0] $flatten\CPU.$procmux$1505_Y [0] $flatten\CPU.$procmux$1505_Y [0] $flatten\CPU.$procmux$1505_Y [0] $flatten\CPU.$procmux$1505_Y [0] $flatten\CPU.$procmux$1505_Y [0] $flatten\CPU.$procmux$1505_Y [0] $flatten\CPU.$procmux$1505_Y [0] $flatten\CPU.$procmux$1505_Y [0] $flatten\CPU.$procmux$1505_Y [0] $flatten\CPU.$procmux$1505_Y [0] $flatten\CPU.$procmux$1505_Y [0] $flatten\CPU.$procmux$1505_Y [0] $flatten\CPU.$procmux$1505_Y [0] $flatten\CPU.$procmux$1505_Y [0] $flatten\CPU.$procmux$1505_Y [0] $flatten\CPU.$procmux$1505_Y [0] $flatten\CPU.$procmux$1505_Y [0] }
    New ctrl vector for $pmux cell $flatten\bcd2bin0.\bcd2bin0.\control0.$procmux$1152: $auto$opt_reduce.cc:134:opt_pmux$1958
    New ctrl vector for $pmux cell $flatten\bcd2bin0.\bcd2bin0.\control0.$procmux$1169: $auto$opt_reduce.cc:134:opt_pmux$1960
    New ctrl vector for $pmux cell $flatten\bcd2bin0.\bcd2bin0.\control0.$procmux$1176: $auto$opt_reduce.cc:134:opt_pmux$1962
    Consolidated identical input bits for $mux cell $flatten\CPU.$procmux$1549:
      Old ports: A=32'11111111111111111111111111111111, B=0, Y=$flatten\CPU.$0$memwr$\registerFile$cores/cpu/femtorv32_quark_V2.v:181$324_EN[31:0]$406
      New ports: A=1'1, B=1'0, Y=$flatten\CPU.$0$memwr$\registerFile$cores/cpu/femtorv32_quark_V2.v:181$324_EN[31:0]$406 [0]
      New connections: $flatten\CPU.$0$memwr$\registerFile$cores/cpu/femtorv32_quark_V2.v:181$324_EN[31:0]$406 [31:1] = { $flatten\CPU.$0$memwr$\registerFile$cores/cpu/femtorv32_quark_V2.v:181$324_EN[31:0]$406 [0] $flatten\CPU.$0$memwr$\registerFile$cores/cpu/femtorv32_quark_V2.v:181$324_EN[31:0]$406 [0] $flatten\CPU.$0$memwr$\registerFile$cores/cpu/femtorv32_quark_V2.v:181$324_EN[31:0]$406 [0] $flatten\CPU.$0$memwr$\registerFile$cores/cpu/femtorv32_quark_V2.v:181$324_EN[31:0]$406 [0] $flatten\CPU.$0$memwr$\registerFile$cores/cpu/femtorv32_quark_V2.v:181$324_EN[31:0]$406 [0] $flatten\CPU.$0$memwr$\registerFile$cores/cpu/femtorv32_quark_V2.v:181$324_EN[31:0]$406 [0] $flatten\CPU.$0$memwr$\registerFile$cores/cpu/femtorv32_quark_V2.v:181$324_EN[31:0]$406 [0] $flatten\CPU.$0$memwr$\registerFile$cores/cpu/femtorv32_quark_V2.v:181$324_EN[31:0]$406 [0] $flatten\CPU.$0$memwr$\registerFile$cores/cpu/femtorv32_quark_V2.v:181$324_EN[31:0]$406 [0] $flatten\CPU.$0$memwr$\registerFile$cores/cpu/femtorv32_quark_V2.v:181$324_EN[31:0]$406 [0] $flatten\CPU.$0$memwr$\registerFile$cores/cpu/femtorv32_quark_V2.v:181$324_EN[31:0]$406 [0] $flatten\CPU.$0$memwr$\registerFile$cores/cpu/femtorv32_quark_V2.v:181$324_EN[31:0]$406 [0] $flatten\CPU.$0$memwr$\registerFile$cores/cpu/femtorv32_quark_V2.v:181$324_EN[31:0]$406 [0] $flatten\CPU.$0$memwr$\registerFile$cores/cpu/femtorv32_quark_V2.v:181$324_EN[31:0]$406 [0] $flatten\CPU.$0$memwr$\registerFile$cores/cpu/femtorv32_quark_V2.v:181$324_EN[31:0]$406 [0] $flatten\CPU.$0$memwr$\registerFile$cores/cpu/femtorv32_quark_V2.v:181$324_EN[31:0]$406 [0] $flatten\CPU.$0$memwr$\registerFile$cores/cpu/femtorv32_quark_V2.v:181$324_EN[31:0]$406 [0] $flatten\CPU.$0$memwr$\registerFile$cores/cpu/femtorv32_quark_V2.v:181$324_EN[31:0]$406 [0] $flatten\CPU.$0$memwr$\registerFile$cores/cpu/femtorv32_quark_V2.v:181$324_EN[31:0]$406 [0] $flatten\CPU.$0$memwr$\registerFile$cores/cpu/femtorv32_quark_V2.v:181$324_EN[31:0]$406 [0] $flatten\CPU.$0$memwr$\registerFile$cores/cpu/femtorv32_quark_V2.v:181$324_EN[31:0]$406 [0] $flatten\CPU.$0$memwr$\registerFile$cores/cpu/femtorv32_quark_V2.v:181$324_EN[31:0]$406 [0] $flatten\CPU.$0$memwr$\registerFile$cores/cpu/femtorv32_quark_V2.v:181$324_EN[31:0]$406 [0] $flatten\CPU.$0$memwr$\registerFile$cores/cpu/femtorv32_quark_V2.v:181$324_EN[31:0]$406 [0] $flatten\CPU.$0$memwr$\registerFile$cores/cpu/femtorv32_quark_V2.v:181$324_EN[31:0]$406 [0] $flatten\CPU.$0$memwr$\registerFile$cores/cpu/femtorv32_quark_V2.v:181$324_EN[31:0]$406 [0] $flatten\CPU.$0$memwr$\registerFile$cores/cpu/femtorv32_quark_V2.v:181$324_EN[31:0]$406 [0] $flatten\CPU.$0$memwr$\registerFile$cores/cpu/femtorv32_quark_V2.v:181$324_EN[31:0]$406 [0] $flatten\CPU.$0$memwr$\registerFile$cores/cpu/femtorv32_quark_V2.v:181$324_EN[31:0]$406 [0] $flatten\CPU.$0$memwr$\registerFile$cores/cpu/femtorv32_quark_V2.v:181$324_EN[31:0]$406 [0] $flatten\CPU.$0$memwr$\registerFile$cores/cpu/femtorv32_quark_V2.v:181$324_EN[31:0]$406 [0] }
    New ctrl vector for $pmux cell $flatten\bin2bcd0.\bin2bcd0.\control0.$procmux$1152: $auto$opt_reduce.cc:134:opt_pmux$1964
    New ctrl vector for $pmux cell $flatten\bin2bcd0.\bin2bcd0.\control0.$procmux$1169: $auto$opt_reduce.cc:134:opt_pmux$1966
    New ctrl vector for $pmux cell $flatten\bin2bcd0.\bin2bcd0.\control0.$procmux$1176: $auto$opt_reduce.cc:134:opt_pmux$1968
    New ctrl vector for $pmux cell $flatten\div1.\d_16.\ctl_dv.$procmux$826: $auto$opt_reduce.cc:134:opt_pmux$1970
    New ctrl vector for $pmux cell $flatten\mult1.\mult1.\control0.$procmux$682: { $flatten\mult1.\mult1.\control0.$procmux$667_CMP $auto$opt_reduce.cc:134:opt_pmux$1972 }
    New ctrl vector for $pmux cell $flatten\mult1.\mult1.\control0.$procmux$692: { $flatten\mult1.\mult1.\control0.$procmux$660_CMP $auto$opt_reduce.cc:134:opt_pmux$1974 }
    New ctrl vector for $pmux cell $flatten\mult1.\mult1.\control0.$procmux$702: { $flatten\mult1.\mult1.\control0.$procmux$635_CMP $auto$opt_reduce.cc:134:opt_pmux$1976 }
    New ctrl vector for $pmux cell $flatten\mult1.\mult1.\control0.$procmux$712: { $auto$opt_reduce.cc:134:opt_pmux$1978 $flatten\mult1.\mult1.\control0.$procmux$666_CMP }
    Consolidated identical input bits for $mux cell $flatten\RAM.$procmux$1561:
      Old ports: A=0, B=32'11111111000000000000000000000000, Y=$flatten\RAM.$0$memwr$\MEM$cores/bram/bram.v:27$295_EN[31:0]$308
      New ports: A=1'0, B=1'1, Y=$flatten\RAM.$0$memwr$\MEM$cores/bram/bram.v:27$295_EN[31:0]$308 [24]
      New connections: { $flatten\RAM.$0$memwr$\MEM$cores/bram/bram.v:27$295_EN[31:0]$308 [31:25] $flatten\RAM.$0$memwr$\MEM$cores/bram/bram.v:27$295_EN[31:0]$308 [23:0] } = { $flatten\RAM.$0$memwr$\MEM$cores/bram/bram.v:27$295_EN[31:0]$308 [24] $flatten\RAM.$0$memwr$\MEM$cores/bram/bram.v:27$295_EN[31:0]$308 [24] $flatten\RAM.$0$memwr$\MEM$cores/bram/bram.v:27$295_EN[31:0]$308 [24] $flatten\RAM.$0$memwr$\MEM$cores/bram/bram.v:27$295_EN[31:0]$308 [24] $flatten\RAM.$0$memwr$\MEM$cores/bram/bram.v:27$295_EN[31:0]$308 [24] $flatten\RAM.$0$memwr$\MEM$cores/bram/bram.v:27$295_EN[31:0]$308 [24] $flatten\RAM.$0$memwr$\MEM$cores/bram/bram.v:27$295_EN[31:0]$308 [24] 24'000000000000000000000000 }
    Consolidated identical input bits for $mux cell $flatten\RAM.$procmux$1570:
      Old ports: A=0, B=16711680, Y=$flatten\RAM.$0$memwr$\MEM$cores/bram/bram.v:26$294_EN[31:0]$305
      New ports: A=1'0, B=1'1, Y=$flatten\RAM.$0$memwr$\MEM$cores/bram/bram.v:26$294_EN[31:0]$305 [16]
      New connections: { $flatten\RAM.$0$memwr$\MEM$cores/bram/bram.v:26$294_EN[31:0]$305 [31:17] $flatten\RAM.$0$memwr$\MEM$cores/bram/bram.v:26$294_EN[31:0]$305 [15:0] } = { 8'00000000 $flatten\RAM.$0$memwr$\MEM$cores/bram/bram.v:26$294_EN[31:0]$305 [16] $flatten\RAM.$0$memwr$\MEM$cores/bram/bram.v:26$294_EN[31:0]$305 [16] $flatten\RAM.$0$memwr$\MEM$cores/bram/bram.v:26$294_EN[31:0]$305 [16] $flatten\RAM.$0$memwr$\MEM$cores/bram/bram.v:26$294_EN[31:0]$305 [16] $flatten\RAM.$0$memwr$\MEM$cores/bram/bram.v:26$294_EN[31:0]$305 [16] $flatten\RAM.$0$memwr$\MEM$cores/bram/bram.v:26$294_EN[31:0]$305 [16] $flatten\RAM.$0$memwr$\MEM$cores/bram/bram.v:26$294_EN[31:0]$305 [16] 16'0000000000000000 }
    Consolidated identical input bits for $mux cell $flatten\RAM.$procmux$1579:
      Old ports: A=0, B=65280, Y=$flatten\RAM.$0$memwr$\MEM$cores/bram/bram.v:25$293_EN[31:0]$302
      New ports: A=1'0, B=1'1, Y=$flatten\RAM.$0$memwr$\MEM$cores/bram/bram.v:25$293_EN[31:0]$302 [8]
      New connections: { $flatten\RAM.$0$memwr$\MEM$cores/bram/bram.v:25$293_EN[31:0]$302 [31:9] $flatten\RAM.$0$memwr$\MEM$cores/bram/bram.v:25$293_EN[31:0]$302 [7:0] } = { 16'0000000000000000 $flatten\RAM.$0$memwr$\MEM$cores/bram/bram.v:25$293_EN[31:0]$302 [8] $flatten\RAM.$0$memwr$\MEM$cores/bram/bram.v:25$293_EN[31:0]$302 [8] $flatten\RAM.$0$memwr$\MEM$cores/bram/bram.v:25$293_EN[31:0]$302 [8] $flatten\RAM.$0$memwr$\MEM$cores/bram/bram.v:25$293_EN[31:0]$302 [8] $flatten\RAM.$0$memwr$\MEM$cores/bram/bram.v:25$293_EN[31:0]$302 [8] $flatten\RAM.$0$memwr$\MEM$cores/bram/bram.v:25$293_EN[31:0]$302 [8] $flatten\RAM.$0$memwr$\MEM$cores/bram/bram.v:25$293_EN[31:0]$302 [8] 8'00000000 }
    Consolidated identical input bits for $mux cell $flatten\RAM.$procmux$1588:
      Old ports: A=0, B=255, Y=$flatten\RAM.$0$memwr$\MEM$cores/bram/bram.v:24$292_EN[31:0]$299
      New ports: A=1'0, B=1'1, Y=$flatten\RAM.$0$memwr$\MEM$cores/bram/bram.v:24$292_EN[31:0]$299 [0]
      New connections: $flatten\RAM.$0$memwr$\MEM$cores/bram/bram.v:24$292_EN[31:0]$299 [31:1] = { 24'000000000000000000000000 $flatten\RAM.$0$memwr$\MEM$cores/bram/bram.v:24$292_EN[31:0]$299 [0] $flatten\RAM.$0$memwr$\MEM$cores/bram/bram.v:24$292_EN[31:0]$299 [0] $flatten\RAM.$0$memwr$\MEM$cores/bram/bram.v:24$292_EN[31:0]$299 [0] $flatten\RAM.$0$memwr$\MEM$cores/bram/bram.v:24$292_EN[31:0]$299 [0] $flatten\RAM.$0$memwr$\MEM$cores/bram/bram.v:24$292_EN[31:0]$299 [0] $flatten\RAM.$0$memwr$\MEM$cores/bram/bram.v:24$292_EN[31:0]$299 [0] $flatten\RAM.$0$memwr$\MEM$cores/bram/bram.v:24$292_EN[31:0]$299 [0] }
  Optimizing cells in module \SOC.
    Consolidated identical input bits for $mux cell $flatten\CPU.$procmux$1531:
      Old ports: A=0, B=$flatten\CPU.$3$memwr$\registerFile$cores/cpu/femtorv32_quark_V2.v:185$325_EN[31:0]$421, Y=$flatten\CPU.$procmux$1531_Y
      New ports: A=1'0, B=$flatten\CPU.$procmux$1505_Y [0], Y=$flatten\CPU.$procmux$1531_Y [0]
      New connections: $flatten\CPU.$procmux$1531_Y [31:1] = { $flatten\CPU.$procmux$1531_Y [0] $flatten\CPU.$procmux$1531_Y [0] $flatten\CPU.$procmux$1531_Y [0] $flatten\CPU.$procmux$1531_Y [0] $flatten\CPU.$procmux$1531_Y [0] $flatten\CPU.$procmux$1531_Y [0] $flatten\CPU.$procmux$1531_Y [0] $flatten\CPU.$procmux$1531_Y [0] $flatten\CPU.$procmux$1531_Y [0] $flatten\CPU.$procmux$1531_Y [0] $flatten\CPU.$procmux$1531_Y [0] $flatten\CPU.$procmux$1531_Y [0] $flatten\CPU.$procmux$1531_Y [0] $flatten\CPU.$procmux$1531_Y [0] $flatten\CPU.$procmux$1531_Y [0] $flatten\CPU.$procmux$1531_Y [0] $flatten\CPU.$procmux$1531_Y [0] $flatten\CPU.$procmux$1531_Y [0] $flatten\CPU.$procmux$1531_Y [0] $flatten\CPU.$procmux$1531_Y [0] $flatten\CPU.$procmux$1531_Y [0] $flatten\CPU.$procmux$1531_Y [0] $flatten\CPU.$procmux$1531_Y [0] $flatten\CPU.$procmux$1531_Y [0] $flatten\CPU.$procmux$1531_Y [0] $flatten\CPU.$procmux$1531_Y [0] $flatten\CPU.$procmux$1531_Y [0] $flatten\CPU.$procmux$1531_Y [0] $flatten\CPU.$procmux$1531_Y [0] $flatten\CPU.$procmux$1531_Y [0] $flatten\CPU.$procmux$1531_Y [0] }
  Optimizing cells in module \SOC.
    Consolidated identical input bits for $mux cell $flatten\CPU.$procmux$1552:
      Old ports: A=0, B=$flatten\CPU.$2$memwr$\registerFile$cores/cpu/femtorv32_quark_V2.v:185$325_EN[31:0]$417, Y=$flatten\CPU.$0$memwr$\registerFile$cores/cpu/femtorv32_quark_V2.v:185$325_EN[31:0]$409
      New ports: A=1'0, B=$flatten\CPU.$procmux$1531_Y [0], Y=$flatten\CPU.$0$memwr$\registerFile$cores/cpu/femtorv32_quark_V2.v:185$325_EN[31:0]$409 [0]
      New connections: $flatten\CPU.$0$memwr$\registerFile$cores/cpu/femtorv32_quark_V2.v:185$325_EN[31:0]$409 [31:1] = { $flatten\CPU.$0$memwr$\registerFile$cores/cpu/femtorv32_quark_V2.v:185$325_EN[31:0]$409 [0] $flatten\CPU.$0$memwr$\registerFile$cores/cpu/femtorv32_quark_V2.v:185$325_EN[31:0]$409 [0] $flatten\CPU.$0$memwr$\registerFile$cores/cpu/femtorv32_quark_V2.v:185$325_EN[31:0]$409 [0] $flatten\CPU.$0$memwr$\registerFile$cores/cpu/femtorv32_quark_V2.v:185$325_EN[31:0]$409 [0] $flatten\CPU.$0$memwr$\registerFile$cores/cpu/femtorv32_quark_V2.v:185$325_EN[31:0]$409 [0] $flatten\CPU.$0$memwr$\registerFile$cores/cpu/femtorv32_quark_V2.v:185$325_EN[31:0]$409 [0] $flatten\CPU.$0$memwr$\registerFile$cores/cpu/femtorv32_quark_V2.v:185$325_EN[31:0]$409 [0] $flatten\CPU.$0$memwr$\registerFile$cores/cpu/femtorv32_quark_V2.v:185$325_EN[31:0]$409 [0] $flatten\CPU.$0$memwr$\registerFile$cores/cpu/femtorv32_quark_V2.v:185$325_EN[31:0]$409 [0] $flatten\CPU.$0$memwr$\registerFile$cores/cpu/femtorv32_quark_V2.v:185$325_EN[31:0]$409 [0] $flatten\CPU.$0$memwr$\registerFile$cores/cpu/femtorv32_quark_V2.v:185$325_EN[31:0]$409 [0] $flatten\CPU.$0$memwr$\registerFile$cores/cpu/femtorv32_quark_V2.v:185$325_EN[31:0]$409 [0] $flatten\CPU.$0$memwr$\registerFile$cores/cpu/femtorv32_quark_V2.v:185$325_EN[31:0]$409 [0] $flatten\CPU.$0$memwr$\registerFile$cores/cpu/femtorv32_quark_V2.v:185$325_EN[31:0]$409 [0] $flatten\CPU.$0$memwr$\registerFile$cores/cpu/femtorv32_quark_V2.v:185$325_EN[31:0]$409 [0] $flatten\CPU.$0$memwr$\registerFile$cores/cpu/femtorv32_quark_V2.v:185$325_EN[31:0]$409 [0] $flatten\CPU.$0$memwr$\registerFile$cores/cpu/femtorv32_quark_V2.v:185$325_EN[31:0]$409 [0] $flatten\CPU.$0$memwr$\registerFile$cores/cpu/femtorv32_quark_V2.v:185$325_EN[31:0]$409 [0] $flatten\CPU.$0$memwr$\registerFile$cores/cpu/femtorv32_quark_V2.v:185$325_EN[31:0]$409 [0] $flatten\CPU.$0$memwr$\registerFile$cores/cpu/femtorv32_quark_V2.v:185$325_EN[31:0]$409 [0] $flatten\CPU.$0$memwr$\registerFile$cores/cpu/femtorv32_quark_V2.v:185$325_EN[31:0]$409 [0] $flatten\CPU.$0$memwr$\registerFile$cores/cpu/femtorv32_quark_V2.v:185$325_EN[31:0]$409 [0] $flatten\CPU.$0$memwr$\registerFile$cores/cpu/femtorv32_quark_V2.v:185$325_EN[31:0]$409 [0] $flatten\CPU.$0$memwr$\registerFile$cores/cpu/femtorv32_quark_V2.v:185$325_EN[31:0]$409 [0] $flatten\CPU.$0$memwr$\registerFile$cores/cpu/femtorv32_quark_V2.v:185$325_EN[31:0]$409 [0] $flatten\CPU.$0$memwr$\registerFile$cores/cpu/femtorv32_quark_V2.v:185$325_EN[31:0]$409 [0] $flatten\CPU.$0$memwr$\registerFile$cores/cpu/femtorv32_quark_V2.v:185$325_EN[31:0]$409 [0] $flatten\CPU.$0$memwr$\registerFile$cores/cpu/femtorv32_quark_V2.v:185$325_EN[31:0]$409 [0] $flatten\CPU.$0$memwr$\registerFile$cores/cpu/femtorv32_quark_V2.v:185$325_EN[31:0]$409 [0] $flatten\CPU.$0$memwr$\registerFile$cores/cpu/femtorv32_quark_V2.v:185$325_EN[31:0]$409 [0] $flatten\CPU.$0$memwr$\registerFile$cores/cpu/femtorv32_quark_V2.v:185$325_EN[31:0]$409 [0] }
  Optimizing cells in module \SOC.
Performed a total of 19 changes.

38.12.5. Executing OPT_MERGE pass (detect identical cells).
Finding identical cells in module `\SOC'.
Removed a total of 18 cells.

38.12.6. Executing OPT_DFF pass (perform DFF optimizations).

38.12.7. Executing OPT_CLEAN pass (remove unused cells and wires).
Finding unused cells or wires in module \SOC..
Removed 0 unused cells and 211 unused wires.

38.12.8. Executing OPT_EXPR pass (perform const folding).
Optimizing module SOC.

38.12.9. Rerunning OPT passes. (Maybe there is more to do..)

38.12.10. Executing OPT_MUXTREE pass (detect dead branches in mux trees).
Running muxtree optimizer on module \SOC..
  Creating internal representation of mux trees.
  Evaluating internal representation of mux trees.
      Replacing known input bits on port B of cell $flatten\sqrt1.\sqrt0.\lsr_R.$procmux$917: { \sqrt1.sqrt0.lsr_R.out_r [15:1] \sqrt1.sqrt0.control0.lda2 } -> { \sqrt1.sqrt0.lsr_R.out_r [15:1] 1'1 }
  Analyzing evaluation results.
    dead port 1/2 on $mux $flatten\bcd2bin0.\bcd2bin0.\control0.$procmux$1152.
    dead port 2/2 on $mux $flatten\bcd2bin0.\bcd2bin0.\control0.$procmux$1152.
    dead port 1/2 on $mux $flatten\bin2bcd0.\bin2bcd0.\control0.$procmux$1152.
    dead port 2/2 on $mux $flatten\bin2bcd0.\bin2bcd0.\control0.$procmux$1152.
    dead port 1/2 on $mux $flatten\div1.\d_16.\ctl_dv.$procmux$826.
    dead port 2/2 on $mux $flatten\div1.\d_16.\ctl_dv.$procmux$826.
Removed 6 multiplexer ports.

38.12.11. Executing OPT_REDUCE pass (consolidate $*mux and $reduce_* inputs).
  Optimizing cells in module \SOC.
Performed a total of 0 changes.

38.12.12. Executing OPT_MERGE pass (detect identical cells).
Finding identical cells in module `\SOC'.
Removed a total of 0 cells.

38.12.13. Executing OPT_DFF pass (perform DFF optimizations).

38.12.14. Executing OPT_CLEAN pass (remove unused cells and wires).
Finding unused cells or wires in module \SOC..
Removed 0 unused cells and 15 unused wires.

38.12.15. Executing OPT_EXPR pass (perform const folding).
Optimizing module SOC.

38.12.16. Rerunning OPT passes. (Maybe there is more to do..)

38.12.17. Executing OPT_MUXTREE pass (detect dead branches in mux trees).
Running muxtree optimizer on module \SOC..
  Creating internal representation of mux trees.
  Evaluating internal representation of mux trees.
  Analyzing evaluation results.
Removed 0 multiplexer ports.

38.12.18. Executing OPT_REDUCE pass (consolidate $*mux and $reduce_* inputs).
  Optimizing cells in module \SOC.
Performed a total of 0 changes.

38.12.19. Executing OPT_MERGE pass (detect identical cells).
Finding identical cells in module `\SOC'.
Removed a total of 0 cells.

38.12.20. Executing OPT_DFF pass (perform DFF optimizations).

38.12.21. Executing OPT_CLEAN pass (remove unused cells and wires).
Finding unused cells or wires in module \SOC..

38.12.22. Executing OPT_EXPR pass (perform const folding).
Optimizing module SOC.

38.12.23. Finished OPT passes. (There is nothing left to do.)

38.13. Executing FSM pass (extract and optimize FSM).

38.13.1. Executing FSM_DETECT pass (finding FSMs in design).
Found FSM state register SOC.bcd2bin0.bcd2bin0.control0.state.
Found FSM state register SOC.bin2bcd0.bin2bcd0.control0.state.
Found FSM state register SOC.div1.d_16.ctl_dv.state.
Not marking SOC.mult1.mult1.control0.state as FSM state register:
    Register has an initialization value.
Found FSM state register SOC.sqrt1.sqrt0.control0.state.

38.13.2. Executing FSM_EXTRACT pass (extracting FSM from design).
Extracting FSM `\bcd2bin0.bcd2bin0.control0.state' from module `\SOC'.
  found $dff cell for state register: $flatten\bcd2bin0.\bcd2bin0.\control0.$procdff$1888
  root of input selection tree: $flatten\bcd2bin0.\bcd2bin0.\control0.$0\state[2:0]
  found reset state: 3'000 (guessed from mux tree)
  found ctrl input: \resetn
  found state code: 3'000
  found ctrl input: $flatten\bcd2bin0.\bcd2bin0.\control0.$procmux$1153_CMP
  found ctrl input: $flatten\bcd2bin0.\bcd2bin0.\control0.$procmux$1154_CMP
  found ctrl input: $flatten\bcd2bin0.\bcd2bin0.\control0.$procmux$1150_CMP
  found ctrl input: $flatten\bcd2bin0.\bcd2bin0.\control0.$procmux$1156_CMP
  found ctrl input: $flatten\bcd2bin0.\bcd2bin0.\control0.$procmux$1157_CMP
  found ctrl input: $flatten\bcd2bin0.\bcd2bin0.\control0.$procmux$1204_CMP
  found ctrl input: $flatten\bcd2bin0.\bcd2bin0.\control0.$gt$cores/bin2bcd/ctrl_b2b.v:64$503_Y
  found state code: 3'101
  found state code: 3'010
  found state code: 3'011
  found ctrl input: \bcd2bin0.bcd2bin0.count0.z
  found state code: 3'100
  found state code: 3'001
  found ctrl input: \bcd2bin0.init
  found ctrl output: $flatten\bcd2bin0.\bcd2bin0.\control0.$procmux$1204_CMP
  found ctrl output: $flatten\bcd2bin0.\bcd2bin0.\control0.$procmux$1157_CMP
  found ctrl output: $flatten\bcd2bin0.\bcd2bin0.\control0.$procmux$1156_CMP
  found ctrl output: $flatten\bcd2bin0.\bcd2bin0.\control0.$procmux$1154_CMP
  found ctrl output: $flatten\bcd2bin0.\bcd2bin0.\control0.$procmux$1153_CMP
  found ctrl output: $flatten\bcd2bin0.\bcd2bin0.\control0.$procmux$1150_CMP
  ctrl inputs: { $flatten\bcd2bin0.\bcd2bin0.\control0.$gt$cores/bin2bcd/ctrl_b2b.v:64$503_Y \bcd2bin0.bcd2bin0.count0.z \bcd2bin0.init \resetn }
  ctrl outputs: { $flatten\bcd2bin0.\bcd2bin0.\control0.$0\state[2:0] $flatten\bcd2bin0.\bcd2bin0.\control0.$procmux$1150_CMP $flatten\bcd2bin0.\bcd2bin0.\control0.$procmux$1153_CMP $flatten\bcd2bin0.\bcd2bin0.\control0.$procmux$1154_CMP $flatten\bcd2bin0.\bcd2bin0.\control0.$procmux$1156_CMP $flatten\bcd2bin0.\bcd2bin0.\control0.$procmux$1157_CMP $flatten\bcd2bin0.\bcd2bin0.\control0.$procmux$1204_CMP }
  transition:      3'000 4'---0 ->      3'000 9'000000001
  transition:      3'000 4'--01 ->      3'000 9'000000001
  transition:      3'000 4'--11 ->      3'010 9'010000001
  transition:      3'100 4'---0 ->      3'000 9'000100000
  transition:      3'100 4'---1 ->      3'011 9'011100000
  transition:      3'010 4'---0 ->      3'000 9'000000010
  transition:      3'010 4'---1 ->      3'001 9'001000010
  transition:      3'001 4'---0 ->      3'000 9'000000100
  transition:      3'001 4'-0-1 ->      3'100 9'100000100
  transition:      3'001 4'-1-1 ->      3'101 9'101000100
  transition:      3'101 4'---0 ->      3'000 9'000010000
  transition:      3'101 4'0--1 ->      3'101 9'101010000
  transition:      3'101 4'1--1 ->      3'000 9'000010000
  transition:      3'011 4'---0 ->      3'000 9'000001000
  transition:      3'011 4'---1 ->      3'010 9'010001000
Extracting FSM `\bin2bcd0.bin2bcd0.control0.state' from module `\SOC'.
  found $dff cell for state register: $flatten\bin2bcd0.\bin2bcd0.\control0.$procdff$1888
  root of input selection tree: $flatten\bin2bcd0.\bin2bcd0.\control0.$0\state[2:0]
  found reset state: 3'000 (guessed from mux tree)
  found ctrl input: \resetn
  found state code: 3'000
  found ctrl input: $flatten\bin2bcd0.\bin2bcd0.\control0.$procmux$1153_CMP
  found ctrl input: $flatten\bin2bcd0.\bin2bcd0.\control0.$procmux$1154_CMP
  found ctrl input: $flatten\bin2bcd0.\bin2bcd0.\control0.$procmux$1150_CMP
  found ctrl input: $flatten\bin2bcd0.\bin2bcd0.\control0.$procmux$1156_CMP
  found ctrl input: $flatten\bin2bcd0.\bin2bcd0.\control0.$procmux$1157_CMP
  found ctrl input: $flatten\bin2bcd0.\bin2bcd0.\control0.$procmux$1204_CMP
  found ctrl input: $flatten\bin2bcd0.\bin2bcd0.\control0.$gt$cores/bin2bcd/ctrl_b2b.v:64$503_Y
  found state code: 3'101
  found state code: 3'010
  found state code: 3'011
  found ctrl input: \bin2bcd0.bin2bcd0.count0.z
  found state code: 3'100
  found state code: 3'001
  found ctrl input: \bin2bcd0.init
  found ctrl output: $flatten\bin2bcd0.\bin2bcd0.\control0.$procmux$1204_CMP
  found ctrl output: $flatten\bin2bcd0.\bin2bcd0.\control0.$procmux$1157_CMP
  found ctrl output: $flatten\bin2bcd0.\bin2bcd0.\control0.$procmux$1156_CMP
  found ctrl output: $flatten\bin2bcd0.\bin2bcd0.\control0.$procmux$1154_CMP
  found ctrl output: $flatten\bin2bcd0.\bin2bcd0.\control0.$procmux$1153_CMP
  found ctrl output: $flatten\bin2bcd0.\bin2bcd0.\control0.$procmux$1150_CMP
  ctrl inputs: { $flatten\bin2bcd0.\bin2bcd0.\control0.$gt$cores/bin2bcd/ctrl_b2b.v:64$503_Y \bin2bcd0.bin2bcd0.count0.z \bin2bcd0.init \resetn }
  ctrl outputs: { $flatten\bin2bcd0.\bin2bcd0.\control0.$0\state[2:0] $flatten\bin2bcd0.\bin2bcd0.\control0.$procmux$1150_CMP $flatten\bin2bcd0.\bin2bcd0.\control0.$procmux$1153_CMP $flatten\bin2bcd0.\bin2bcd0.\control0.$procmux$1154_CMP $flatten\bin2bcd0.\bin2bcd0.\control0.$procmux$1156_CMP $flatten\bin2bcd0.\bin2bcd0.\control0.$procmux$1157_CMP $flatten\bin2bcd0.\bin2bcd0.\control0.$procmux$1204_CMP }
  transition:      3'000 4'---0 ->      3'000 9'000000001
  transition:      3'000 4'--01 ->      3'000 9'000000001
  transition:      3'000 4'--11 ->      3'010 9'010000001
  transition:      3'100 4'---0 ->      3'000 9'000100000
  transition:      3'100 4'---1 ->      3'011 9'011100000
  transition:      3'010 4'---0 ->      3'000 9'000000010
  transition:      3'010 4'---1 ->      3'001 9'001000010
  transition:      3'001 4'---0 ->      3'000 9'000000100
  transition:      3'001 4'-0-1 ->      3'100 9'100000100
  transition:      3'001 4'-1-1 ->      3'101 9'101000100
  transition:      3'101 4'---0 ->      3'000 9'000010000
  transition:      3'101 4'0--1 ->      3'101 9'101010000
  transition:      3'101 4'1--1 ->      3'000 9'000010000
  transition:      3'011 4'---0 ->      3'000 9'000001000
  transition:      3'011 4'---1 ->      3'010 9'010001000
Extracting FSM `\div1.d_16.ctl_dv.state' from module `\SOC'.
  found $dff cell for state register: $flatten\div1.\d_16.\ctl_dv.$procdff$1876
  root of input selection tree: $flatten\div1.\d_16.\ctl_dv.$0\state[2:0]
  found reset state: 3'000 (guessed from mux tree)
  found ctrl input: \div1.d_16.ctl_dv.rst
  found ctrl input: $flatten\div1.\d_16.\ctl_dv.$procmux$803_CMP
  found ctrl input: $flatten\div1.\d_16.\ctl_dv.$procmux$807_CMP
  found ctrl input: $flatten\div1.\d_16.\ctl_dv.$procmux$829_CMP
  found ctrl input: $flatten\div1.\d_16.\ctl_dv.$procmux$813_CMP
  found ctrl input: $flatten\div1.\d_16.\ctl_dv.$procmux$884_CMP
  found state code: 3'000
  found ctrl input: \div1.d_16.ctl_dv.start
  found state code: 3'100
  found ctrl input: \div1.d_16.ctr_dv.z
  found state code: 3'001
  found ctrl input: \div1.d_16.ctl_dv.MSB
  found state code: 3'011
  found state code: 3'010
  found ctrl input: \div1.init
  found ctrl output: $flatten\div1.\d_16.\ctl_dv.$procmux$884_CMP
  found ctrl output: $flatten\div1.\d_16.\ctl_dv.$procmux$829_CMP
  found ctrl output: $flatten\div1.\d_16.\ctl_dv.$procmux$813_CMP
  found ctrl output: $flatten\div1.\d_16.\ctl_dv.$procmux$807_CMP
  found ctrl output: $flatten\div1.\d_16.\ctl_dv.$procmux$803_CMP
  ctrl inputs: { \div1.init \div1.d_16.ctl_dv.rst \div1.d_16.ctl_dv.MSB \div1.d_16.ctl_dv.start \div1.d_16.ctr_dv.z }
  ctrl outputs: { $flatten\div1.\d_16.\ctl_dv.$0\state[2:0] $flatten\div1.\d_16.\ctl_dv.$procmux$803_CMP $flatten\div1.\d_16.\ctl_dv.$procmux$807_CMP $flatten\div1.\d_16.\ctl_dv.$procmux$813_CMP $flatten\div1.\d_16.\ctl_dv.$procmux$829_CMP $flatten\div1.\d_16.\ctl_dv.$procmux$884_CMP }
  transition:      3'000 5'00--- ->      3'000 8'00000001
  transition:      3'000 5'10--- ->      3'001 8'00100001
  transition:      3'000 5'-1--- ->      3'000 8'00000001
  transition:      3'100 5'-0-0- ->      3'100 8'10010000
  transition:      3'100 5'-0-1- ->      3'000 8'00010000
  transition:      3'100 5'-1--- ->      3'000 8'00010000
  transition:      3'010 5'-00-0 ->      3'011 8'01100010
  transition:      3'010 5'-01-0 ->      3'001 8'00100010
  transition:      3'010 5'-0--1 ->      3'100 8'10000010
  transition:      3'010 5'-1--- ->      3'000 8'00000010
  transition:      3'001 5'-0--- ->      3'010 8'01000100
  transition:      3'001 5'-1--- ->      3'000 8'00000100
  transition:      3'011 5'-0--0 ->      3'001 8'00101000
  transition:      3'011 5'-0--1 ->      3'100 8'10001000
  transition:      3'011 5'-1--- ->      3'000 8'00001000
Extracting FSM `\sqrt1.sqrt0.control0.state' from module `\SOC'.
  found $dff cell for state register: $flatten\sqrt1.\sqrt0.\control0.$procdff$1881
  root of input selection tree: $flatten\sqrt1.\sqrt0.\control0.$0\state[2:0]
  found reset state: 3'000 (guessed from mux tree)
  found ctrl input: \resetn
  found state code: 3'000
  found ctrl input: $flatten\sqrt1.\sqrt0.\control0.$procmux$1014_CMP
  found ctrl input: $flatten\sqrt1.\sqrt0.\control0.$procmux$1022_CMP
  found ctrl input: $flatten\sqrt1.\sqrt0.\control0.$procmux$1023_CMP
  found ctrl input: $flatten\sqrt1.\sqrt0.\control0.$procmux$1024_CMP
  found ctrl input: $flatten\sqrt1.\sqrt0.\control0.$procmux$1025_CMP
  found ctrl input: $flatten\sqrt1.\sqrt0.\control0.$procmux$1026_CMP
  found ctrl input: $flatten\sqrt1.\sqrt0.\control0.$procmux$1008_CMP
  found ctrl input: $flatten\sqrt1.\sqrt0.\control0.$gt$cores/sqrt_ASM/control.v:77$532_Y
  found state code: 3'110
  found ctrl input: \sqrt1.sqrt0.count0.z
  found state code: 3'010
  found state code: 3'101
  found ctrl input: \sqrt1.sqrt0.control0.msb
  found state code: 3'100
  found state code: 3'001
  found state code: 3'011
  found ctrl input: \sqrt1.init
  found ctrl output: $flatten\sqrt1.\sqrt0.\control0.$procmux$1026_CMP
  found ctrl output: $flatten\sqrt1.\sqrt0.\control0.$procmux$1025_CMP
  found ctrl output: $flatten\sqrt1.\sqrt0.\control0.$procmux$1024_CMP
  found ctrl output: $flatten\sqrt1.\sqrt0.\control0.$procmux$1023_CMP
  found ctrl output: $flatten\sqrt1.\sqrt0.\control0.$procmux$1022_CMP
  found ctrl output: $flatten\sqrt1.\sqrt0.\control0.$procmux$1014_CMP
  found ctrl output: $flatten\sqrt1.\sqrt0.\control0.$procmux$1008_CMP
  ctrl inputs: { \sqrt1.init \sqrt1.sqrt0.control0.msb $flatten\sqrt1.\sqrt0.\control0.$gt$cores/sqrt_ASM/control.v:77$532_Y \sqrt1.sqrt0.count0.z \resetn }
  ctrl outputs: { $flatten\sqrt1.\sqrt0.\control0.$0\state[2:0] $flatten\sqrt1.\sqrt0.\control0.$procmux$1008_CMP $flatten\sqrt1.\sqrt0.\control0.$procmux$1014_CMP $flatten\sqrt1.\sqrt0.\control0.$procmux$1022_CMP $flatten\sqrt1.\sqrt0.\control0.$procmux$1023_CMP $flatten\sqrt1.\sqrt0.\control0.$procmux$1024_CMP $flatten\sqrt1.\sqrt0.\control0.$procmux$1025_CMP $flatten\sqrt1.\sqrt0.\control0.$procmux$1026_CMP }
  transition:      3'000 5'----0 ->      3'000 10'0001000000
  transition:      3'000 5'0---1 ->      3'000 10'0001000000
  transition:      3'000 5'1---1 ->      3'010 10'0101000000
  transition:      3'100 5'----0 ->      3'000 10'0000001000
  transition:      3'100 5'----1 ->      3'101 10'1010001000
  transition:      3'010 5'----0 ->      3'000 10'0000000001
  transition:      3'010 5'----1 ->      3'011 10'0110000001
  transition:      3'110 5'----0 ->      3'000 10'0000100000
  transition:      3'110 5'--0-1 ->      3'110 10'1100100000
  transition:      3'110 5'--1-1 ->      3'000 10'0000100000
  transition:      3'001 5'----0 ->      3'000 10'0000000100
  transition:      3'001 5'-0--1 ->      3'100 10'1000000100
  transition:      3'001 5'-1--1 ->      3'101 10'1010000100
  transition:      3'101 5'----0 ->      3'000 10'0000010000
  transition:      3'101 5'---01 ->      3'010 10'0100010000
  transition:      3'101 5'---11 ->      3'110 10'1100010000
  transition:      3'011 5'----0 ->      3'000 10'0000000010
  transition:      3'011 5'----1 ->      3'001 10'0010000010

38.13.3. Executing FSM_OPT pass (simple optimizations of FSMs).
Optimizing FSM `$fsm$\sqrt1.sqrt0.control0.state$2002' from module `\SOC'.
Optimizing FSM `$fsm$\div1.d_16.ctl_dv.state$1995' from module `\SOC'.
Optimizing FSM `$fsm$\bin2bcd0.bin2bcd0.control0.state$1987' from module `\SOC'.
Optimizing FSM `$fsm$\bcd2bin0.bcd2bin0.control0.state$1979' from module `\SOC'.

38.13.4. Executing OPT_CLEAN pass (remove unused cells and wires).
Finding unused cells or wires in module \SOC..
Removed 51 unused cells and 51 unused wires.

38.13.5. Executing FSM_OPT pass (simple optimizations of FSMs).
Optimizing FSM `$fsm$\bcd2bin0.bcd2bin0.control0.state$1979' from module `\SOC'.
  Removing unused output signal $flatten\bcd2bin0.\bcd2bin0.\control0.$0\state[2:0] [0].
  Removing unused output signal $flatten\bcd2bin0.\bcd2bin0.\control0.$0\state[2:0] [1].
  Removing unused output signal $flatten\bcd2bin0.\bcd2bin0.\control0.$0\state[2:0] [2].
Optimizing FSM `$fsm$\bin2bcd0.bin2bcd0.control0.state$1987' from module `\SOC'.
  Removing unused output signal $flatten\bin2bcd0.\bin2bcd0.\control0.$0\state[2:0] [0].
  Removing unused output signal $flatten\bin2bcd0.\bin2bcd0.\control0.$0\state[2:0] [1].
  Removing unused output signal $flatten\bin2bcd0.\bin2bcd0.\control0.$0\state[2:0] [2].
Optimizing FSM `$fsm$\div1.d_16.ctl_dv.state$1995' from module `\SOC'.
  Removing unused output signal $flatten\div1.\d_16.\ctl_dv.$procmux$884_CMP.
  Removing unused output signal $flatten\div1.\d_16.\ctl_dv.$0\state[2:0] [0].
  Removing unused output signal $flatten\div1.\d_16.\ctl_dv.$0\state[2:0] [1].
  Removing unused output signal $flatten\div1.\d_16.\ctl_dv.$0\state[2:0] [2].
Optimizing FSM `$fsm$\sqrt1.sqrt0.control0.state$2002' from module `\SOC'.
  Removing unused output signal $flatten\sqrt1.\sqrt0.\control0.$procmux$1024_CMP.
  Removing unused output signal $flatten\sqrt1.\sqrt0.\control0.$procmux$1022_CMP.
  Removing unused output signal $flatten\sqrt1.\sqrt0.\control0.$0\state[2:0] [0].
  Removing unused output signal $flatten\sqrt1.\sqrt0.\control0.$0\state[2:0] [1].
  Removing unused output signal $flatten\sqrt1.\sqrt0.\control0.$0\state[2:0] [2].

38.13.6. Executing FSM_RECODE pass (re-assigning FSM state encoding).
Recoding FSM `$fsm$\bcd2bin0.bcd2bin0.control0.state$1979' from module `\SOC' using `auto' encoding:
  mapping auto encoding to `one-hot` for this FSM.
  000 -> -----1
  100 -> ----1-
  010 -> ---1--
  001 -> --1---
  101 -> -1----
  011 -> 1-----
Recoding FSM `$fsm$\bin2bcd0.bin2bcd0.control0.state$1987' from module `\SOC' using `auto' encoding:
  mapping auto encoding to `one-hot` for this FSM.
  000 -> -----1
  100 -> ----1-
  010 -> ---1--
  001 -> --1---
  101 -> -1----
  011 -> 1-----
Recoding FSM `$fsm$\div1.d_16.ctl_dv.state$1995' from module `\SOC' using `auto' encoding:
  mapping auto encoding to `one-hot` for this FSM.
  000 -> ----1
  100 -> ---1-
  010 -> --1--
  001 -> -1---
  011 -> 1----
Recoding FSM `$fsm$\sqrt1.sqrt0.control0.state$2002' from module `\SOC' using `auto' encoding:
  mapping auto encoding to `one-hot` for this FSM.
  000 -> ------1
  100 -> -----1-
  010 -> ----1--
  110 -> ---1---
  001 -> --1----
  101 -> -1-----
  011 -> 1------

38.13.7. Executing FSM_INFO pass (dumping all available information on FSM cells).

FSM `$fsm$\bcd2bin0.bcd2bin0.control0.state$1979' from module `SOC':
-------------------------------------

  Information on FSM $fsm$\bcd2bin0.bcd2bin0.control0.state$1979 (\bcd2bin0.bcd2bin0.control0.state):

  Number of input signals:    4
  Number of output signals:   6
  Number of state bits:       6

  Input signals:
    0: \resetn
    1: \bcd2bin0.init
    2: \bcd2bin0.bcd2bin0.count0.z
    3: $flatten\bcd2bin0.\bcd2bin0.\control0.$gt$cores/bin2bcd/ctrl_b2b.v:64$503_Y

  Output signals:
    0: $flatten\bcd2bin0.\bcd2bin0.\control0.$procmux$1204_CMP
    1: $flatten\bcd2bin0.\bcd2bin0.\control0.$procmux$1157_CMP
    2: $flatten\bcd2bin0.\bcd2bin0.\control0.$procmux$1156_CMP
    3: $flatten\bcd2bin0.\bcd2bin0.\control0.$procmux$1154_CMP
    4: $flatten\bcd2bin0.\bcd2bin0.\control0.$procmux$1153_CMP
    5: $flatten\bcd2bin0.\bcd2bin0.\control0.$procmux$1150_CMP

  State encoding:
    0:   6'-----1  <RESET STATE>
    1:   6'----1-
    2:   6'---1--
    3:   6'--1---
    4:   6'-1----
    5:   6'1-----

  Transition Table (state_in, ctrl_in, state_out, ctrl_out):
      0:     0 4'---0   ->     0 6'000001
      1:     0 4'--01   ->     0 6'000001
      2:     0 4'--11   ->     2 6'000001
      3:     1 4'---0   ->     0 6'100000
      4:     1 4'---1   ->     5 6'100000
      5:     2 4'---0   ->     0 6'000010
      6:     2 4'---1   ->     3 6'000010
      7:     3 4'---0   ->     0 6'000100
      8:     3 4'-0-1   ->     1 6'000100
      9:     3 4'-1-1   ->     4 6'000100
     10:     4 4'---0   ->     0 6'010000
     11:     4 4'1--1   ->     0 6'010000
     12:     4 4'0--1   ->     4 6'010000
     13:     5 4'---0   ->     0 6'001000
     14:     5 4'---1   ->     2 6'001000

-------------------------------------

FSM `$fsm$\bin2bcd0.bin2bcd0.control0.state$1987' from module `SOC':
-------------------------------------

  Information on FSM $fsm$\bin2bcd0.bin2bcd0.control0.state$1987 (\bin2bcd0.bin2bcd0.control0.state):

  Number of input signals:    4
  Number of output signals:   6
  Number of state bits:       6

  Input signals:
    0: \resetn
    1: \bin2bcd0.init
    2: \bin2bcd0.bin2bcd0.count0.z
    3: $flatten\bin2bcd0.\bin2bcd0.\control0.$gt$cores/bin2bcd/ctrl_b2b.v:64$503_Y

  Output signals:
    0: $flatten\bin2bcd0.\bin2bcd0.\control0.$procmux$1204_CMP
    1: $flatten\bin2bcd0.\bin2bcd0.\control0.$procmux$1157_CMP
    2: $flatten\bin2bcd0.\bin2bcd0.\control0.$procmux$1156_CMP
    3: $flatten\bin2bcd0.\bin2bcd0.\control0.$procmux$1154_CMP
    4: $flatten\bin2bcd0.\bin2bcd0.\control0.$procmux$1153_CMP
    5: $flatten\bin2bcd0.\bin2bcd0.\control0.$procmux$1150_CMP

  State encoding:
    0:   6'-----1  <RESET STATE>
    1:   6'----1-
    2:   6'---1--
    3:   6'--1---
    4:   6'-1----
    5:   6'1-----

  Transition Table (state_in, ctrl_in, state_out, ctrl_out):
      0:     0 4'---0   ->     0 6'000001
      1:     0 4'--01   ->     0 6'000001
      2:     0 4'--11   ->     2 6'000001
      3:     1 4'---0   ->     0 6'100000
      4:     1 4'---1   ->     5 6'100000
      5:     2 4'---0   ->     0 6'000010
      6:     2 4'---1   ->     3 6'000010
      7:     3 4'---0   ->     0 6'000100
      8:     3 4'-0-1   ->     1 6'000100
      9:     3 4'-1-1   ->     4 6'000100
     10:     4 4'---0   ->     0 6'010000
     11:     4 4'1--1   ->     0 6'010000
     12:     4 4'0--1   ->     4 6'010000
     13:     5 4'---0   ->     0 6'001000
     14:     5 4'---1   ->     2 6'001000

-------------------------------------

FSM `$fsm$\div1.d_16.ctl_dv.state$1995' from module `SOC':
-------------------------------------

  Information on FSM $fsm$\div1.d_16.ctl_dv.state$1995 (\div1.d_16.ctl_dv.state):

  Number of input signals:    5
  Number of output signals:   4
  Number of state bits:       5

  Input signals:
    0: \div1.d_16.ctr_dv.z
    1: \div1.d_16.ctl_dv.start
    2: \div1.d_16.ctl_dv.MSB
    3: \div1.d_16.ctl_dv.rst
    4: \div1.init

  Output signals:
    0: $flatten\div1.\d_16.\ctl_dv.$procmux$829_CMP
    1: $flatten\div1.\d_16.\ctl_dv.$procmux$813_CMP
    2: $flatten\div1.\d_16.\ctl_dv.$procmux$807_CMP
    3: $flatten\div1.\d_16.\ctl_dv.$procmux$803_CMP

  State encoding:
    0:    5'----1  <RESET STATE>
    1:    5'---1-
    2:    5'--1--
    3:    5'-1---
    4:    5'1----

  Transition Table (state_in, ctrl_in, state_out, ctrl_out):
      0:     0 5'00---   ->     0 4'0000
      1:     0 5'-1---   ->     0 4'0000
      2:     0 5'10---   ->     3 4'0000
      3:     1 5'-0-1-   ->     0 4'1000
      4:     1 5'-1---   ->     0 4'1000
      5:     1 5'-0-0-   ->     1 4'1000
      6:     2 5'-1---   ->     0 4'0001
      7:     2 5'-0--1   ->     1 4'0001
      8:     2 5'-01-0   ->     3 4'0001
      9:     2 5'-00-0   ->     4 4'0001
     10:     3 5'-1---   ->     0 4'0010
     11:     3 5'-0---   ->     2 4'0010
     12:     4 5'-1---   ->     0 4'0100
     13:     4 5'-0--1   ->     1 4'0100
     14:     4 5'-0--0   ->     3 4'0100

-------------------------------------

FSM `$fsm$\sqrt1.sqrt0.control0.state$2002' from module `SOC':
-------------------------------------

  Information on FSM $fsm$\sqrt1.sqrt0.control0.state$2002 (\sqrt1.sqrt0.control0.state):

  Number of input signals:    5
  Number of output signals:   5
  Number of state bits:       7

  Input signals:
    0: \resetn
    1: \sqrt1.sqrt0.count0.z
    2: $flatten\sqrt1.\sqrt0.\control0.$gt$cores/sqrt_ASM/control.v:77$532_Y
    3: \sqrt1.sqrt0.control0.msb
    4: \sqrt1.init

  Output signals:
    0: $flatten\sqrt1.\sqrt0.\control0.$procmux$1026_CMP
    1: $flatten\sqrt1.\sqrt0.\control0.$procmux$1025_CMP
    2: $flatten\sqrt1.\sqrt0.\control0.$procmux$1023_CMP
    3: $flatten\sqrt1.\sqrt0.\control0.$procmux$1014_CMP
    4: $flatten\sqrt1.\sqrt0.\control0.$procmux$1008_CMP

  State encoding:
    0:  7'------1  <RESET STATE>
    1:  7'-----1-
    2:  7'----1--
    3:  7'---1---
    4:  7'--1----
    5:  7'-1-----
    6:  7'1------

  Transition Table (state_in, ctrl_in, state_out, ctrl_out):
      0:     0 5'----0   ->     0 5'10000
      1:     0 5'0---1   ->     0 5'10000
      2:     0 5'1---1   ->     2 5'10000
      3:     1 5'----0   ->     0 5'00100
      4:     1 5'----1   ->     5 5'00100
      5:     2 5'----0   ->     0 5'00001
      6:     2 5'----1   ->     6 5'00001
      7:     3 5'----0   ->     0 5'01000
      8:     3 5'--1-1   ->     0 5'01000
      9:     3 5'--0-1   ->     3 5'01000
     10:     4 5'----0   ->     0 5'00000
     11:     4 5'-0--1   ->     1 5'00000
     12:     4 5'-1--1   ->     5 5'00000
     13:     5 5'----0   ->     0 5'00000
     14:     5 5'---01   ->     2 5'00000
     15:     5 5'---11   ->     3 5'00000
     16:     6 5'----0   ->     0 5'00010
     17:     6 5'----1   ->     4 5'00010

-------------------------------------

38.13.8. Executing FSM_MAP pass (mapping FSMs to basic logic).
Mapping FSM `$fsm$\bcd2bin0.bcd2bin0.control0.state$1979' from module `\SOC'.
Mapping FSM `$fsm$\bin2bcd0.bin2bcd0.control0.state$1987' from module `\SOC'.
Mapping FSM `$fsm$\div1.d_16.ctl_dv.state$1995' from module `\SOC'.
Mapping FSM `$fsm$\sqrt1.sqrt0.control0.state$2002' from module `\SOC'.

38.14. Executing OPT pass (performing simple optimizations).

38.14.1. Executing OPT_EXPR pass (perform const folding).
Optimizing module SOC.

38.14.2. Executing OPT_MERGE pass (detect identical cells).
Finding identical cells in module `\SOC'.
Removed a total of 2 cells.

38.14.3. Executing OPT_MUXTREE pass (detect dead branches in mux trees).
Running muxtree optimizer on module \SOC..
  Creating internal representation of mux trees.
  Evaluating internal representation of mux trees.
  Analyzing evaluation results.
Removed 0 multiplexer ports.

38.14.4. Executing OPT_REDUCE pass (consolidate $*mux and $reduce_* inputs).
  Optimizing cells in module \SOC.
Performed a total of 0 changes.

38.14.5. Executing OPT_MERGE pass (detect identical cells).
Finding identical cells in module `\SOC'.
Removed a total of 0 cells.

38.14.6. Executing OPT_DFF pass (perform DFF optimizations).
Adding SRST signal on $flatten\sqrt1.\sqrt0.\lsr_TMP.$procdff$1878 ($dff) from module SOC (D = $flatten\sqrt1.\sqrt0.\lsr_TMP.$procmux$913_Y, Q = \sqrt1.sqrt0.lsr_TMP.out_r, rval = 16'0000000000000000).
Adding EN signal on $auto$ff.cc:266:slice$2202 ($sdff) from module SOC (D = \sqrt1.sqrt0.lsr_R.out_r, Q = \sqrt1.sqrt0.lsr_TMP.out_r).
Adding SRST signal on $flatten\sqrt1.\sqrt0.\lsr_R.$procdff$1878 ($dff) from module SOC (D = $flatten\sqrt1.\sqrt0.\lsr_R.$procmux$917_Y, Q = \sqrt1.sqrt0.lsr_R.out_r, rval = 16'0000000000000000).
Adding EN signal on $auto$ff.cc:266:slice$2204 ($sdff) from module SOC (D = \sqrt1.sqrt0.lsr_R.out_r [14:0], Q = \sqrt1.sqrt0.lsr_R.out_r [15:1]).
Adding EN signal on $auto$ff.cc:266:slice$2204 ($sdff) from module SOC (D = $flatten\sqrt1.\sqrt0.\lsr_R.$procmux$917_Y [0], Q = \sqrt1.sqrt0.lsr_R.out_r [0]).
Adding SRST signal on $flatten\sqrt1.\sqrt0.\lsr20.$procdff$1877 ($dff) from module SOC (D = $flatten\sqrt1.\sqrt0.\lsr20.$procmux$903_Y, Q = \sqrt1.sqrt0.lsr20.data [31:16], rval = 16'0000000000000000).
Adding EN signal on $flatten\sqrt1.\sqrt0.\lsr20.$procdff$1877 ($dff) from module SOC (D = $flatten\sqrt1.\sqrt0.\lsr20.$0\data[31:0] [15:0], Q = \sqrt1.sqrt0.lsr20.data [15:0]).
Adding EN signal on $auto$ff.cc:266:slice$2213 ($sdff) from module SOC (D = $flatten\sqrt1.\sqrt0.\lsr20.$procmux$903_Y, Q = \sqrt1.sqrt0.lsr20.data [31:16]).
Adding SRST signal on $flatten\sqrt1.\sqrt0.\count0.$procdff$1880 ($dff) from module SOC (D = $flatten\sqrt1.\sqrt0.\count0.$procmux$923_Y, Q = \sqrt1.sqrt0.count0.cont, rval = 4'1000).
Adding EN signal on $auto$ff.cc:266:slice$2221 ($sdff) from module SOC (D = $flatten\sqrt1.\sqrt0.\count0.$sub$cores/sqrt_ASM/count.v:16$536_Y [3:0], Q = \sqrt1.sqrt0.count0.cont).
Adding SRST signal on $flatten\sqrt1.\sqrt0.\control0.$procdff$1882 ($dff) from module SOC (D = $flatten\sqrt1.\sqrt0.\control0.$2\count[7:0], Q = \sqrt1.sqrt0.control0.count, rval = 8'00000000).
Adding EN signal on $auto$ff.cc:266:slice$2223 ($sdff) from module SOC (D = $flatten\sqrt1.\sqrt0.\control0.$2\count[7:0], Q = \sqrt1.sqrt0.control0.count).
Adding SRST signal on $flatten\sqrt1.$procdff$1944 ($dff) from module SOC (D = $flatten\sqrt1.$2\init[0:0], Q = \sqrt1.init, rval = 1'0).
Adding EN signal on $auto$ff.cc:266:slice$2227 ($sdff) from module SOC (D = \CPU.rs2 [0], Q = \sqrt1.init).
Adding SRST signal on $flatten\sqrt1.$procdff$1943 ($dff) from module SOC (D = $flatten\sqrt1.$2\A[15:0], Q = \sqrt1.A, rval = 16'0000000000000000).
Adding EN signal on $auto$ff.cc:266:slice$2231 ($sdff) from module SOC (D = { \RAM.mem_wdata [15:8] \CPU.rs2 [7:0] }, Q = \sqrt1.A).
Adding SRST signal on $flatten\sqrt1.$procdff$1942 ($dff) from module SOC (D = $flatten\sqrt1.$2\d_out[31:0], Q = \sqrt1.d_out, rval = 0).
Adding EN signal on $auto$ff.cc:266:slice$2235 ($sdff) from module SOC (D = $flatten\sqrt1.$3\d_out[31:0], Q = \sqrt1.d_out).
Adding SRST signal on $flatten\per_uart.\uart0.$procdff$1904 ($dff) from module SOC (D = $flatten\per_uart.\uart0.$sub$cores/uart/uart.v:39$480_Y [15:0], Q = \per_uart.uart0.enable16_counter, rval = 16'0000000000001100).
Adding EN signal on $flatten\per_uart.\uart0.$procdff$1901 ($dff) from module SOC (D = { \per_uart.uart0.uart_rxd2 \per_uart.uart0.rxd_reg [7:1] }, Q = \per_uart.uart0.rxd_reg).
Adding SRST signal on $flatten\per_uart.\uart0.$procdff$1900 ($dff) from module SOC (D = $flatten\per_uart.\uart0.$procmux$1332_Y, Q = \per_uart.uart0.rx_bitcount, rval = 4'0000).
Adding EN signal on $auto$ff.cc:266:slice$2253 ($sdff) from module SOC (D = $flatten\per_uart.\uart0.$procmux$1330_Y, Q = \per_uart.uart0.rx_bitcount).
Adding SRST signal on $flatten\per_uart.\uart0.$procdff$1899 ($dff) from module SOC (D = $flatten\per_uart.\uart0.$procmux$1342_Y, Q = \per_uart.uart0.rx_count16, rval = 4'0000).
Adding EN signal on $auto$ff.cc:266:slice$2261 ($sdff) from module SOC (D = $flatten\per_uart.\uart0.$procmux$1340_Y, Q = \per_uart.uart0.rx_count16).
Adding SRST signal on $flatten\per_uart.\uart0.$procdff$1898 ($dff) from module SOC (D = $flatten\per_uart.\uart0.$procmux$1362_Y, Q = \per_uart.uart0.rx_busy, rval = 1'0).
Adding EN signal on $auto$ff.cc:266:slice$2267 ($sdff) from module SOC (D = $flatten\per_uart.\uart0.$procmux$1360_Y, Q = \per_uart.uart0.rx_busy).
Adding SRST signal on $flatten\per_uart.\uart0.$procdff$1897 ($dff) from module SOC (D = $flatten\per_uart.\uart0.$procmux$1383_Y, Q = \per_uart.uart0.rx_avail, rval = 1'0).
Adding SRST signal on $flatten\per_uart.\uart0.$procdff$1896 ($dff) from module SOC (D = $flatten\per_uart.\uart0.$procmux$1404_Y, Q = \per_uart.uart0.rx_error, rval = 1'0).
Adding EN signal on $flatten\per_uart.\uart0.$procdff$1895 ($dff) from module SOC (D = \per_uart.uart0.rxd_reg, Q = \per_uart.uart0.rx_data).
Adding EN signal on $flatten\per_uart.\uart0.$procdff$1894 ($dff) from module SOC (D = $flatten\per_uart.\uart0.$procmux$1245_Y, Q = \per_uart.uart0.txd_reg).
Adding SRST signal on $flatten\per_uart.\uart0.$procdff$1893 ($dff) from module SOC (D = $flatten\per_uart.\uart0.$procmux$1252_Y, Q = \per_uart.uart0.tx_count16, rval = 4'0000).
Adding EN signal on $auto$ff.cc:266:slice$2277 ($sdff) from module SOC (D = $flatten\per_uart.\uart0.$procmux$1252_Y, Q = \per_uart.uart0.tx_count16).
Adding EN signal on $flatten\per_uart.\uart0.$procdff$1892 ($dff) from module SOC (D = $flatten\per_uart.\uart0.$procmux$1270_Y, Q = \per_uart.uart0.tx_bitcount).
Adding SRST signal on $flatten\per_uart.\uart0.$procdff$1891 ($dff) from module SOC (D = $flatten\per_uart.\uart0.$procmux$1286_Y, Q = \per_uart.uart0.uart_txd, rval = 1'1).
Adding EN signal on $auto$ff.cc:266:slice$2282 ($sdff) from module SOC (D = $flatten\per_uart.\uart0.$procmux$1282_Y, Q = \per_uart.uart0.uart_txd).
Adding SRST signal on $flatten\per_uart.\uart0.$procdff$1890 ($dff) from module SOC (D = $flatten\per_uart.\uart0.$procmux$1304_Y, Q = \per_uart.uart0.tx_busy, rval = 1'0).
Adding EN signal on $flatten\per_uart.$procdff$1933 ($dff) from module SOC (D = { \CPU.rs2 [7:3] \CPU.rs2 [1:0] }, Q = { \per_uart.uart_ctrl [7:3] \per_uart.uart_ctrl [1:0] }).
Adding EN signal on $flatten\per_uart.$procdff$1932 ($dff) from module SOC (D = \CPU.rs2 [7:0], Q = \per_uart.d_in_uart).
Adding EN signal on $flatten\mult1.\mult1.\rsr0.$procdff$1862 ($dff) from module SOC (D = $flatten\mult1.\mult1.\rsr0.$0\s_B[15:0], Q = \mult1.mult1.rsr0.s_B).
Adding SRST signal on $flatten\mult1.\mult1.\lsr0.$procdff$1863 ($dff) from module SOC (D = $flatten\mult1.\mult1.\lsr0.$2\s_A[31:0] [31:16], Q = \mult1.mult1.lsr0.s_A [31:16], rval = 16'0000000000000000).
Adding EN signal on $flatten\mult1.\mult1.\lsr0.$procdff$1863 ($dff) from module SOC (D = $flatten\mult1.\mult1.\lsr0.$0\s_A[31:0] [15:0], Q = \mult1.mult1.lsr0.s_A [15:0]).
Adding EN signal on $auto$ff.cc:266:slice$2295 ($sdff) from module SOC (D = \mult1.mult1.lsr0.s_A [30:15], Q = \mult1.mult1.lsr0.s_A [31:16]).
Adding EN signal on $flatten\mult1.\mult1.\control0.$procdff$1870 ($dff) from module SOC (D = $flatten\mult1.\mult1.\control0.$2\count[3:0], Q = \mult1.mult1.control0.count).
Adding EN signal on $flatten\mult1.\mult1.\control0.$procdff$1869 ($dff) from module SOC (D = $flatten\mult1.\mult1.\control0.$2\sh[0:0], Q = \mult1.mult1.control0.sh).
Adding EN signal on $flatten\mult1.\mult1.\control0.$procdff$1868 ($dff) from module SOC (D = $flatten\mult1.\mult1.\control0.$2\add[0:0], Q = \mult1.mult1.control0.add).
Adding SRST signal on $flatten\mult1.\mult1.\control0.$procdff$1867 ($dff) from module SOC (D = $flatten\mult1.\mult1.\control0.$2\state[2:0], Q = \mult1.mult1.control0.state, rval = 3'000).
Adding EN signal on $flatten\mult1.\mult1.\control0.$procdff$1866 ($dff) from module SOC (D = $flatten\mult1.\mult1.\control0.$2\done[0:0], Q = \mult1.mult1.control0.done).
Adding EN signal on $flatten\mult1.\mult1.\control0.$procdff$1865 ($dff) from module SOC (D = $flatten\mult1.\mult1.\control0.$2\reset[0:0], Q = \mult1.mult1.control0.reset).
Adding SRST signal on $flatten\mult1.\mult1.\acc0.$procdff$1864 ($dff) from module SOC (D = $flatten\mult1.\mult1.\acc0.$2\pp[31:0], Q = \mult1.mult1.acc0.pp, rval = 0).
Adding EN signal on $auto$ff.cc:266:slice$2327 ($sdff) from module SOC (D = $flatten\mult1.\mult1.\acc0.$add$cores/mult_ASM/acc.v:15$568_Y, Q = \mult1.mult1.acc0.pp).
Adding SRST signal on $flatten\mult1.$procdff$1937 ($dff) from module SOC (D = $flatten\mult1.$2\init[0:0], Q = \mult1.init, rval = 1'0).
Adding EN signal on $auto$ff.cc:266:slice$2329 ($sdff) from module SOC (D = \CPU.rs2 [0], Q = \mult1.init).
Adding SRST signal on $flatten\mult1.$procdff$1936 ($dff) from module SOC (D = $flatten\mult1.$2\B[15:0], Q = \mult1.B, rval = 16'0000000000000000).
Adding EN signal on $auto$ff.cc:266:slice$2333 ($sdff) from module SOC (D = { \RAM.mem_wdata [15:8] \CPU.rs2 [7:0] }, Q = \mult1.B).
Adding SRST signal on $flatten\mult1.$procdff$1935 ($dff) from module SOC (D = $flatten\mult1.$2\A[15:0], Q = \mult1.A, rval = 16'0000000000000000).
Adding EN signal on $auto$ff.cc:266:slice$2337 ($sdff) from module SOC (D = { \RAM.mem_wdata [15:8] \CPU.rs2 [7:0] }, Q = \mult1.A).
Adding SRST signal on $flatten\mult1.$procdff$1934 ($dff) from module SOC (D = $flatten\mult1.$2\d_out[31:0], Q = \mult1.d_out, rval = 0).
Adding EN signal on $auto$ff.cc:266:slice$2341 ($sdff) from module SOC (D = $flatten\mult1.$3\d_out[31:0], Q = \mult1.d_out).
Adding EN signal on $flatten\div1.\d_16.\lsr_d.$procdff$1873 ($dff) from module SOC (D = $flatten\div1.\d_16.\lsr_d.$0\DV[15:0] [0], Q = \div1.d_16.lsr_d.DV [0]).
Adding EN signal on $flatten\div1.\d_16.\lsr_d.$procdff$1873 ($dff) from module SOC (D = $flatten\div1.\d_16.\lsr_d.$0\DV[15:0] [15:1], Q = \div1.d_16.lsr_d.DV [15:1]).
Adding SRST signal on $flatten\div1.\d_16.\lsr_d.$procdff$1872 ($dff) from module SOC (D = $flatten\div1.\d_16.\lsr_d.$2\OUT_R[15:0], Q = \div1.d_16.lsr_d.OUT_R, rval = 16'0000000000000000).
Adding EN signal on $auto$ff.cc:266:slice$2353 ($sdff) from module SOC (D = { \div1.d_16.lsr_d.DV [14:0] 1'0 }, Q = \div1.d_16.lsr_d.OUT_R).
Adding SRST signal on $flatten\div1.\d_16.\lsr_d.$procdff$1871 ($dff) from module SOC (D = $flatten\div1.\d_16.\lsr_d.$2\A[15:0], Q = \div1.d_16.lsr_d.A, rval = 16'0000000000000000).
Adding EN signal on $auto$ff.cc:266:slice$2355 ($sdff) from module SOC (D = $flatten\div1.\d_16.\lsr_d.$2\A[15:0], Q = \div1.d_16.lsr_d.A).
Adding EN signal on $flatten\div1.$procdff$1940 ($dff) from module SOC (D = { \RAM.mem_wdata [15:8] \CPU.rs2 [7:0] }, Q = \div1.B).
Adding EN signal on $flatten\div1.$procdff$1939 ($dff) from module SOC (D = { \RAM.mem_wdata [15:8] \CPU.rs2 [7:0] }, Q = \div1.A).
Adding EN signal on $flatten\div1.$procdff$1938 ($dff) from module SOC (D = $flatten\div1.$0\d_out[15:0] [15:1], Q = \div1.d_out [15:1]).
Adding SRST signal on $flatten\bin2bcd0.\bin2bcd0.\reg0.$procdff$1885 ($dff) from module SOC (D = $flatten\bin2bcd0.\bin2bcd0.\reg0.$procmux$1132_Y, Q = \bin2bcd0.bin2bcd0.reg0.cont, rval = 5'00000).
Adding EN signal on $auto$ff.cc:266:slice$2365 ($sdff) from module SOC (D = { \bin2bcd0.bin2bcd0.comp4.Result [3] \bin2bcd0.bin2bcd0.comp3.Result [3] \bin2bcd0.bin2bcd0.comp2.Result [3] \bin2bcd0.bin2bcd0.comp1.Result [3] \bin2bcd0.bin2bcd0.comp0.Result [3] }, Q = \bin2bcd0.bin2bcd0.reg0.cont).
Adding SRST signal on $flatten\bin2bcd0.\bin2bcd0.\lsr40.$procdff$1883 ($dff) from module SOC (D = { $flatten\bin2bcd0.\bin2bcd0.\lsr40.$procmux$1072_Y $flatten\bin2bcd0.\bin2bcd0.\lsr40.$procmux$1064_Y $flatten\bin2bcd0.\bin2bcd0.\lsr40.$procmux$1056_Y $flatten\bin2bcd0.\bin2bcd0.\lsr40.$procmux$1040_Y $flatten\bin2bcd0.\bin2bcd0.\lsr40.$procmux$1048_Y }, Q = \bin2bcd0.bin2bcd0.lsr40.data [35:16], rval = 20'00000000000000000000).
Adding EN signal on $flatten\bin2bcd0.\bin2bcd0.\lsr40.$procdff$1883 ($dff) from module SOC (D = $flatten\bin2bcd0.\bin2bcd0.\lsr40.$0\data[35:0] [15:0], Q = \bin2bcd0.bin2bcd0.lsr40.data [15:0]).
Adding EN signal on $auto$ff.cc:266:slice$2367 ($sdff) from module SOC (D = $flatten\bin2bcd0.\bin2bcd0.\lsr40.$procmux$1048_Y, Q = \bin2bcd0.bin2bcd0.lsr40.data [19:16]).
Adding EN signal on $auto$ff.cc:266:slice$2367 ($sdff) from module SOC (D = $flatten\bin2bcd0.\bin2bcd0.\lsr40.$procmux$1040_Y, Q = \bin2bcd0.bin2bcd0.lsr40.data [23:20]).
Adding EN signal on $auto$ff.cc:266:slice$2367 ($sdff) from module SOC (D = $flatten\bin2bcd0.\bin2bcd0.\lsr40.$procmux$1056_Y, Q = \bin2bcd0.bin2bcd0.lsr40.data [27:24]).
Adding EN signal on $auto$ff.cc:266:slice$2367 ($sdff) from module SOC (D = $flatten\bin2bcd0.\bin2bcd0.\lsr40.$procmux$1064_Y, Q = \bin2bcd0.bin2bcd0.lsr40.data [31:28]).
Adding EN signal on $auto$ff.cc:266:slice$2367 ($sdff) from module SOC (D = $flatten\bin2bcd0.\bin2bcd0.\lsr40.$procmux$1072_Y, Q = \bin2bcd0.bin2bcd0.lsr40.data [35:32]).
Adding SRST signal on $flatten\bin2bcd0.\bin2bcd0.\count0.$procdff$1887 ($dff) from module SOC (D = $flatten\bin2bcd0.\bin2bcd0.\count0.$procmux$1141_Y, Q = \bin2bcd0.bin2bcd0.count0.cont, rval = 5'10000).
Adding EN signal on $auto$ff.cc:266:slice$2387 ($sdff) from module SOC (D = $flatten\bin2bcd0.\bin2bcd0.\count0.$sub$cores/bin2bcd/count.v:16$507_Y [4:0], Q = \bin2bcd0.bin2bcd0.count0.cont).
Adding SRST signal on $flatten\bin2bcd0.\bin2bcd0.\control0.$procdff$1889 ($dff) from module SOC (D = $flatten\bin2bcd0.\bin2bcd0.\control0.$2\count[5:0], Q = \bin2bcd0.bin2bcd0.control0.count, rval = 6'000000).
Adding EN signal on $auto$ff.cc:266:slice$2389 ($sdff) from module SOC (D = $flatten\bin2bcd0.\bin2bcd0.\control0.$2\count[5:0], Q = \bin2bcd0.bin2bcd0.control0.count).
Adding SRST signal on $flatten\bin2bcd0.$procdff$1947 ($dff) from module SOC (D = $flatten\bin2bcd0.$2\init[0:0], Q = \bin2bcd0.init, rval = 1'0).
Adding EN signal on $auto$ff.cc:266:slice$2393 ($sdff) from module SOC (D = \CPU.rs2 [0], Q = \bin2bcd0.init).
Adding SRST signal on $flatten\bin2bcd0.$procdff$1946 ($dff) from module SOC (D = $flatten\bin2bcd0.$2\A[15:0], Q = \bin2bcd0.A, rval = 16'0000000000000000).
Adding EN signal on $auto$ff.cc:266:slice$2397 ($sdff) from module SOC (D = { \RAM.mem_wdata [15:8] \CPU.rs2 [7:0] }, Q = \bin2bcd0.A).
Adding SRST signal on $flatten\bin2bcd0.$procdff$1945 ($dff) from module SOC (D = $flatten\bin2bcd0.$2\d_out[31:0], Q = \bin2bcd0.d_out, rval = 0).
Adding EN signal on $auto$ff.cc:266:slice$2401 ($sdff) from module SOC (D = $flatten\bin2bcd0.$3\d_out[31:0], Q = \bin2bcd0.d_out).
Adding SRST signal on $flatten\bcd2bin0.\bcd2bin0.\rsr40.$procdff$1884 ($dff) from module SOC (D = $flatten\bcd2bin0.\bcd2bin0.\rsr40.$procmux$1124_Y, Q = \bcd2bin0.bcd2bin0.rsr40.data [15:0], rval = 16'0000000000000000).
Adding EN signal on $flatten\bcd2bin0.\bcd2bin0.\rsr40.$procdff$1884 ($dff) from module SOC (D = $flatten\bcd2bin0.\bcd2bin0.\rsr40.$0\data[35:0] [19:16], Q = \bcd2bin0.bcd2bin0.rsr40.data [19:16]).
Adding EN signal on $flatten\bcd2bin0.\bcd2bin0.\rsr40.$procdff$1884 ($dff) from module SOC (D = $flatten\bcd2bin0.\bcd2bin0.\rsr40.$0\data[35:0] [23:20], Q = \bcd2bin0.bcd2bin0.rsr40.data [23:20]).
Adding EN signal on $flatten\bcd2bin0.\bcd2bin0.\rsr40.$procdff$1884 ($dff) from module SOC (D = $flatten\bcd2bin0.\bcd2bin0.\rsr40.$0\data[35:0] [27:24], Q = \bcd2bin0.bcd2bin0.rsr40.data [27:24]).
Adding EN signal on $flatten\bcd2bin0.\bcd2bin0.\rsr40.$procdff$1884 ($dff) from module SOC (D = $flatten\bcd2bin0.\bcd2bin0.\rsr40.$0\data[35:0] [31:28], Q = \bcd2bin0.bcd2bin0.rsr40.data [31:28]).
Adding EN signal on $flatten\bcd2bin0.\bcd2bin0.\rsr40.$procdff$1884 ($dff) from module SOC (D = $flatten\bcd2bin0.\bcd2bin0.\rsr40.$0\data[35:0] [35:32], Q = \bcd2bin0.bcd2bin0.rsr40.data [35:32]).
Adding EN signal on $auto$ff.cc:266:slice$2407 ($sdff) from module SOC (D = \bcd2bin0.bcd2bin0.rsr40.data [16:1], Q = \bcd2bin0.bcd2bin0.rsr40.data [15:0]).
Adding SRST signal on $flatten\bcd2bin0.\bcd2bin0.\reg0.$procdff$1885 ($dff) from module SOC (D = $flatten\bcd2bin0.\bcd2bin0.\reg0.$procmux$1132_Y, Q = \bcd2bin0.bcd2bin0.reg0.cont, rval = 5'00000).
Adding EN signal on $auto$ff.cc:266:slice$2425 ($sdff) from module SOC (D = { \bcd2bin0.bcd2bin0.comp4.Result [3] \bcd2bin0.bcd2bin0.comp3.Result [3] \bcd2bin0.bcd2bin0.comp2.Result [3] \bcd2bin0.bcd2bin0.comp1.Result [3] \bcd2bin0.bcd2bin0.comp0.Result [3] }, Q = \bcd2bin0.bcd2bin0.reg0.cont).
Adding SRST signal on $flatten\bcd2bin0.\bcd2bin0.\count0.$procdff$1887 ($dff) from module SOC (D = $flatten\bcd2bin0.\bcd2bin0.\count0.$procmux$1141_Y, Q = \bcd2bin0.bcd2bin0.count0.cont, rval = 5'10000).
Adding EN signal on $auto$ff.cc:266:slice$2427 ($sdff) from module SOC (D = $flatten\bcd2bin0.\bcd2bin0.\count0.$sub$cores/bin2bcd/count.v:16$507_Y [4:0], Q = \bcd2bin0.bcd2bin0.count0.cont).
Adding SRST signal on $flatten\bcd2bin0.\bcd2bin0.\control0.$procdff$1889 ($dff) from module SOC (D = $flatten\bcd2bin0.\bcd2bin0.\control0.$2\count[5:0], Q = \bcd2bin0.bcd2bin0.control0.count, rval = 6'000000).
Adding EN signal on $auto$ff.cc:266:slice$2429 ($sdff) from module SOC (D = $flatten\bcd2bin0.\bcd2bin0.\control0.$2\count[5:0], Q = \bcd2bin0.bcd2bin0.control0.count).
Adding SRST signal on $flatten\bcd2bin0.$procdff$1950 ($dff) from module SOC (D = $flatten\bcd2bin0.$2\init[0:0], Q = \bcd2bin0.init, rval = 1'0).
Adding EN signal on $auto$ff.cc:266:slice$2433 ($sdff) from module SOC (D = \CPU.rs2 [0], Q = \bcd2bin0.init).
Adding SRST signal on $flatten\bcd2bin0.$procdff$1949 ($dff) from module SOC (D = $flatten\bcd2bin0.$2\A[19:0], Q = \bcd2bin0.A, rval = 20'00000000000000000000).
Adding EN signal on $auto$ff.cc:266:slice$2437 ($sdff) from module SOC (D = { \RAM.mem_wdata [19:8] \CPU.rs2 [7:0] }, Q = \bcd2bin0.A).
Adding SRST signal on $flatten\bcd2bin0.$procdff$1948 ($dff) from module SOC (D = $flatten\bcd2bin0.$2\d_out[31:0], Q = \bcd2bin0.d_out, rval = 0).
Adding EN signal on $auto$ff.cc:266:slice$2441 ($sdff) from module SOC (D = $flatten\bcd2bin0.$3\d_out[31:0], Q = \bcd2bin0.d_out).
Adding EN signal on $flatten\RAM.$procdff$1917 ($dff) from module SOC (D = $flatten\RAM.$memrd$\MEM$cores/bram/bram.v:22$309_DATA, Q = \RAM.mem_rdata).
Adding EN signal on $flatten\CPU.$procdff$1912 ($dff) from module SOC (D = $flatten\CPU.$0\aluShamt[4:0], Q = \CPU.aluShamt).
Adding EN signal on $flatten\CPU.$procdff$1911 ($dff) from module SOC (D = $flatten\CPU.$0\aluReg[31:0], Q = \CPU.aluReg).
Adding SRST signal on $flatten\CPU.$procdff$1910 ($dff) from module SOC (D = $flatten\CPU.$procmux$1441_Y, Q = \CPU.rs2, rval = 0).
Adding EN signal on $auto$ff.cc:266:slice$2464 ($sdff) from module SOC (D = $flatten\CPU.$memrd$\registerFile$cores/cpu/femtorv32_quark_V2.v:264$463_DATA, Q = \CPU.rs2).
Adding SRST signal on $flatten\CPU.$procdff$1909 ($dff) from module SOC (D = $flatten\CPU.$procmux$1451_Y, Q = \CPU.rs1, rval = 0).
Adding EN signal on $auto$ff.cc:266:slice$2466 ($sdff) from module SOC (D = $flatten\CPU.$memrd$\registerFile$cores/cpu/femtorv32_quark_V2.v:263$462_DATA, Q = \CPU.rs1).
Adding SRST signal on $flatten\CPU.$procdff$1908 ($dff) from module SOC (D = $flatten\CPU.$procmux$1459_Y, Q = \CPU.state, rval = 4'1000).
Adding EN signal on $auto$ff.cc:266:slice$2468 ($sdff) from module SOC (D = $flatten\CPU.$procmux$1459_Y [0], Q = \CPU.state [0]).
Adding EN signal on $flatten\CPU.$procdff$1907 ($dff) from module SOC (D = \CPU.mem_rdata [31:2], Q = \CPU.instr).
Adding SRST signal on $flatten\CPU.$procdff$1906 ($dff) from module SOC (D = $flatten\CPU.$procmux$1480_Y, Q = \CPU.PC, rval = 24'000000000000000000000000).
Adding EN signal on $auto$ff.cc:266:slice$2476 ($sdff) from module SOC (D = $flatten\CPU.$ternary$cores/cpu/femtorv32_quark_V2.v:271$465_Y, Q = \CPU.PC).
Adding SRST signal on $flatten\CPU.$procdff$1905 ($dff) from module SOC (D = $flatten\CPU.$add$cores/cpu/femtorv32_quark_V2.v:294$474_Y, Q = \CPU.cycles, rval = 0).
Setting constant 0-bit at position 0 on $auto$ff.cc:266:slice$2354 ($sdffe) from module SOC.

38.14.7. Executing OPT_CLEAN pass (remove unused cells and wires).
Finding unused cells or wires in module \SOC..
Removed 114 unused cells and 155 unused wires.

38.14.8. Executing OPT_EXPR pass (perform const folding).
Optimizing module SOC.

38.14.9. Rerunning OPT passes. (Maybe there is more to do..)

38.14.10. Executing OPT_MUXTREE pass (detect dead branches in mux trees).
Running muxtree optimizer on module \SOC..
  Creating internal representation of mux trees.
  Evaluating internal representation of mux trees.
  Analyzing evaluation results.
Removed 0 multiplexer ports.

38.14.11. Executing OPT_REDUCE pass (consolidate $*mux and $reduce_* inputs).
  Optimizing cells in module \SOC.
    New ctrl vector for $pmux cell $flatten\div1.$procmux$1670: $flatten\div1.$procmux$1668_CMP
  Optimizing cells in module \SOC.
Performed a total of 1 changes.

38.14.12. Executing OPT_MERGE pass (detect identical cells).
Finding identical cells in module `\SOC'.
Removed a total of 7 cells.

38.14.13. Executing OPT_DFF pass (perform DFF optimizations).
Adding SRST signal on $auto$ff.cc:266:slice$2364 ($dff) from module SOC (D = \div1.done, Q = \div1.d_out [0], rval = 1'0).

38.14.14. Executing OPT_CLEAN pass (remove unused cells and wires).
Finding unused cells or wires in module \SOC..
Removed 2 unused cells and 8 unused wires.

38.14.15. Executing OPT_EXPR pass (perform const folding).
Optimizing module SOC.

38.14.16. Rerunning OPT passes. (Maybe there is more to do..)

38.14.17. Executing OPT_MUXTREE pass (detect dead branches in mux trees).
Running muxtree optimizer on module \SOC..
  Creating internal representation of mux trees.
  Evaluating internal representation of mux trees.
  Analyzing evaluation results.
Removed 0 multiplexer ports.

38.14.18. Executing OPT_REDUCE pass (consolidate $*mux and $reduce_* inputs).
  Optimizing cells in module \SOC.
Performed a total of 0 changes.

38.14.19. Executing OPT_MERGE pass (detect identical cells).
Finding identical cells in module `\SOC'.
Removed a total of 0 cells.

38.14.20. Executing OPT_DFF pass (perform DFF optimizations).

38.14.21. Executing OPT_CLEAN pass (remove unused cells and wires).
Finding unused cells or wires in module \SOC..

38.14.22. Executing OPT_EXPR pass (perform const folding).
Optimizing module SOC.

38.14.23. Finished OPT passes. (There is nothing left to do.)

38.15. Executing WREDUCE pass (reducing word size of cells).
Removed top 27 address bits (of 32) from memory init port SOC.$flatten\CPU.$auto$proc_memwr.cc:45:proc_memwr$1951 (CPU.registerFile).
Removed top 27 address bits (of 32) from memory init port SOC.$flatten\CPU.$meminit$\registerFile$cores/cpu/femtorv32_quark_V2.v:301$475 (CPU.registerFile).
Removed top 17 address bits (of 30) from memory init port SOC.$flatten\RAM.$auto$proc_memwr.cc:45:proc_memwr$1953 (RAM.MEM).
Removed top 17 address bits (of 30) from memory init port SOC.$flatten\RAM.$auto$proc_memwr.cc:45:proc_memwr$1954 (RAM.MEM).
Removed top 17 address bits (of 30) from memory init port SOC.$flatten\RAM.$auto$proc_memwr.cc:45:proc_memwr$1955 (RAM.MEM).
Removed top 17 address bits (of 30) from memory init port SOC.$flatten\RAM.$auto$proc_memwr.cc:45:proc_memwr$1956 (RAM.MEM).
Removed top 19 address bits (of 32) from memory init port SOC.$flatten\RAM.$meminit$\MEM$cores/bram/bram.v:0$322 (RAM.MEM).
Removed top 17 address bits (of 30) from memory read port SOC.$flatten\RAM.$memrd$\MEM$cores/bram/bram.v:22$309 (RAM.MEM).
Removed top 6 bits (of 8) from port B of cell SOC.$procmux$1830_CMP0 ($eq).
Removed top 5 bits (of 8) from port B of cell SOC.$procmux$1831_CMP0 ($eq).
Removed top 4 bits (of 8) from port B of cell SOC.$procmux$1832_CMP0 ($eq).
Removed top 3 bits (of 8) from port B of cell SOC.$procmux$1833_CMP0 ($eq).
Removed top 2 bits (of 8) from port B of cell SOC.$procmux$1834_CMP0 ($eq).
Removed top 1 bits (of 8) from port B of cell SOC.$procmux$1839_CMP0 ($eq).
Removed top 1 bits (of 8) from port B of cell SOC.$procmux$1840_CMP0 ($eq).
Removed top 1 bits (of 8) from port B of cell SOC.$procmux$1841_CMP0 ($eq).
Removed top 1 bits (of 8) from port B of cell SOC.$procmux$1842_CMP0 ($eq).
Removed top 1 bits (of 8) from port B of cell SOC.$procmux$1843_CMP0 ($eq).
Removed top 1 bits (of 8) from port B of cell SOC.$procmux$1844_CMP0 ($eq).
Removed top 1 bits (of 8) from port B of cell SOC.$procmux$1845_CMP0 ($eq).
Removed top 31 bits (of 32) from port B of cell SOC.$flatten\CPU.$add$cores/cpu/femtorv32_quark_V2.v:294$474 ($add).
Removed top 28 bits (of 32) from mux cell SOC.$flatten\CPU.$ternary$cores/cpu/femtorv32_quark_V2.v:274$466 ($mux).
Removed top 2 bits (of 4) from mux cell SOC.$flatten\CPU.$ternary$cores/cpu/femtorv32_quark_V2.v:224$444 ($mux).
Removed top 31 bits (of 32) from port B of cell SOC.$flatten\CPU.$sub$cores/cpu/femtorv32_quark_V2.v:206$425 ($sub).
Removed top 27 bits (of 32) from port Y of cell SOC.$flatten\CPU.$sub$cores/cpu/femtorv32_quark_V2.v:206$425 ($sub).
Removed top 8 bits (of 32) from mux cell SOC.$flatten\CPU.$ternary$cores/cpu/femtorv32_quark_V2.v:176$401 ($mux).
Removed top 8 bits (of 32) from mux cell SOC.$flatten\CPU.$ternary$cores/cpu/femtorv32_quark_V2.v:175$398 ($mux).
Removed top 29 bits (of 32) from port B of cell SOC.$flatten\CPU.$add$cores/cpu/femtorv32_quark_V2.v:165$388 ($add).
Removed top 8 bits (of 32) from port Y of cell SOC.$flatten\CPU.$add$cores/cpu/femtorv32_quark_V2.v:165$388 ($add).
Removed top 31 bits (of 32) from mux cell SOC.$flatten\CPU.$ternary$cores/cpu/femtorv32_quark_V2.v:154$372 ($mux).
Removed top 31 bits (of 32) from mux cell SOC.$flatten\CPU.$ternary$cores/cpu/femtorv32_quark_V2.v:153$370 ($mux).
Removed top 1 bits (of 2) from port B of cell SOC.$flatten\CPU.$eq$cores/cpu/femtorv32_quark_V2.v:135$356 ($eq).
Removed top 19 bits (of 24) from mux cell SOC.$flatten\CPU.$ternary$cores/cpu/femtorv32_quark_V2.v:124$349 ($mux).
Removed top 32 bits (of 33) from port B of cell SOC.$flatten\CPU.$add$cores/cpu/femtorv32_quark_V2.v:115$345 ($add).
Removed top 1 bits (of 33) from port B of cell SOC.$flatten\CPU.$add$cores/cpu/femtorv32_quark_V2.v:115$344 ($add).
Removed top 1 bits (of 5) from port B of cell SOC.$flatten\CPU.$eq$cores/cpu/femtorv32_quark_V2.v:86$333 ($eq).
Removed top 1 bits (of 5) from port B of cell SOC.$flatten\CPU.$eq$cores/cpu/femtorv32_quark_V2.v:85$332 ($eq).
Removed top 1 bits (of 5) from port B of cell SOC.$flatten\CPU.$eq$cores/cpu/femtorv32_quark_V2.v:84$331 ($eq).
Removed top 2 bits (of 5) from port B of cell SOC.$flatten\CPU.$eq$cores/cpu/femtorv32_quark_V2.v:83$330 ($eq).
Removed top 2 bits (of 5) from port B of cell SOC.$flatten\CPU.$eq$cores/cpu/femtorv32_quark_V2.v:82$329 ($eq).
Removed top 7 bits (of 8) from port A of cell SOC.$flatten\CPU.$shl$cores/cpu/femtorv32_quark_V2.v:69$327 ($shl).
Removed top 17 bits (of 30) from mux cell SOC.$flatten\RAM.$procmux$1594 ($mux).
Removed top 17 bits (of 30) from mux cell SOC.$flatten\RAM.$procmux$1585 ($mux).
Removed top 17 bits (of 30) from mux cell SOC.$flatten\RAM.$procmux$1576 ($mux).
Removed top 17 bits (of 30) from mux cell SOC.$flatten\RAM.$procmux$1567 ($mux).
Removed top 31 bits (of 32) from port B of cell SOC.$flatten\per_uart.\uart0.$sub$cores/uart/uart.v:39$480 ($sub).
Removed top 16 bits (of 32) from port Y of cell SOC.$flatten\per_uart.\uart0.$sub$cores/uart/uart.v:39$480 ($sub).
Removed top 31 bits (of 32) from port B of cell SOC.$flatten\per_uart.\uart0.$add$cores/uart/uart.v:88$486 ($add).
Removed top 28 bits (of 32) from port Y of cell SOC.$flatten\per_uart.\uart0.$add$cores/uart/uart.v:88$486 ($add).
Removed top 31 bits (of 32) from port B of cell SOC.$flatten\per_uart.\uart0.$add$cores/uart/uart.v:91$488 ($add).
Removed top 28 bits (of 32) from port Y of cell SOC.$flatten\per_uart.\uart0.$add$cores/uart/uart.v:91$488 ($add).
Removed top 31 bits (of 32) from port B of cell SOC.$flatten\per_uart.\uart0.$add$cores/uart/uart.v:137$494 ($add).
Removed top 28 bits (of 32) from port Y of cell SOC.$flatten\per_uart.\uart0.$add$cores/uart/uart.v:137$494 ($add).
Removed top 31 bits (of 32) from port B of cell SOC.$flatten\per_uart.\uart0.$add$cores/uart/uart.v:140$497 ($add).
Removed top 28 bits (of 32) from port Y of cell SOC.$flatten\per_uart.\uart0.$add$cores/uart/uart.v:140$497 ($add).
Removed top 1 bits (of 2) from port B of cell SOC.$flatten\per_uart.$procmux$1601_CMP0 ($eq).
Removed top 22 bits (of 32) from mux cell SOC.$flatten\per_uart.$procmux$1599 ($pmux).
Removed top 5 bits (of 8) from mux cell SOC.$flatten\per_uart.$ternary$cores/uart/perip_uart.v:40$287 ($mux).
Removed top 1 bits (of 2) from mux cell SOC.$flatten\per_uart.$ternary$cores/uart/perip_uart.v:31$281 ($mux).
Removed top 1 bits (of 2) from port B of cell SOC.$auto$opt_dff.cc:195:make_patterns_logic$2258 ($ne).
Removed top 1 bits (of 2) from port B of cell SOC.$auto$opt_dff.cc:195:make_patterns_logic$2256 ($ne).
Removed top 31 bits (of 32) from port B of cell SOC.$flatten\mult1.\mult1.\control0.$add$cores/mult_ASM/control_mult.v:84$563 ($add).
Removed top 28 bits (of 32) from port Y of cell SOC.$flatten\mult1.\mult1.\control0.$add$cores/mult_ASM/control_mult.v:84$563 ($add).
Removed top 16 bits (of 32) from mux cell SOC.$flatten\mult1.\mult1.\lsr0.$procmux$617 ($mux).
Removed top 16 bits (of 32) from mux cell SOC.$flatten\mult1.\mult1.\lsr0.$procmux$611 ($mux).
Removed top 2 bits (of 3) from port B of cell SOC.$auto$opt_dff.cc:195:make_patterns_logic$2420 ($ne).
Removed top 1 bits (of 3) from port B of cell SOC.$flatten\mult1.\mult1.\control0.$procmux$667_CMP0 ($eq).
Removed top 2 bits (of 3) from port B of cell SOC.$auto$opt_dff.cc:195:make_patterns_logic$2423 ($ne).
Removed top 2 bits (of 3) from mux cell SOC.$flatten\mult1.\mult1.\control0.$procmux$657 ($mux).
Removed top 2 bits (of 3) from port B of cell SOC.$flatten\mult1.\mult1.\control0.$procmux$647_CMP0 ($eq).
Removed top 2 bits (of 3) from mux cell SOC.$flatten\mult1.\mult1.\control0.$procmux$644 ($mux).
Removed top 1 bits (of 3) from port B of cell SOC.$flatten\mult1.\mult1.\control0.$procmux$635_CMP0 ($eq).
Removed top 28 bits (of 32) from port B of cell SOC.$flatten\mult1.\mult1.\control0.$gt$cores/mult_ASM/control_mult.v:85$564 ($gt).
Removed top 1 bits (of 5) from port B of cell SOC.$flatten\mult1.$procmux$1658_CMP0 ($eq).
Removed top 1 bits (of 4) from port B of cell SOC.$auto$opt_dff.cc:195:make_patterns_logic$2450 ($ne).
Removed top 2 bits (of 3) from port B of cell SOC.$auto$opt_dff.cc:195:make_patterns_logic$2452 ($ne).
Removed top 1 bits (of 5) from port B of cell SOC.$flatten\mult1.$procmux$1610_CMP0 ($eq).
Removed top 1 bits (of 2) from port B of cell SOC.$auto$fsm_map.cc:77:implement_pattern_cache$2048 ($eq).
Removed top 1 bits (of 2) from port B of cell SOC.$auto$fsm_map.cc:77:implement_pattern_cache$2181 ($eq).
Removed top 31 bits (of 32) from port B of cell SOC.$flatten\div1.\d_16.\ctr_dv.$sub$cores/divider_ASM/div_16/counter_div.v:16$551 ($sub).
Removed top 27 bits (of 32) from port Y of cell SOC.$flatten\div1.\d_16.\ctr_dv.$sub$cores/divider_ASM/div_16/counter_div.v:16$551 ($sub).
Removed top 31 bits (of 32) from port B of cell SOC.$flatten\div1.\d_16.\sb.$add$cores/divider_ASM/div_16/subtractor.v:8$559 ($add).
Removed top 16 bits (of 32) from port Y of cell SOC.$flatten\div1.\d_16.\sb.$add$cores/divider_ASM/div_16/subtractor.v:8$559 ($add).
Removed top 16 bits (of 32) from port A of cell SOC.$flatten\div1.\d_16.\sb.$add$cores/divider_ASM/div_16/subtractor.v:8$559 ($add).
Removed top 16 bits (of 32) from port Y of cell SOC.$flatten\div1.\d_16.\sb.$add$cores/divider_ASM/div_16/subtractor.v:8$558 ($add).
Removed top 16 bits (of 32) from port B of cell SOC.$flatten\div1.\d_16.\sb.$add$cores/divider_ASM/div_16/subtractor.v:8$558 ($add).
Removed top 16 bits (of 32) from port A of cell SOC.$flatten\div1.\d_16.\sb.$not$cores/divider_ASM/div_16/subtractor.v:8$557 ($not).
Removed top 16 bits (of 32) from port Y of cell SOC.$flatten\div1.\d_16.\sb.$not$cores/divider_ASM/div_16/subtractor.v:8$557 ($not).
Removed top 31 bits (of 32) from mux cell SOC.$flatten\div1.\d_16.\ctr_dv.$ternary$cores/divider_ASM/div_16/counter_div.v:20$553 ($mux).
Removed top 1 bits (of 2) from port B of cell SOC.$auto$fsm_map.cc:77:implement_pattern_cache$2106 ($eq).
Removed top 2 bits (of 4) from port B of cell SOC.$flatten\div1.$procmux$1678_CMP0 ($eq).
Removed top 1 bits (of 4) from port B of cell SOC.$flatten\div1.$procmux$1677_CMP0 ($eq).
Removed top 1 bits (of 4) from port B of cell SOC.$flatten\div1.$procmux$1676_CMP0 ($eq).
Removed top 2 bits (of 3) from port B of cell SOC.$flatten\div1.$procmux$1668_CMP0 ($eq).
Removed top 1 bits (of 3) from port B of cell SOC.$flatten\div1.$procmux$1667_CMP0 ($eq).
Removed top 1 bits (of 6) from mux cell SOC.$flatten\div1.$ternary$cores/divider_ASM/peripheral_div.v:36$265 ($mux).
Removed top 2 bits (of 6) from mux cell SOC.$flatten\div1.$ternary$cores/divider_ASM/peripheral_div.v:35$263 ($mux).
Removed top 3 bits (of 6) from mux cell SOC.$flatten\div1.$ternary$cores/divider_ASM/peripheral_div.v:33$261 ($mux).
Removed top 4 bits (of 6) from mux cell SOC.$flatten\div1.$ternary$cores/divider_ASM/peripheral_div.v:32$259 ($mux).
Removed top 5 bits (of 6) from mux cell SOC.$flatten\div1.$ternary$cores/divider_ASM/peripheral_div.v:31$257 ($mux).
Removed top 1 bits (of 2) from port B of cell SOC.$auto$opt_dff.cc:195:make_patterns_logic$2371 ($ne).
Removed top 31 bits (of 32) from port B of cell SOC.$flatten\sqrt1.\sqrt0.\count0.$sub$cores/sqrt_ASM/count.v:16$536 ($sub).
Removed top 28 bits (of 32) from port Y of cell SOC.$flatten\sqrt1.\sqrt0.\count0.$sub$cores/sqrt_ASM/count.v:16$536 ($sub).
Removed top 15 bits (of 16) from mux cell SOC.$flatten\sqrt1.\sqrt0.\lsr_R.$procmux$917 ($mux).
Removed top 15 bits (of 16) from mux cell SOC.$flatten\sqrt1.\sqrt0.\lsr_R.$procmux$915 ($mux).
Removed top 1 bits (of 16) from FF cell SOC.$auto$ff.cc:266:slice$2203 ($sdffe).
Removed top 31 bits (of 32) from port B of cell SOC.$flatten\sqrt1.\sqrt0.\addsub0.$add$cores/sqrt_ASM/addc2.v:8$544 ($add).
Removed top 16 bits (of 32) from port Y of cell SOC.$flatten\sqrt1.\sqrt0.\addsub0.$add$cores/sqrt_ASM/addc2.v:8$544 ($add).
Removed top 16 bits (of 32) from port A of cell SOC.$flatten\sqrt1.\sqrt0.\addsub0.$add$cores/sqrt_ASM/addc2.v:8$544 ($add).
Removed top 16 bits (of 32) from port Y of cell SOC.$flatten\sqrt1.\sqrt0.\addsub0.$add$cores/sqrt_ASM/addc2.v:8$543 ($add).
Removed top 16 bits (of 32) from port B of cell SOC.$flatten\sqrt1.\sqrt0.\addsub0.$add$cores/sqrt_ASM/addc2.v:8$543 ($add).
Removed top 16 bits (of 32) from port A of cell SOC.$flatten\sqrt1.\sqrt0.\addsub0.$not$cores/sqrt_ASM/addc2.v:8$542 ($not).
Removed top 16 bits (of 32) from port Y of cell SOC.$flatten\sqrt1.\sqrt0.\addsub0.$not$cores/sqrt_ASM/addc2.v:8$542 ($not).
Removed top 31 bits (of 32) from mux cell SOC.$flatten\sqrt1.\sqrt0.\count0.$ternary$cores/sqrt_ASM/count.v:20$538 ($mux).
Removed top 1 bits (of 2) from port B of cell SOC.$auto$fsm_map.cc:77:implement_pattern_cache$2093 ($eq).
Removed top 27 bits (of 32) from port B of cell SOC.$flatten\sqrt1.\sqrt0.\control0.$gt$cores/sqrt_ASM/control.v:77$532 ($gt).
Removed top 31 bits (of 32) from port B of cell SOC.$flatten\sqrt1.\sqrt0.\control0.$add$cores/sqrt_ASM/control.v:76$531 ($add).
Removed top 24 bits (of 32) from port Y of cell SOC.$flatten\sqrt1.\sqrt0.\control0.$add$cores/sqrt_ASM/control.v:76$531 ($add).
Removed top 1 bits (of 2) from port B of cell SOC.$auto$fsm_map.cc:77:implement_pattern_cache$2018 ($eq).
Removed top 1 bits (of 5) from port B of cell SOC.$flatten\sqrt1.$procmux$1684_CMP0 ($eq).
Removed top 1 bits (of 2) from port B of cell SOC.$auto$fsm_map.cc:77:implement_pattern_cache$2168 ($eq).
Removed top 1 bits (of 2) from port B of cell SOC.$auto$fsm_map.cc:77:implement_pattern_cache$2164 ($eq).
Removed top 1 bits (of 2) from port B of cell SOC.$auto$fsm_map.cc:77:implement_pattern_cache$2159 ($eq).
Removed top 31 bits (of 32) from port B of cell SOC.$flatten\bin2bcd0.\bin2bcd0.\count0.$sub$cores/bin2bcd/count.v:16$507 ($sub).
Removed top 27 bits (of 32) from port Y of cell SOC.$flatten\bin2bcd0.\bin2bcd0.\count0.$sub$cores/bin2bcd/count.v:16$507 ($sub).
Removed top 31 bits (of 32) from port B of cell SOC.$flatten\bin2bcd0.\bin2bcd0.\control0.$add$cores/bin2bcd/ctrl_b2b.v:63$502 ($add).
Removed top 26 bits (of 32) from port Y of cell SOC.$flatten\bin2bcd0.\bin2bcd0.\control0.$add$cores/bin2bcd/ctrl_b2b.v:63$502 ($add).
Removed top 31 bits (of 32) from mux cell SOC.$flatten\bin2bcd0.\bin2bcd0.\count0.$ternary$cores/bin2bcd/count.v:20$509 ($mux).
Removed top 2 bits (of 3) from port B of cell SOC.$auto$opt_dff.cc:195:make_patterns_logic$2411 ($ne).
Removed top 27 bits (of 32) from port B of cell SOC.$flatten\bin2bcd0.\bin2bcd0.\control0.$gt$cores/bin2bcd/ctrl_b2b.v:64$503 ($gt).
Removed top 1 bits (of 5) from port B of cell SOC.$flatten\bin2bcd0.$procmux$1733_CMP0 ($eq).
Removed top 1 bits (of 3) from port B of cell SOC.$auto$fsm_map.cc:77:implement_pattern_cache$2132 ($eq).
Removed top 1 bits (of 2) from port B of cell SOC.$auto$fsm_map.cc:77:implement_pattern_cache$2027 ($eq).
Removed top 1 bits (of 2) from port B of cell SOC.$auto$fsm_map.cc:77:implement_pattern_cache$2117 ($eq).
Removed top 1 bits (of 4) from mux cell SOC.$flatten\bcd2bin0.\bcd2bin0.\mux0.$procmux$1130 ($mux).
Removed top 2 bits (of 3) from port B of cell SOC.$auto$opt_dff.cc:195:make_patterns_logic$2414 ($ne).
Removed top 31 bits (of 32) from port B of cell SOC.$flatten\bcd2bin0.\bcd2bin0.\count0.$sub$cores/bin2bcd/count.v:16$507 ($sub).
Removed top 27 bits (of 32) from port Y of cell SOC.$flatten\bcd2bin0.\bcd2bin0.\count0.$sub$cores/bin2bcd/count.v:16$507 ($sub).
Removed top 31 bits (of 32) from port B of cell SOC.$flatten\bcd2bin0.\bcd2bin0.\control0.$add$cores/bin2bcd/ctrl_b2b.v:63$502 ($add).
Removed top 26 bits (of 32) from port Y of cell SOC.$flatten\bcd2bin0.\bcd2bin0.\control0.$add$cores/bin2bcd/ctrl_b2b.v:63$502 ($add).
Removed top 31 bits (of 32) from mux cell SOC.$flatten\bcd2bin0.\bcd2bin0.\count0.$ternary$cores/bin2bcd/count.v:20$509 ($mux).
Removed top 1 bits (of 2) from port B of cell SOC.$auto$fsm_map.cc:77:implement_pattern_cache$2072 ($eq).
Removed top 2 bits (of 3) from port B of cell SOC.$auto$opt_dff.cc:195:make_patterns_logic$2417 ($ne).
Removed top 1 bits (of 2) from port B of cell SOC.$auto$fsm_map.cc:77:implement_pattern_cache$2063 ($eq).
Removed top 27 bits (of 32) from port B of cell SOC.$flatten\bcd2bin0.\bcd2bin0.\control0.$gt$cores/bin2bcd/ctrl_b2b.v:64$503 ($gt).
Removed top 2 bits (of 5) from port B of cell SOC.$flatten\bcd2bin0.$procmux$1821_CMP0 ($eq).
Removed top 1 bits (of 5) from port B of cell SOC.$flatten\bcd2bin0.$procmux$1820_CMP0 ($eq).
Removed top 1 bits (of 5) from port B of cell SOC.$flatten\bcd2bin0.$procmux$1782_CMP0 ($eq).
Removed top 5 bits (of 7) from FF cell SOC.$auto$ff.cc:266:slice$2289 ($dffe).
Removed top 27 bits (of 32) from wire SOC.$flatten\CPU.$sub$cores/cpu/femtorv32_quark_V2.v:206$425_Y.
Removed top 31 bits (of 32) from wire SOC.$flatten\CPU.$ternary$cores/cpu/femtorv32_quark_V2.v:153$370_Y.
Removed top 31 bits (of 32) from wire SOC.$flatten\CPU.$ternary$cores/cpu/femtorv32_quark_V2.v:154$372_Y.
Removed top 8 bits (of 32) from wire SOC.$flatten\CPU.$ternary$cores/cpu/femtorv32_quark_V2.v:175$398_Y.
Removed top 8 bits (of 32) from wire SOC.$flatten\CPU.$ternary$cores/cpu/femtorv32_quark_V2.v:176$401_Y.
Removed top 2 bits (of 4) from wire SOC.$flatten\CPU.$ternary$cores/cpu/femtorv32_quark_V2.v:224$444_Y.
Removed top 28 bits (of 32) from wire SOC.$flatten\CPU.$ternary$cores/cpu/femtorv32_quark_V2.v:274$466_Y.
Removed top 17 bits (of 30) from wire SOC.$flatten\RAM.$0$memwr$\MEM$cores/bram/bram.v:24$292_ADDR[29:0]$297.
Removed top 24 bits (of 32) from wire SOC.$flatten\RAM.$0$memwr$\MEM$cores/bram/bram.v:24$292_EN[31:0]$299.
Removed top 17 bits (of 30) from wire SOC.$flatten\RAM.$0$memwr$\MEM$cores/bram/bram.v:25$293_ADDR[29:0]$300.
Removed top 16 bits (of 32) from wire SOC.$flatten\RAM.$0$memwr$\MEM$cores/bram/bram.v:25$293_EN[31:0]$302.
Removed top 17 bits (of 30) from wire SOC.$flatten\RAM.$0$memwr$\MEM$cores/bram/bram.v:26$294_ADDR[29:0]$303.
Removed top 8 bits (of 32) from wire SOC.$flatten\RAM.$0$memwr$\MEM$cores/bram/bram.v:26$294_EN[31:0]$305.
Removed top 17 bits (of 30) from wire SOC.$flatten\RAM.$0$memwr$\MEM$cores/bram/bram.v:27$295_ADDR[29:0]$306.
Removed top 26 bits (of 32) from wire SOC.$flatten\bcd2bin0.\bcd2bin0.\control0.$add$cores/bin2bcd/ctrl_b2b.v:63$502_Y.
Removed top 27 bits (of 32) from wire SOC.$flatten\bcd2bin0.\bcd2bin0.\count0.$sub$cores/bin2bcd/count.v:16$507_Y.
Removed top 26 bits (of 32) from wire SOC.$flatten\bin2bcd0.\bin2bcd0.\control0.$add$cores/bin2bcd/ctrl_b2b.v:63$502_Y.
Removed top 27 bits (of 32) from wire SOC.$flatten\bin2bcd0.\bin2bcd0.\count0.$sub$cores/bin2bcd/count.v:16$507_Y.
Removed top 20 bits (of 36) from wire SOC.$flatten\bin2bcd0.\bin2bcd0.\lsr40.$0\data[35:0].
Removed top 5 bits (of 6) from wire SOC.$flatten\div1.$ternary$cores/divider_ASM/peripheral_div.v:31$257_Y.
Removed top 4 bits (of 6) from wire SOC.$flatten\div1.$ternary$cores/divider_ASM/peripheral_div.v:32$259_Y.
Removed top 3 bits (of 6) from wire SOC.$flatten\div1.$ternary$cores/divider_ASM/peripheral_div.v:33$261_Y.
Removed top 2 bits (of 6) from wire SOC.$flatten\div1.$ternary$cores/divider_ASM/peripheral_div.v:35$263_Y.
Removed top 1 bits (of 6) from wire SOC.$flatten\div1.$ternary$cores/divider_ASM/peripheral_div.v:36$265_Y.
Removed top 27 bits (of 32) from wire SOC.$flatten\div1.\d_16.\ctr_dv.$sub$cores/divider_ASM/div_16/counter_div.v:16$551_Y.
Removed top 16 bits (of 32) from wire SOC.$flatten\div1.\d_16.\sb.$add$cores/divider_ASM/div_16/subtractor.v:8$558_Y.
Removed top 17 bits (of 32) from wire SOC.$flatten\div1.\d_16.\sb.$add$cores/divider_ASM/div_16/subtractor.v:8$559_Y.
Removed top 2 bits (of 3) from wire SOC.$flatten\mult1.\mult1.\control0.$3\state[2:0].
Removed top 2 bits (of 3) from wire SOC.$flatten\mult1.\mult1.\control0.$4\state[2:0].
Removed top 28 bits (of 32) from wire SOC.$flatten\mult1.\mult1.\control0.$add$cores/mult_ASM/control_mult.v:84$563_Y.
Removed top 16 bits (of 32) from wire SOC.$flatten\mult1.\mult1.\lsr0.$0\s_A[31:0].
Removed top 16 bits (of 32) from wire SOC.$flatten\mult1.\mult1.\lsr0.$2\s_A[31:0].
Removed top 22 bits (of 32) from wire SOC.$flatten\per_uart.$0\d_out[31:0].
Removed top 5 bits (of 8) from wire SOC.$flatten\per_uart.$0\uart_ctrl[7:0].
Removed top 1 bits (of 2) from wire SOC.$flatten\per_uart.$ternary$cores/uart/perip_uart.v:31$281_Y.
Removed top 28 bits (of 32) from wire SOC.$flatten\per_uart.\uart0.$add$cores/uart/uart.v:137$494_Y.
Removed top 28 bits (of 32) from wire SOC.$flatten\per_uart.\uart0.$add$cores/uart/uart.v:140$497_Y.
Removed top 16 bits (of 32) from wire SOC.$flatten\sqrt1.\sqrt0.\addsub0.$add$cores/sqrt_ASM/addc2.v:8$543_Y.
Removed top 16 bits (of 32) from wire SOC.$flatten\sqrt1.\sqrt0.\addsub0.$not$cores/sqrt_ASM/addc2.v:8$542_Y.
Removed top 24 bits (of 32) from wire SOC.$flatten\sqrt1.\sqrt0.\control0.$add$cores/sqrt_ASM/control.v:76$531_Y.
Removed top 31 bits (of 32) from wire SOC.$flatten\sqrt1.\sqrt0.\count0.$sub$cores/sqrt_ASM/count.v:16$536_Y.
Removed top 16 bits (of 32) from wire SOC.$flatten\sqrt1.\sqrt0.\lsr20.$0\data[31:0].
Removed top 4 bits (of 16) from wire SOC.$flatten\sqrt1.\sqrt0.\lsr20.$procmux$901_Y.
Removed top 15 bits (of 16) from wire SOC.$flatten\sqrt1.\sqrt0.\lsr_R.$procmux$915_Y.
Removed top 15 bits (of 16) from wire SOC.$flatten\sqrt1.\sqrt0.\lsr_R.$procmux$917_Y.
Removed top 5 bits (of 32) from wire SOC.bin2bcd_dout.
Removed top 30 bits (of 32) from wire SOC.mem_addr.
Removed top 24 bits (of 32) from wire SOC.mem_wdata.

38.16. Executing PEEPOPT pass (run peephole optimizers).

38.17. Executing OPT_CLEAN pass (remove unused cells and wires).
Finding unused cells or wires in module \SOC..
Removed 0 unused cells and 56 unused wires.

38.18. Executing SHARE pass (SAT-based resource sharing).

38.19. Executing TECHMAP pass (map to technology primitives).

38.19.1. Executing Verilog-2005 frontend: /home/chema/miniconda3/envs/digital/bin/../share/yosys/cmp2lut.v
Parsing Verilog input from `/home/chema/miniconda3/envs/digital/bin/../share/yosys/cmp2lut.v' to AST representation.
Generating RTLIL representation for module `\_90_lut_cmp_'.
Successfully finished Verilog frontend.

38.19.2. Continuing TECHMAP pass.
Using template $paramod$c587df7f4d6fcb3f617e4a17538ea7914983f3cc\_90_lut_cmp_ for cells of type $gt.
No more expansions possible.

38.20. Executing OPT_EXPR pass (perform const folding).
Optimizing module SOC.

38.21. Executing OPT_CLEAN pass (remove unused cells and wires).
Finding unused cells or wires in module \SOC..
Removed 0 unused cells and 3 unused wires.

38.22. Executing TECHMAP pass (map to technology primitives).

38.22.1. Executing Verilog-2005 frontend: /home/chema/miniconda3/envs/digital/bin/../share/yosys/mul2dsp.v
Parsing Verilog input from `/home/chema/miniconda3/envs/digital/bin/../share/yosys/mul2dsp.v' to AST representation.
Generating RTLIL representation for module `\_80_mul'.
Generating RTLIL representation for module `\_90_soft_mul'.
Successfully finished Verilog frontend.

38.22.2. Executing Verilog-2005 frontend: /home/chema/miniconda3/envs/digital/bin/../share/yosys/ecp5/dsp_map.v
Parsing Verilog input from `/home/chema/miniconda3/envs/digital/bin/../share/yosys/ecp5/dsp_map.v' to AST representation.
Generating RTLIL representation for module `\$__MUL18X18'.
Successfully finished Verilog frontend.

38.22.3. Continuing TECHMAP pass.
No more expansions possible.

38.23. Executing ALUMACC pass (create $alu and $macc cells).
Extracting $alu and $macc cells in module SOC:
  creating $macc model for $flatten\CPU.$add$cores/cpu/femtorv32_quark_V2.v:110$342 ($add).
  creating $macc model for $flatten\CPU.$add$cores/cpu/femtorv32_quark_V2.v:115$344 ($add).
  creating $macc model for $flatten\CPU.$add$cores/cpu/femtorv32_quark_V2.v:115$345 ($add).
  creating $macc model for $flatten\CPU.$add$cores/cpu/femtorv32_quark_V2.v:123$350 ($add).
  creating $macc model for $flatten\CPU.$add$cores/cpu/femtorv32_quark_V2.v:161$387 ($add).
  creating $macc model for $flatten\CPU.$add$cores/cpu/femtorv32_quark_V2.v:165$388 ($add).
  creating $macc model for $flatten\CPU.$add$cores/cpu/femtorv32_quark_V2.v:294$474 ($add).
  creating $macc model for $flatten\CPU.$sub$cores/cpu/femtorv32_quark_V2.v:206$425 ($sub).
  creating $macc model for $flatten\bcd2bin0.\bcd2bin0.\comp0.$add$cores/bin2bcd/add_sub_c2.v:8$515 ($add).
  creating $macc model for $flatten\bcd2bin0.\bcd2bin0.\comp1.$add$cores/bin2bcd/add_sub_c2.v:8$515 ($add).
  creating $macc model for $flatten\bcd2bin0.\bcd2bin0.\comp2.$add$cores/bin2bcd/add_sub_c2.v:8$515 ($add).
  creating $macc model for $flatten\bcd2bin0.\bcd2bin0.\comp3.$add$cores/bin2bcd/add_sub_c2.v:8$515 ($add).
  creating $macc model for $flatten\bcd2bin0.\bcd2bin0.\comp4.$add$cores/bin2bcd/add_sub_c2.v:8$515 ($add).
  creating $macc model for $flatten\bcd2bin0.\bcd2bin0.\control0.$add$cores/bin2bcd/ctrl_b2b.v:63$502 ($add).
  creating $macc model for $flatten\bcd2bin0.\bcd2bin0.\count0.$sub$cores/bin2bcd/count.v:16$507 ($sub).
  creating $macc model for $flatten\bin2bcd0.\bin2bcd0.\comp0.$add$cores/bin2bcd/add_sub_c2.v:8$515 ($add).
  creating $macc model for $flatten\bin2bcd0.\bin2bcd0.\comp1.$add$cores/bin2bcd/add_sub_c2.v:8$515 ($add).
  creating $macc model for $flatten\bin2bcd0.\bin2bcd0.\comp2.$add$cores/bin2bcd/add_sub_c2.v:8$515 ($add).
  creating $macc model for $flatten\bin2bcd0.\bin2bcd0.\comp3.$add$cores/bin2bcd/add_sub_c2.v:8$515 ($add).
  creating $macc model for $flatten\bin2bcd0.\bin2bcd0.\comp4.$add$cores/bin2bcd/add_sub_c2.v:8$515 ($add).
  creating $macc model for $flatten\bin2bcd0.\bin2bcd0.\control0.$add$cores/bin2bcd/ctrl_b2b.v:63$502 ($add).
  creating $macc model for $flatten\bin2bcd0.\bin2bcd0.\count0.$sub$cores/bin2bcd/count.v:16$507 ($sub).
  creating $macc model for $flatten\div1.\d_16.\ctr_dv.$sub$cores/divider_ASM/div_16/counter_div.v:16$551 ($sub).
  creating $macc model for $flatten\div1.\d_16.\sb.$add$cores/divider_ASM/div_16/subtractor.v:8$558 ($add).
  creating $macc model for $flatten\div1.\d_16.\sb.$add$cores/divider_ASM/div_16/subtractor.v:8$559 ($add).
  creating $macc model for $flatten\mult1.\mult1.\acc0.$add$cores/mult_ASM/acc.v:15$568 ($add).
  creating $macc model for $flatten\mult1.\mult1.\control0.$add$cores/mult_ASM/control_mult.v:84$563 ($add).
  creating $macc model for $flatten\per_uart.\uart0.$add$cores/uart/uart.v:137$494 ($add).
  creating $macc model for $flatten\per_uart.\uart0.$add$cores/uart/uart.v:140$497 ($add).
  creating $macc model for $flatten\per_uart.\uart0.$add$cores/uart/uart.v:88$486 ($add).
  creating $macc model for $flatten\per_uart.\uart0.$add$cores/uart/uart.v:91$488 ($add).
  creating $macc model for $flatten\per_uart.\uart0.$sub$cores/uart/uart.v:39$480 ($sub).
  creating $macc model for $flatten\sqrt1.\sqrt0.\addsub0.$add$cores/sqrt_ASM/addc2.v:8$543 ($add).
  creating $macc model for $flatten\sqrt1.\sqrt0.\addsub0.$add$cores/sqrt_ASM/addc2.v:8$544 ($add).
  creating $macc model for $flatten\sqrt1.\sqrt0.\control0.$add$cores/sqrt_ASM/control.v:76$531 ($add).
  creating $macc model for $flatten\sqrt1.\sqrt0.\count0.$sub$cores/sqrt_ASM/count.v:16$536 ($sub).
  merging $macc model for $flatten\sqrt1.\sqrt0.\addsub0.$add$cores/sqrt_ASM/addc2.v:8$543 into $flatten\sqrt1.\sqrt0.\addsub0.$add$cores/sqrt_ASM/addc2.v:8$544.
  merging $macc model for $flatten\div1.\d_16.\sb.$add$cores/divider_ASM/div_16/subtractor.v:8$558 into $flatten\div1.\d_16.\sb.$add$cores/divider_ASM/div_16/subtractor.v:8$559.
  merging $macc model for $flatten\CPU.$add$cores/cpu/femtorv32_quark_V2.v:115$344 into $flatten\CPU.$add$cores/cpu/femtorv32_quark_V2.v:115$345.
  creating $alu model for $macc $flatten\sqrt1.\sqrt0.\addsub0.$add$cores/sqrt_ASM/addc2.v:8$544.
  creating $alu model for $macc $flatten\per_uart.\uart0.$sub$cores/uart/uart.v:39$480.
  creating $alu model for $macc $flatten\per_uart.\uart0.$add$cores/uart/uart.v:91$488.
  creating $alu model for $macc $flatten\per_uart.\uart0.$add$cores/uart/uart.v:88$486.
  creating $alu model for $macc $flatten\per_uart.\uart0.$add$cores/uart/uart.v:140$497.
  creating $alu model for $macc $flatten\per_uart.\uart0.$add$cores/uart/uart.v:137$494.
  creating $alu model for $macc $flatten\mult1.\mult1.\control0.$add$cores/mult_ASM/control_mult.v:84$563.
  creating $alu model for $macc $flatten\mult1.\mult1.\acc0.$add$cores/mult_ASM/acc.v:15$568.
  creating $alu model for $macc $flatten\div1.\d_16.\sb.$add$cores/divider_ASM/div_16/subtractor.v:8$559.
  creating $alu model for $macc $flatten\sqrt1.\sqrt0.\control0.$add$cores/sqrt_ASM/control.v:76$531.
  creating $alu model for $macc $flatten\div1.\d_16.\ctr_dv.$sub$cores/divider_ASM/div_16/counter_div.v:16$551.
  creating $alu model for $macc $flatten\bin2bcd0.\bin2bcd0.\count0.$sub$cores/bin2bcd/count.v:16$507.
  creating $alu model for $macc $flatten\bin2bcd0.\bin2bcd0.\control0.$add$cores/bin2bcd/ctrl_b2b.v:63$502.
  creating $alu model for $macc $flatten\bin2bcd0.\bin2bcd0.\comp4.$add$cores/bin2bcd/add_sub_c2.v:8$515.
  creating $alu model for $macc $flatten\bin2bcd0.\bin2bcd0.\comp3.$add$cores/bin2bcd/add_sub_c2.v:8$515.
  creating $alu model for $macc $flatten\bin2bcd0.\bin2bcd0.\comp2.$add$cores/bin2bcd/add_sub_c2.v:8$515.
  creating $alu model for $macc $flatten\bin2bcd0.\bin2bcd0.\comp1.$add$cores/bin2bcd/add_sub_c2.v:8$515.
  creating $alu model for $macc $flatten\bin2bcd0.\bin2bcd0.\comp0.$add$cores/bin2bcd/add_sub_c2.v:8$515.
  creating $alu model for $macc $flatten\bcd2bin0.\bcd2bin0.\count0.$sub$cores/bin2bcd/count.v:16$507.
  creating $alu model for $macc $flatten\bcd2bin0.\bcd2bin0.\control0.$add$cores/bin2bcd/ctrl_b2b.v:63$502.
  creating $alu model for $macc $flatten\bcd2bin0.\bcd2bin0.\comp4.$add$cores/bin2bcd/add_sub_c2.v:8$515.
  creating $alu model for $macc $flatten\bcd2bin0.\bcd2bin0.\comp3.$add$cores/bin2bcd/add_sub_c2.v:8$515.
  creating $alu model for $macc $flatten\bcd2bin0.\bcd2bin0.\comp2.$add$cores/bin2bcd/add_sub_c2.v:8$515.
  creating $alu model for $macc $flatten\bcd2bin0.\bcd2bin0.\comp1.$add$cores/bin2bcd/add_sub_c2.v:8$515.
  creating $alu model for $macc $flatten\bcd2bin0.\bcd2bin0.\comp0.$add$cores/bin2bcd/add_sub_c2.v:8$515.
  creating $alu model for $macc $flatten\CPU.$sub$cores/cpu/femtorv32_quark_V2.v:206$425.
  creating $alu model for $macc $flatten\CPU.$add$cores/cpu/femtorv32_quark_V2.v:294$474.
  creating $alu model for $macc $flatten\CPU.$add$cores/cpu/femtorv32_quark_V2.v:165$388.
  creating $alu model for $macc $flatten\CPU.$add$cores/cpu/femtorv32_quark_V2.v:161$387.
  creating $alu model for $macc $flatten\CPU.$add$cores/cpu/femtorv32_quark_V2.v:123$350.
  creating $alu model for $macc $flatten\CPU.$add$cores/cpu/femtorv32_quark_V2.v:115$345.
  creating $alu model for $macc $flatten\sqrt1.\sqrt0.\count0.$sub$cores/sqrt_ASM/count.v:16$536.
  creating $alu model for $macc $flatten\CPU.$add$cores/cpu/femtorv32_quark_V2.v:110$342.
  creating $alu model for $flatten\bcd2bin0.\bcd2bin0.\control0.$gt$cores/bin2bcd/ctrl_b2b.v:64$503 ($gt): new $alu
  creating $alu model for $flatten\bin2bcd0.\bin2bcd0.\control0.$gt$cores/bin2bcd/ctrl_b2b.v:64$503 ($gt): new $alu
  creating $alu model for $flatten\sqrt1.\sqrt0.\control0.$gt$cores/sqrt_ASM/control.v:77$532 ($gt): new $alu
  creating $alu cell for $flatten\sqrt1.\sqrt0.\control0.$gt$cores/sqrt_ASM/control.v:77$532: $auto$alumacc.cc:485:replace_alu$2535
  creating $alu cell for $flatten\bin2bcd0.\bin2bcd0.\control0.$gt$cores/bin2bcd/ctrl_b2b.v:64$503: $auto$alumacc.cc:485:replace_alu$2540
  creating $alu cell for $flatten\bcd2bin0.\bcd2bin0.\control0.$gt$cores/bin2bcd/ctrl_b2b.v:64$503: $auto$alumacc.cc:485:replace_alu$2545
  creating $alu cell for $flatten\CPU.$add$cores/cpu/femtorv32_quark_V2.v:110$342: $auto$alumacc.cc:485:replace_alu$2550
  creating $alu cell for $flatten\sqrt1.\sqrt0.\count0.$sub$cores/sqrt_ASM/count.v:16$536: $auto$alumacc.cc:485:replace_alu$2553
  creating $alu cell for $flatten\CPU.$add$cores/cpu/femtorv32_quark_V2.v:115$345: $auto$alumacc.cc:485:replace_alu$2556
  creating $alu cell for $flatten\CPU.$add$cores/cpu/femtorv32_quark_V2.v:123$350: $auto$alumacc.cc:485:replace_alu$2559
  creating $alu cell for $flatten\CPU.$add$cores/cpu/femtorv32_quark_V2.v:161$387: $auto$alumacc.cc:485:replace_alu$2562
  creating $alu cell for $flatten\CPU.$add$cores/cpu/femtorv32_quark_V2.v:165$388: $auto$alumacc.cc:485:replace_alu$2565
  creating $alu cell for $flatten\CPU.$add$cores/cpu/femtorv32_quark_V2.v:294$474: $auto$alumacc.cc:485:replace_alu$2568
  creating $alu cell for $flatten\CPU.$sub$cores/cpu/femtorv32_quark_V2.v:206$425: $auto$alumacc.cc:485:replace_alu$2571
  creating $alu cell for $flatten\bcd2bin0.\bcd2bin0.\comp0.$add$cores/bin2bcd/add_sub_c2.v:8$515: $auto$alumacc.cc:485:replace_alu$2574
  creating $alu cell for $flatten\bcd2bin0.\bcd2bin0.\comp1.$add$cores/bin2bcd/add_sub_c2.v:8$515: $auto$alumacc.cc:485:replace_alu$2577
  creating $alu cell for $flatten\bcd2bin0.\bcd2bin0.\comp2.$add$cores/bin2bcd/add_sub_c2.v:8$515: $auto$alumacc.cc:485:replace_alu$2580
  creating $alu cell for $flatten\bcd2bin0.\bcd2bin0.\comp3.$add$cores/bin2bcd/add_sub_c2.v:8$515: $auto$alumacc.cc:485:replace_alu$2583
  creating $alu cell for $flatten\bcd2bin0.\bcd2bin0.\comp4.$add$cores/bin2bcd/add_sub_c2.v:8$515: $auto$alumacc.cc:485:replace_alu$2586
  creating $alu cell for $flatten\bcd2bin0.\bcd2bin0.\control0.$add$cores/bin2bcd/ctrl_b2b.v:63$502: $auto$alumacc.cc:485:replace_alu$2589
  creating $alu cell for $flatten\bcd2bin0.\bcd2bin0.\count0.$sub$cores/bin2bcd/count.v:16$507: $auto$alumacc.cc:485:replace_alu$2592
  creating $alu cell for $flatten\bin2bcd0.\bin2bcd0.\comp0.$add$cores/bin2bcd/add_sub_c2.v:8$515: $auto$alumacc.cc:485:replace_alu$2595
  creating $alu cell for $flatten\bin2bcd0.\bin2bcd0.\comp1.$add$cores/bin2bcd/add_sub_c2.v:8$515: $auto$alumacc.cc:485:replace_alu$2598
  creating $alu cell for $flatten\bin2bcd0.\bin2bcd0.\comp2.$add$cores/bin2bcd/add_sub_c2.v:8$515: $auto$alumacc.cc:485:replace_alu$2601
  creating $alu cell for $flatten\bin2bcd0.\bin2bcd0.\comp3.$add$cores/bin2bcd/add_sub_c2.v:8$515: $auto$alumacc.cc:485:replace_alu$2604
  creating $alu cell for $flatten\bin2bcd0.\bin2bcd0.\comp4.$add$cores/bin2bcd/add_sub_c2.v:8$515: $auto$alumacc.cc:485:replace_alu$2607
  creating $alu cell for $flatten\bin2bcd0.\bin2bcd0.\control0.$add$cores/bin2bcd/ctrl_b2b.v:63$502: $auto$alumacc.cc:485:replace_alu$2610
  creating $alu cell for $flatten\bin2bcd0.\bin2bcd0.\count0.$sub$cores/bin2bcd/count.v:16$507: $auto$alumacc.cc:485:replace_alu$2613
  creating $alu cell for $flatten\div1.\d_16.\ctr_dv.$sub$cores/divider_ASM/div_16/counter_div.v:16$551: $auto$alumacc.cc:485:replace_alu$2616
  creating $alu cell for $flatten\sqrt1.\sqrt0.\control0.$add$cores/sqrt_ASM/control.v:76$531: $auto$alumacc.cc:485:replace_alu$2619
  creating $alu cell for $flatten\div1.\d_16.\sb.$add$cores/divider_ASM/div_16/subtractor.v:8$559: $auto$alumacc.cc:485:replace_alu$2622
  creating $alu cell for $flatten\mult1.\mult1.\acc0.$add$cores/mult_ASM/acc.v:15$568: $auto$alumacc.cc:485:replace_alu$2625
  creating $alu cell for $flatten\mult1.\mult1.\control0.$add$cores/mult_ASM/control_mult.v:84$563: $auto$alumacc.cc:485:replace_alu$2628
  creating $alu cell for $flatten\per_uart.\uart0.$add$cores/uart/uart.v:137$494: $auto$alumacc.cc:485:replace_alu$2631
  creating $alu cell for $flatten\per_uart.\uart0.$add$cores/uart/uart.v:140$497: $auto$alumacc.cc:485:replace_alu$2634
  creating $alu cell for $flatten\per_uart.\uart0.$add$cores/uart/uart.v:88$486: $auto$alumacc.cc:485:replace_alu$2637
  creating $alu cell for $flatten\per_uart.\uart0.$add$cores/uart/uart.v:91$488: $auto$alumacc.cc:485:replace_alu$2640
  creating $alu cell for $flatten\per_uart.\uart0.$sub$cores/uart/uart.v:39$480: $auto$alumacc.cc:485:replace_alu$2643
  creating $alu cell for $flatten\sqrt1.\sqrt0.\addsub0.$add$cores/sqrt_ASM/addc2.v:8$544: $auto$alumacc.cc:485:replace_alu$2646
  created 36 $alu and 0 $macc cells.

38.24. Executing OPT pass (performing simple optimizations).

38.24.1. Executing OPT_EXPR pass (perform const folding).
Optimizing module SOC.

38.24.2. Executing OPT_MERGE pass (detect identical cells).
Finding identical cells in module `\SOC'.
Removed a total of 0 cells.

38.24.3. Executing OPT_MUXTREE pass (detect dead branches in mux trees).
Running muxtree optimizer on module \SOC..
  Creating internal representation of mux trees.
  Evaluating internal representation of mux trees.
  Analyzing evaluation results.
Removed 0 multiplexer ports.

38.24.4. Executing OPT_REDUCE pass (consolidate $*mux and $reduce_* inputs).
  Optimizing cells in module \SOC.
Performed a total of 0 changes.

38.24.5. Executing OPT_MERGE pass (detect identical cells).
Finding identical cells in module `\SOC'.
Removed a total of 0 cells.

38.24.6. Executing OPT_DFF pass (perform DFF optimizations).
Setting constant 0-bit at position 10 on $flatten\per_uart.$procdff$1930 ($dff) from module SOC.
Setting constant 0-bit at position 11 on $flatten\per_uart.$procdff$1930 ($dff) from module SOC.
Setting constant 0-bit at position 12 on $flatten\per_uart.$procdff$1930 ($dff) from module SOC.
Setting constant 0-bit at position 13 on $flatten\per_uart.$procdff$1930 ($dff) from module SOC.
Setting constant 0-bit at position 14 on $flatten\per_uart.$procdff$1930 ($dff) from module SOC.
Setting constant 0-bit at position 15 on $flatten\per_uart.$procdff$1930 ($dff) from module SOC.
Setting constant 0-bit at position 16 on $flatten\per_uart.$procdff$1930 ($dff) from module SOC.
Setting constant 0-bit at position 17 on $flatten\per_uart.$procdff$1930 ($dff) from module SOC.
Setting constant 0-bit at position 18 on $flatten\per_uart.$procdff$1930 ($dff) from module SOC.
Setting constant 0-bit at position 19 on $flatten\per_uart.$procdff$1930 ($dff) from module SOC.
Setting constant 0-bit at position 20 on $flatten\per_uart.$procdff$1930 ($dff) from module SOC.
Setting constant 0-bit at position 21 on $flatten\per_uart.$procdff$1930 ($dff) from module SOC.
Setting constant 0-bit at position 22 on $flatten\per_uart.$procdff$1930 ($dff) from module SOC.
Setting constant 0-bit at position 23 on $flatten\per_uart.$procdff$1930 ($dff) from module SOC.
Setting constant 0-bit at position 24 on $flatten\per_uart.$procdff$1930 ($dff) from module SOC.
Setting constant 0-bit at position 25 on $flatten\per_uart.$procdff$1930 ($dff) from module SOC.
Setting constant 0-bit at position 26 on $flatten\per_uart.$procdff$1930 ($dff) from module SOC.
Setting constant 0-bit at position 27 on $flatten\per_uart.$procdff$1930 ($dff) from module SOC.
Setting constant 0-bit at position 28 on $flatten\per_uart.$procdff$1930 ($dff) from module SOC.
Setting constant 0-bit at position 29 on $flatten\per_uart.$procdff$1930 ($dff) from module SOC.
Setting constant 0-bit at position 30 on $flatten\per_uart.$procdff$1930 ($dff) from module SOC.
Setting constant 0-bit at position 31 on $flatten\per_uart.$procdff$1930 ($dff) from module SOC.

38.24.7. Executing OPT_CLEAN pass (remove unused cells and wires).
Finding unused cells or wires in module \SOC..
Removed 3 unused cells and 6 unused wires.

38.24.8. Executing OPT_EXPR pass (perform const folding).
Optimizing module SOC.

38.24.9. Rerunning OPT passes. (Maybe there is more to do..)

38.24.10. Executing OPT_MUXTREE pass (detect dead branches in mux trees).
Running muxtree optimizer on module \SOC..
  Creating internal representation of mux trees.
  Evaluating internal representation of mux trees.
  Analyzing evaluation results.
Removed 0 multiplexer ports.

38.24.11. Executing OPT_REDUCE pass (consolidate $*mux and $reduce_* inputs).
  Optimizing cells in module \SOC.
Performed a total of 0 changes.

38.24.12. Executing OPT_MERGE pass (detect identical cells).
Finding identical cells in module `\SOC'.
Removed a total of 0 cells.

38.24.13. Executing OPT_DFF pass (perform DFF optimizations).

38.24.14. Executing OPT_CLEAN pass (remove unused cells and wires).
Finding unused cells or wires in module \SOC..

38.24.15. Executing OPT_EXPR pass (perform const folding).
Optimizing module SOC.

38.24.16. Finished OPT passes. (There is nothing left to do.)

38.25. Executing MEMORY pass.

38.25.1. Executing OPT_MEM pass (optimize memories).
Performed a total of 96 transformations.

38.25.2. Executing OPT_MEM_PRIORITY pass (removing unnecessary memory write priority relations).
Performed a total of 6 transformations.

38.25.3. Executing OPT_MEM_FEEDBACK pass (finding memory read-to-write feedback paths).
  Analyzing SOC.CPU.registerFile write port 0.
  Analyzing SOC.CPU.registerFile write port 1.
  Analyzing SOC.RAM.MEM write port 0.
  Analyzing SOC.RAM.MEM write port 1.
  Analyzing SOC.RAM.MEM write port 2.
  Analyzing SOC.RAM.MEM write port 3.

38.25.4. Executing MEMORY_BMUX2ROM pass (converting muxes to ROMs).

38.25.5. Executing MEMORY_DFF pass (merging $dff cells to $memrd).
Checking read port `\CPU.registerFile'[0] in module `\SOC': merging output FF to cell.
    Write port 0: don't care on collision.
    Write port 1: non-transparent.
Checking read port `\CPU.registerFile'[1] in module `\SOC': merging output FF to cell.
    Write port 0: don't care on collision.
    Write port 1: non-transparent.
Checking read port `\RAM.MEM'[0] in module `\SOC': merging output FF to cell.
    Write port 0: non-transparent.
    Write port 1: non-transparent.
    Write port 2: non-transparent.
    Write port 3: non-transparent.

38.25.6. Executing OPT_CLEAN pass (remove unused cells and wires).
Finding unused cells or wires in module \SOC..
Removed 3 unused cells and 99 unused wires.

38.25.7. Executing MEMORY_SHARE pass (consolidating $memrd/$memwr cells).
Consolidating read ports of memory SOC.CPU.registerFile by address:
Consolidating write ports of memory SOC.CPU.registerFile by address:
Consolidating write ports of memory SOC.RAM.MEM by address:
  Merging ports 0, 1 (address \RAM.mem_addr [14:2]).
  Merging ports 0, 2 (address \RAM.mem_addr [14:2]).
  Merging ports 0, 3 (address \RAM.mem_addr [14:2]).
Consolidating write ports of memory SOC.CPU.registerFile using sat-based resource sharing:
  Checking group clocked with posedge \clk, width 32: ports 0, 1.
  Common input cone for all EN signals: 11 cells.
  Size of unconstrained SAT problem: 87 variables, 205 clauses
  Merging port 1 into port 0.

38.25.8. Executing OPT_MEM_WIDEN pass (optimize memories where all ports are wide).
Performed a total of 0 transformations.

38.25.9. Executing OPT_CLEAN pass (remove unused cells and wires).
Finding unused cells or wires in module \SOC..
Removed 4 unused cells and 4 unused wires.

38.25.10. Executing MEMORY_COLLECT pass (generating $mem cells).

38.26. Executing OPT_CLEAN pass (remove unused cells and wires).
Finding unused cells or wires in module \SOC..

38.27. Executing MEMORY_LIBMAP pass (mapping memories to cells).
mapping memory SOC.CPU.registerFile via $__TRELLIS_DPR16X4_
Extracted data FF from read port 0 of SOC.CPU.registerFile: $\CPU.registerFile$rdreg[0]
Extracted data FF from read port 1 of SOC.CPU.registerFile: $\CPU.registerFile$rdreg[1]
mapping memory SOC.RAM.MEM via $__ECP5_PDPW16KD_

38.28. Executing TECHMAP pass (map to technology primitives).

38.28.1. Executing Verilog-2005 frontend: /home/chema/miniconda3/envs/digital/bin/../share/yosys/ecp5/lutrams_map.v
Parsing Verilog input from `/home/chema/miniconda3/envs/digital/bin/../share/yosys/ecp5/lutrams_map.v' to AST representation.
Generating RTLIL representation for module `\$__TRELLIS_DPR16X4_'.
Successfully finished Verilog frontend.

38.28.2. Executing Verilog-2005 frontend: /home/chema/miniconda3/envs/digital/bin/../share/yosys/ecp5/brams_map.v
Parsing Verilog input from `/home/chema/miniconda3/envs/digital/bin/../share/yosys/ecp5/brams_map.v' to AST representation.
Generating RTLIL representation for module `\$__ECP5_DP16KD_'.
Generating RTLIL representation for module `\$__ECP5_PDPW16KD_'.
Successfully finished Verilog frontend.

38.28.3. Continuing TECHMAP pass.
Using template $paramod$04778961cc1285a5efea28f98f28381eb2862208\$__TRELLIS_DPR16X4_ for cells of type $__TRELLIS_DPR16X4_.
Using template $paramod$514fc941ac1ae997c717a8e6a1180ed8e0cf8fa9\$__TRELLIS_DPR16X4_ for cells of type $__TRELLIS_DPR16X4_.
Using template $paramod$c6e96488baac07d5162e7b33336641cd56fd4807\$__ECP5_PDPW16KD_ for cells of type $__ECP5_PDPW16KD_.
Using template $paramod$02d10cc8049219b734b94ed56325542341e7b150\$__ECP5_PDPW16KD_ for cells of type $__ECP5_PDPW16KD_.
No more expansions possible.

38.29. Executing OPT pass (performing simple optimizations).

38.29.1. Executing OPT_EXPR pass (perform const folding).
Optimizing module SOC.

38.29.2. Executing OPT_MERGE pass (detect identical cells).
Finding identical cells in module `\SOC'.
Removed a total of 2 cells.

38.29.3. Executing OPT_DFF pass (perform DFF optimizations).
Adding EN signal on $auto$ff.cc:266:slice$2477 ($sdffe) from module SOC (D = $flatten\CPU.$ternary$cores/cpu/femtorv32_quark_V2.v:271$465_Y [1:0], Q = \CPU.PC [1:0]).
Adding SRST signal on $auto$ff.cc:266:slice$2361 ($dffe) from module SOC (D = \div1.d_16.lsr_d.OUT_R [15:1], Q = \div1.d_out [15:1], rval = 15'000000000000000).
Adding SRST signal on $auto$ff.cc:266:slice$2301 ($dffe) from module SOC (D = $techmap2531$flatten\mult1.\mult1.\control0.$gt$cores/mult_ASM/control_mult.v:85$564.A, Q = \mult1.mult1.control0.count, rval = 4'0000).

38.29.4. Executing OPT_CLEAN pass (remove unused cells and wires).
Finding unused cells or wires in module \SOC..
Removed 5 unused cells and 418 unused wires.

38.29.5. Rerunning OPT passes. (Removed registers in this run.)

38.29.6. Executing OPT_EXPR pass (perform const folding).
Optimizing module SOC.

38.29.7. Executing OPT_MERGE pass (detect identical cells).
Finding identical cells in module `\SOC'.
Removed a total of 0 cells.

38.29.8. Executing OPT_DFF pass (perform DFF optimizations).
Adding SRST signal on $auto$ff.cc:266:slice$2369 ($dffe) from module SOC (D = \bin2bcd0.A [0], Q = \bin2bcd0.bin2bcd0.lsr40.data [0], rval = 1'0).
Adding SRST signal on $auto$ff.cc:266:slice$2297 ($dffe) from module SOC (D = \mult1.A [0], Q = \mult1.mult1.lsr0.s_A [0], rval = 1'0).
Adding SRST signal on $auto$ff.cc:266:slice$2292 ($dffe) from module SOC (D = \mult1.B [15], Q = \mult1.mult1.rsr0.s_B [15], rval = 1'0).
Adding SRST signal on $auto$ff.cc:266:slice$2215 ($dffe) from module SOC (D = \sqrt1.A [1:0], Q = \sqrt1.sqrt0.lsr20.data [1:0], rval = 2'00).
Setting constant 1-bit at position 0 on $auto$fsm_map.cc:172:map_fsm$2102 ($dff) from module SOC.
Setting constant 0-bit at position 2 on $auto$fsm_map.cc:172:map_fsm$2102 ($dff) from module SOC.

38.29.9. Executing OPT_CLEAN pass (remove unused cells and wires).
Finding unused cells or wires in module \SOC..
Removed 0 unused cells and 1 unused wires.

38.29.10. Rerunning OPT passes. (Removed registers in this run.)

38.29.11. Executing OPT_EXPR pass (perform const folding).
Optimizing module SOC.

38.29.12. Executing OPT_MERGE pass (detect identical cells).
Finding identical cells in module `\SOC'.
Removed a total of 0 cells.

38.29.13. Executing OPT_DFF pass (perform DFF optimizations).

38.29.14. Executing OPT_CLEAN pass (remove unused cells and wires).
Finding unused cells or wires in module \SOC..
Removed 8 unused cells and 23 unused wires.

38.29.15. Finished fast OPT passes.

38.30. Executing MEMORY_MAP pass (converting memories to logic and flip-flops).

38.31. Executing OPT pass (performing simple optimizations).

38.31.1. Executing OPT_EXPR pass (perform const folding).
Optimizing module SOC.

38.31.2. Executing OPT_MERGE pass (detect identical cells).
Finding identical cells in module `\SOC'.
Removed a total of 0 cells.

38.31.3. Executing OPT_MUXTREE pass (detect dead branches in mux trees).
Running muxtree optimizer on module \SOC..
  Creating internal representation of mux trees.
  Evaluating internal representation of mux trees.
      Replacing known input bits on port B of cell $auto$memory_share.cc:453:consolidate_wr_using_sat$2760: $auto$rtlil.cc:2416:ReduceOr$2754 -> 1'1
  Analyzing evaluation results.
Removed 0 multiplexer ports.

38.31.4. Executing OPT_REDUCE pass (consolidate $*mux and $reduce_* inputs).
  Optimizing cells in module \SOC.
    Consolidated identical input bits for $mux cell $flatten\CPU.$procmux$1457:
      Old ports: A=4'0001, B=4'100x, Y=$flatten\CPU.$procmux$1457_Y
      New ports: A=2'01, B=2'1x, Y={ $flatten\CPU.$procmux$1457_Y [3] $flatten\CPU.$procmux$1457_Y [0] }
      New connections: $flatten\CPU.$procmux$1457_Y [2:1] = 2'00
    Consolidated identical input bits for $mux cell $flatten\CPU.$ternary$cores/cpu/femtorv32_quark_V2.v:162$385:
      Old ports: A={ \CPU.instr [29] \CPU.instr [29] \CPU.instr [29] \CPU.instr [29] \CPU.instr [29] \CPU.instr [29] \CPU.instr [29] \CPU.instr [29] \CPU.instr [29] \CPU.instr [29] \CPU.instr [29] \CPU.instr [29] \CPU.instr [5] \CPU.instr [28:23] \CPU.instr [9:6] 1'0 }, B={ \CPU.instr [21:10] 12'000000000000 }, Y=$flatten\CPU.$ternary$cores/cpu/femtorv32_quark_V2.v:162$385_Y
      New ports: A={ \CPU.instr [29] \CPU.instr [29] \CPU.instr [29] \CPU.instr [29] \CPU.instr [29] \CPU.instr [29] \CPU.instr [29] \CPU.instr [29] \CPU.instr [29] \CPU.instr [29] \CPU.instr [29] \CPU.instr [29] \CPU.instr [5] \CPU.instr [28:23] \CPU.instr [9:6] }, B={ \CPU.instr [21:10] 11'00000000000 }, Y=$flatten\CPU.$ternary$cores/cpu/femtorv32_quark_V2.v:162$385_Y [23:1]
      New connections: $flatten\CPU.$ternary$cores/cpu/femtorv32_quark_V2.v:162$385_Y [0] = 1'0
    Consolidated identical input bits for $mux cell $flatten\CPU.$ternary$cores/cpu/femtorv32_quark_V2.v:173$394:
      Old ports: A=0, B={ \CPU.instr [29:10] 12'000000000000 }, Y=$flatten\CPU.$ternary$cores/cpu/femtorv32_quark_V2.v:173$394_Y
      New ports: A=20'00000000000000000000, B=\CPU.instr [29:10], Y=$flatten\CPU.$ternary$cores/cpu/femtorv32_quark_V2.v:173$394_Y [31:12]
      New connections: $flatten\CPU.$ternary$cores/cpu/femtorv32_quark_V2.v:173$394_Y [11:0] = 12'000000000000
    Consolidated identical input bits for $mux cell $flatten\CPU.$ternary$cores/cpu/femtorv32_quark_V2.v:223$443:
      Old ports: A=4'0100, B=4'1000, Y=$flatten\CPU.$ternary$cores/cpu/femtorv32_quark_V2.v:223$443_Y
      New ports: A=2'01, B=2'10, Y=$flatten\CPU.$ternary$cores/cpu/femtorv32_quark_V2.v:223$443_Y [3:2]
      New connections: $flatten\CPU.$ternary$cores/cpu/femtorv32_quark_V2.v:223$443_Y [1:0] = 2'00
    Consolidated identical input bits for $mux cell $flatten\CPU.$ternary$cores/cpu/femtorv32_quark_V2.v:227$446:
      Old ports: A=4'0011, B=4'1100, Y=$flatten\CPU.$ternary$cores/cpu/femtorv32_quark_V2.v:227$446_Y
      New ports: A=2'01, B=2'10, Y={ $flatten\CPU.$ternary$cores/cpu/femtorv32_quark_V2.v:227$446_Y [2] $flatten\CPU.$ternary$cores/cpu/femtorv32_quark_V2.v:227$446_Y [0] }
      New connections: { $flatten\CPU.$ternary$cores/cpu/femtorv32_quark_V2.v:227$446_Y [3] $flatten\CPU.$ternary$cores/cpu/femtorv32_quark_V2.v:227$446_Y [1] } = { $flatten\CPU.$ternary$cores/cpu/femtorv32_quark_V2.v:227$446_Y [2] $flatten\CPU.$ternary$cores/cpu/femtorv32_quark_V2.v:227$446_Y [0] }
    Consolidated identical input bits for $mux cell $flatten\CPU.$ternary$cores/cpu/femtorv32_quark_V2.v:274$466:
      Old ports: A=4'0001, B=4'1000, Y=$auto$wreduce.cc:461:run$2487 [3:0]
      New ports: A=2'01, B=2'10, Y={ $auto$wreduce.cc:461:run$2487 [3] $auto$wreduce.cc:461:run$2487 [0] }
      New connections: $auto$wreduce.cc:461:run$2487 [2:1] = 2'00
    Consolidated identical input bits for $mux cell $flatten\bcd2bin0.$procmux$1780:
      Old ports: A={ 16'0000000000000000 \bcd2bin0.bcd2bin0.rsr40.data [15:0] }, B={ 31'0000000000000000000000000000000 \bcd2bin0.bcd2bin0.control0.state [4] }, Y=$flatten\bcd2bin0.$3\d_out[31:0]
      New ports: A=\bcd2bin0.bcd2bin0.rsr40.data [15:0], B={ 15'000000000000000 \bcd2bin0.bcd2bin0.control0.state [4] }, Y=$flatten\bcd2bin0.$3\d_out[31:0] [15:0]
      New connections: $flatten\bcd2bin0.$3\d_out[31:0] [31:16] = 16'0000000000000000
    Consolidated identical input bits for $pmux cell $flatten\bcd2bin0.$procmux$1817:
      Old ports: A=5'00000, B=20'00001001000100010000, Y=$flatten\bcd2bin0.$2\s[4:0]
      New ports: A=4'0000, B=16'0001001001001000, Y={ $flatten\bcd2bin0.$2\s[4:0] [4:2] $flatten\bcd2bin0.$2\s[4:0] [0] }
      New connections: $flatten\bcd2bin0.$2\s[4:0] [1] = 1'0
    Consolidated identical input bits for $mux cell $flatten\bcd2bin0.\bcd2bin0.\mux0.$procmux$1130:
      Old ports: A=3'101, B=3'011, Y=\bcd2bin0.bcd2bin0.comp0.in_B [2:0]
      New ports: A=2'10, B=2'01, Y=\bcd2bin0.bcd2bin0.comp0.in_B [2:1]
      New connections: \bcd2bin0.bcd2bin0.comp0.in_B [0] = 1'1
    Consolidated identical input bits for $mux cell $flatten\bin2bcd0.$procmux$1731:
      Old ports: A={ 12'000000000000 \bin2bcd0.bin2bcd0.lsr40.data [35:16] }, B={ 31'0000000000000000000000000000000 \bin2bcd0.bin2bcd0.control0.state [4] }, Y=$flatten\bin2bcd0.$3\d_out[31:0]
      New ports: A=\bin2bcd0.bin2bcd0.lsr40.data [35:16], B={ 19'0000000000000000000 \bin2bcd0.bin2bcd0.control0.state [4] }, Y=$flatten\bin2bcd0.$3\d_out[31:0] [19:0]
      New connections: $flatten\bin2bcd0.$3\d_out[31:0] [31:20] = 12'000000000000
    Consolidated identical input bits for $mux cell $flatten\bin2bcd0.\bin2bcd0.\mux0.$procmux$1130:
      Old ports: A=4'0011, B=4'1011, Y=\bin2bcd0.bin2bcd0.comp0.in_B
      New ports: A=1'0, B=1'1, Y=\bin2bcd0.bin2bcd0.comp0.in_B [3]
      New connections: \bin2bcd0.bin2bcd0.comp0.in_B [2:0] = 3'011
    Consolidated identical input bits for $pmux cell $flatten\div1.$procmux$1674:
      Old ports: A=6'000000, B={ 5'00000 $auto$wreduce.cc:461:run$2500 [0] 4'0000 $auto$wreduce.cc:461:run$2501 [1:0] 3'000 $auto$wreduce.cc:461:run$2502 [2:0] 2'00 $auto$wreduce.cc:461:run$2503 [3:0] 1'0 $auto$wreduce.cc:461:run$2504 [4:0] }, Y=\div1.s
      New ports: A=5'00000, B={ 4'0000 $auto$wreduce.cc:461:run$2500 [0] 3'000 $auto$wreduce.cc:461:run$2501 [1:0] 2'00 $auto$wreduce.cc:461:run$2502 [2:0] 1'0 $auto$wreduce.cc:461:run$2503 [3:0] $auto$wreduce.cc:461:run$2504 [4:0] }, Y=\div1.s [4:0]
      New connections: \div1.s [5] = 1'0
    Consolidated identical input bits for $mux cell $flatten\div1.$ternary$cores/divider_ASM/peripheral_div.v:32$259:
      Old ports: A=2'00, B=2'10, Y=$auto$wreduce.cc:461:run$2501 [1:0]
      New ports: A=1'0, B=1'1, Y=$auto$wreduce.cc:461:run$2501 [1]
      New connections: $auto$wreduce.cc:461:run$2501 [0] = 1'0
    Consolidated identical input bits for $mux cell $flatten\div1.$ternary$cores/divider_ASM/peripheral_div.v:33$261:
      Old ports: A=3'000, B=3'100, Y=$auto$wreduce.cc:461:run$2502 [2:0]
      New ports: A=1'0, B=1'1, Y=$auto$wreduce.cc:461:run$2502 [2]
      New connections: $auto$wreduce.cc:461:run$2502 [1:0] = 2'00
    Consolidated identical input bits for $mux cell $flatten\div1.$ternary$cores/divider_ASM/peripheral_div.v:35$263:
      Old ports: A=4'0000, B=4'1000, Y=$auto$wreduce.cc:461:run$2503 [3:0]
      New ports: A=1'0, B=1'1, Y=$auto$wreduce.cc:461:run$2503 [3]
      New connections: $auto$wreduce.cc:461:run$2503 [2:0] = 3'000
    Consolidated identical input bits for $mux cell $flatten\div1.$ternary$cores/divider_ASM/peripheral_div.v:36$265:
      Old ports: A=5'00000, B=5'10000, Y=$auto$wreduce.cc:461:run$2504 [4:0]
      New ports: A=1'0, B=1'1, Y=$auto$wreduce.cc:461:run$2504 [4]
      New connections: $auto$wreduce.cc:461:run$2504 [3:0] = 4'0000
    Consolidated identical input bits for $mux cell $flatten\mult1.\mult1.\control0.$procmux$632:
      Old ports: A=3'001, B=3'100, Y=$flatten\mult1.\mult1.\control0.$5\state[2:0]
      New ports: A=2'01, B=2'10, Y={ $flatten\mult1.\mult1.\control0.$5\state[2:0] [2] $flatten\mult1.\mult1.\control0.$5\state[2:0] [0] }
      New connections: $flatten\mult1.\mult1.\control0.$5\state[2:0] [1] = 1'0
    Consolidated identical input bits for $mux cell $flatten\mult1.\mult1.\control0.$ternary$cores/mult_ASM/control_mult.v:85$565:
      Old ports: A=3'100, B=3'000, Y=$flatten\mult1.\mult1.\control0.$ternary$cores/mult_ASM/control_mult.v:85$565_Y
      New ports: A=1'1, B=1'0, Y=$flatten\mult1.\mult1.\control0.$ternary$cores/mult_ASM/control_mult.v:85$565_Y [2]
      New connections: $flatten\mult1.\mult1.\control0.$ternary$cores/mult_ASM/control_mult.v:85$565_Y [1:0] = 2'00
    Consolidated identical input bits for $mux cell $flatten\per_uart.$ternary$cores/uart/perip_uart.v:32$282:
      Old ports: A=2'00, B=2'10, Y=$flatten\per_uart.$ternary$cores/uart/perip_uart.v:32$282_Y
      New ports: A=1'0, B=1'1, Y=$flatten\per_uart.$ternary$cores/uart/perip_uart.v:32$282_Y [1]
      New connections: $flatten\per_uart.$ternary$cores/uart/perip_uart.v:32$282_Y [0] = 1'0
    Consolidated identical input bits for $mux cell $flatten\sqrt1.$procmux$1682:
      Old ports: A={ 16'0000000000000000 \sqrt1.sqrt0.lsr_R.out_r }, B={ 31'0000000000000000000000000000000 \sqrt1.sqrt0.control0.state [3] }, Y=$flatten\sqrt1.$3\d_out[31:0]
      New ports: A=\sqrt1.sqrt0.lsr_R.out_r, B={ 15'000000000000000 \sqrt1.sqrt0.control0.state [3] }, Y=$flatten\sqrt1.$3\d_out[31:0] [15:0]
      New connections: $flatten\sqrt1.$3\d_out[31:0] [31:16] = 16'0000000000000000
  Optimizing cells in module \SOC.
    Consolidated identical input bits for $mux cell $flatten\CPU.$ternary$cores/cpu/femtorv32_quark_V2.v:161$386:
      Old ports: A=$flatten\CPU.$ternary$cores/cpu/femtorv32_quark_V2.v:162$385_Y, B={ \CPU.instr [29] \CPU.instr [29] \CPU.instr [29] \CPU.instr [29] \CPU.instr [17:10] \CPU.instr [18] \CPU.instr [28:19] 1'0 }, Y=$flatten\CPU.$ternary$cores/cpu/femtorv32_quark_V2.v:161$386_Y
      New ports: A=$flatten\CPU.$ternary$cores/cpu/femtorv32_quark_V2.v:162$385_Y [23:1], B={ \CPU.instr [29] \CPU.instr [29] \CPU.instr [29] \CPU.instr [29] \CPU.instr [17:10] \CPU.instr [18] \CPU.instr [28:19] }, Y=$flatten\CPU.$ternary$cores/cpu/femtorv32_quark_V2.v:161$386_Y [23:1]
      New connections: $flatten\CPU.$ternary$cores/cpu/femtorv32_quark_V2.v:161$386_Y [0] = 1'0
    Consolidated identical input bits for $mux cell $flatten\CPU.$ternary$cores/cpu/femtorv32_quark_V2.v:226$447:
      Old ports: A=4'1111, B=$flatten\CPU.$ternary$cores/cpu/femtorv32_quark_V2.v:227$446_Y, Y=$flatten\CPU.$ternary$cores/cpu/femtorv32_quark_V2.v:226$447_Y
      New ports: A=2'11, B={ $flatten\CPU.$ternary$cores/cpu/femtorv32_quark_V2.v:227$446_Y [2] $flatten\CPU.$ternary$cores/cpu/femtorv32_quark_V2.v:227$446_Y [0] }, Y={ $flatten\CPU.$ternary$cores/cpu/femtorv32_quark_V2.v:226$447_Y [2] $flatten\CPU.$ternary$cores/cpu/femtorv32_quark_V2.v:226$447_Y [0] }
      New connections: { $flatten\CPU.$ternary$cores/cpu/femtorv32_quark_V2.v:226$447_Y [3] $flatten\CPU.$ternary$cores/cpu/femtorv32_quark_V2.v:226$447_Y [1] } = { $flatten\CPU.$ternary$cores/cpu/femtorv32_quark_V2.v:226$447_Y [2] $flatten\CPU.$ternary$cores/cpu/femtorv32_quark_V2.v:226$447_Y [0] }
    Consolidated identical input bits for $mux cell $flatten\bcd2bin0.$procmux$1825:
      Old ports: A=5'00000, B=$flatten\bcd2bin0.$2\s[4:0], Y=\bcd2bin0.s
      New ports: A=4'0000, B={ $flatten\bcd2bin0.$2\s[4:0] [4:2] $flatten\bcd2bin0.$2\s[4:0] [0] }, Y={ \bcd2bin0.s [4:2] \bcd2bin0.s [0] }
      New connections: \bcd2bin0.s [1] = 1'0
    Consolidated identical input bits for $mux cell $flatten\bin2bcd0.$procmux$1776:
      Old ports: A=5'00000, B=$flatten\bcd2bin0.$2\s[4:0], Y=\bin2bcd0.s
      New ports: A=4'0000, B={ $flatten\bcd2bin0.$2\s[4:0] [4:2] $flatten\bcd2bin0.$2\s[4:0] [0] }, Y={ \bin2bcd0.s [4:2] \bin2bcd0.s [0] }
      New connections: \bin2bcd0.s [1] = 1'0
    Consolidated identical input bits for $mux cell $flatten\sqrt1.$procmux$1727:
      Old ports: A=5'00000, B=$flatten\bcd2bin0.$2\s[4:0], Y=\sqrt1.s
      New ports: A=4'0000, B={ $flatten\bcd2bin0.$2\s[4:0] [4:2] $flatten\bcd2bin0.$2\s[4:0] [0] }, Y={ \sqrt1.s [4:2] \sqrt1.s [0] }
      New connections: \sqrt1.s [1] = 1'0
  Optimizing cells in module \SOC.
Performed a total of 27 changes.

38.31.5. Executing OPT_MERGE pass (detect identical cells).
Finding identical cells in module `\SOC'.
Removed a total of 3 cells.

38.31.6. Executing OPT_DFF pass (perform DFF optimizations).
Setting constant 0-bit at position 2 on $auto$ff.cc:266:slice$3188 ($dff) from module SOC.

38.31.7. Executing OPT_CLEAN pass (remove unused cells and wires).
Finding unused cells or wires in module \SOC..
Removed 0 unused cells and 3 unused wires.

38.31.8. Executing OPT_EXPR pass (perform const folding).
Optimizing module SOC.

38.31.9. Rerunning OPT passes. (Maybe there is more to do..)

38.31.10. Executing OPT_MUXTREE pass (detect dead branches in mux trees).
Running muxtree optimizer on module \SOC..
  Creating internal representation of mux trees.
  Evaluating internal representation of mux trees.
  Analyzing evaluation results.
Removed 0 multiplexer ports.

38.31.11. Executing OPT_REDUCE pass (consolidate $*mux and $reduce_* inputs).
  Optimizing cells in module \SOC.
Performed a total of 0 changes.

38.31.12. Executing OPT_MERGE pass (detect identical cells).
Finding identical cells in module `\SOC'.
Removed a total of 1 cells.

38.31.13. Executing OPT_DFF pass (perform DFF optimizations).
Adding EN signal on $auto$ff.cc:266:slice$3172 ($sdffe) from module SOC (D = $flatten\CPU.$ternary$cores/cpu/femtorv32_quark_V2.v:271$465_Y [0], Q = \CPU.PC [0]).
Setting constant 0-bit at position 16 on $auto$ff.cc:266:slice$2236 ($sdffe) from module SOC.
Setting constant 0-bit at position 17 on $auto$ff.cc:266:slice$2236 ($sdffe) from module SOC.
Setting constant 0-bit at position 18 on $auto$ff.cc:266:slice$2236 ($sdffe) from module SOC.
Setting constant 0-bit at position 19 on $auto$ff.cc:266:slice$2236 ($sdffe) from module SOC.
Setting constant 0-bit at position 20 on $auto$ff.cc:266:slice$2236 ($sdffe) from module SOC.
Setting constant 0-bit at position 21 on $auto$ff.cc:266:slice$2236 ($sdffe) from module SOC.
Setting constant 0-bit at position 22 on $auto$ff.cc:266:slice$2236 ($sdffe) from module SOC.
Setting constant 0-bit at position 23 on $auto$ff.cc:266:slice$2236 ($sdffe) from module SOC.
Setting constant 0-bit at position 24 on $auto$ff.cc:266:slice$2236 ($sdffe) from module SOC.
Setting constant 0-bit at position 25 on $auto$ff.cc:266:slice$2236 ($sdffe) from module SOC.
Setting constant 0-bit at position 26 on $auto$ff.cc:266:slice$2236 ($sdffe) from module SOC.
Setting constant 0-bit at position 27 on $auto$ff.cc:266:slice$2236 ($sdffe) from module SOC.
Setting constant 0-bit at position 28 on $auto$ff.cc:266:slice$2236 ($sdffe) from module SOC.
Setting constant 0-bit at position 29 on $auto$ff.cc:266:slice$2236 ($sdffe) from module SOC.
Setting constant 0-bit at position 30 on $auto$ff.cc:266:slice$2236 ($sdffe) from module SOC.
Setting constant 0-bit at position 31 on $auto$ff.cc:266:slice$2236 ($sdffe) from module SOC.
Setting constant 0-bit at position 20 on $auto$ff.cc:266:slice$2402 ($sdffe) from module SOC.
Setting constant 0-bit at position 21 on $auto$ff.cc:266:slice$2402 ($sdffe) from module SOC.
Setting constant 0-bit at position 22 on $auto$ff.cc:266:slice$2402 ($sdffe) from module SOC.
Setting constant 0-bit at position 23 on $auto$ff.cc:266:slice$2402 ($sdffe) from module SOC.
Setting constant 0-bit at position 24 on $auto$ff.cc:266:slice$2402 ($sdffe) from module SOC.
Setting constant 0-bit at position 25 on $auto$ff.cc:266:slice$2402 ($sdffe) from module SOC.
Setting constant 0-bit at position 26 on $auto$ff.cc:266:slice$2402 ($sdffe) from module SOC.
Setting constant 0-bit at position 27 on $auto$ff.cc:266:slice$2402 ($sdffe) from module SOC.
Setting constant 0-bit at position 28 on $auto$ff.cc:266:slice$2402 ($sdffe) from module SOC.
Setting constant 0-bit at position 29 on $auto$ff.cc:266:slice$2402 ($sdffe) from module SOC.
Setting constant 0-bit at position 30 on $auto$ff.cc:266:slice$2402 ($sdffe) from module SOC.
Setting constant 0-bit at position 31 on $auto$ff.cc:266:slice$2402 ($sdffe) from module SOC.
Setting constant 0-bit at position 16 on $auto$ff.cc:266:slice$2442 ($sdffe) from module SOC.
Setting constant 0-bit at position 17 on $auto$ff.cc:266:slice$2442 ($sdffe) from module SOC.
Setting constant 0-bit at position 18 on $auto$ff.cc:266:slice$2442 ($sdffe) from module SOC.
Setting constant 0-bit at position 19 on $auto$ff.cc:266:slice$2442 ($sdffe) from module SOC.
Setting constant 0-bit at position 20 on $auto$ff.cc:266:slice$2442 ($sdffe) from module SOC.
Setting constant 0-bit at position 21 on $auto$ff.cc:266:slice$2442 ($sdffe) from module SOC.
Setting constant 0-bit at position 22 on $auto$ff.cc:266:slice$2442 ($sdffe) from module SOC.
Setting constant 0-bit at position 23 on $auto$ff.cc:266:slice$2442 ($sdffe) from module SOC.
Setting constant 0-bit at position 24 on $auto$ff.cc:266:slice$2442 ($sdffe) from module SOC.
Setting constant 0-bit at position 25 on $auto$ff.cc:266:slice$2442 ($sdffe) from module SOC.
Setting constant 0-bit at position 26 on $auto$ff.cc:266:slice$2442 ($sdffe) from module SOC.
Setting constant 0-bit at position 27 on $auto$ff.cc:266:slice$2442 ($sdffe) from module SOC.
Setting constant 0-bit at position 28 on $auto$ff.cc:266:slice$2442 ($sdffe) from module SOC.
Setting constant 0-bit at position 29 on $auto$ff.cc:266:slice$2442 ($sdffe) from module SOC.
Setting constant 0-bit at position 30 on $auto$ff.cc:266:slice$2442 ($sdffe) from module SOC.
Setting constant 0-bit at position 31 on $auto$ff.cc:266:slice$2442 ($sdffe) from module SOC.

38.31.14. Executing OPT_CLEAN pass (remove unused cells and wires).
Finding unused cells or wires in module \SOC..
Removed 8 unused cells and 17 unused wires.

38.31.15. Executing OPT_EXPR pass (perform const folding).
Optimizing module SOC.

38.31.16. Rerunning OPT passes. (Maybe there is more to do..)

38.31.17. Executing OPT_MUXTREE pass (detect dead branches in mux trees).
Running muxtree optimizer on module \SOC..
  Creating internal representation of mux trees.
  Evaluating internal representation of mux trees.
  Analyzing evaluation results.
Removed 0 multiplexer ports.

38.31.18. Executing OPT_REDUCE pass (consolidate $*mux and $reduce_* inputs).
  Optimizing cells in module \SOC.
    New input vector for $reduce_and cell $auto$opt_dff.cc:220:make_patterns_logic$3197: { $auto$opt_dff.cc:194:make_patterns_logic$3194 $auto$opt_dff.cc:194:make_patterns_logic$3173 \CPU.state [2] }
    Consolidated identical input bits for $mux cell $flatten\CPU.$ternary$cores/cpu/femtorv32_quark_V2.v:272$464:
      Old ports: A={ \CPU.PCplus4 [23:2] 2'x }, B={ \CPU.PCplusImm [23:1] 1'x }, Y=$flatten\CPU.$ternary$cores/cpu/femtorv32_quark_V2.v:272$464_Y
      New ports: A={ \CPU.PCplus4 [23:2] 1'x }, B=\CPU.PCplusImm [23:1], Y=$flatten\CPU.$ternary$cores/cpu/femtorv32_quark_V2.v:272$464_Y [23:1]
      New connections: $flatten\CPU.$ternary$cores/cpu/femtorv32_quark_V2.v:272$464_Y [0] = 1'x
  Optimizing cells in module \SOC.
Performed a total of 2 changes.

38.31.19. Executing OPT_MERGE pass (detect identical cells).
Finding identical cells in module `\SOC'.
Removed a total of 0 cells.

38.31.20. Executing OPT_DFF pass (perform DFF optimizations).
Setting constant 0-bit at position 0 on $auto$ff.cc:266:slice$3189 ($dff) from module SOC.

38.31.21. Executing OPT_CLEAN pass (remove unused cells and wires).
Finding unused cells or wires in module \SOC..

38.31.22. Executing OPT_EXPR pass (perform const folding).
Optimizing module SOC.

38.31.23. Rerunning OPT passes. (Maybe there is more to do..)

38.31.24. Executing OPT_MUXTREE pass (detect dead branches in mux trees).
Running muxtree optimizer on module \SOC..
  Creating internal representation of mux trees.
  Evaluating internal representation of mux trees.
  Analyzing evaluation results.
    dead port 2/2 on $mux $flatten\div1.\d_16.\lsr_d.$procmux$772.
Removed 1 multiplexer ports.

38.31.25. Executing OPT_REDUCE pass (consolidate $*mux and $reduce_* inputs).
  Optimizing cells in module \SOC.
Performed a total of 0 changes.

38.31.26. Executing OPT_MERGE pass (detect identical cells).
Finding identical cells in module `\SOC'.
Removed a total of 0 cells.

38.31.27. Executing OPT_DFF pass (perform DFF optimizations).
Removing always-active EN on $auto$ff.cc:266:slice$2350 ($dffe) from module SOC.
Removing always-active EN on $auto$ff.cc:266:slice$2347 ($dffe) from module SOC.
Setting constant 0-bit at position 0 on $auto$ff.cc:266:slice$2480 ($sdff) from module SOC.

38.31.28. Executing OPT_CLEAN pass (remove unused cells and wires).
Finding unused cells or wires in module \SOC..
Removed 0 unused cells and 3 unused wires.

38.31.29. Executing OPT_EXPR pass (perform const folding).
Optimizing module SOC.

38.31.30. Rerunning OPT passes. (Maybe there is more to do..)

38.31.31. Executing OPT_MUXTREE pass (detect dead branches in mux trees).
Running muxtree optimizer on module \SOC..
  Creating internal representation of mux trees.
  Evaluating internal representation of mux trees.
  Analyzing evaluation results.
Removed 0 multiplexer ports.

38.31.32. Executing OPT_REDUCE pass (consolidate $*mux and $reduce_* inputs).
  Optimizing cells in module \SOC.
Performed a total of 0 changes.

38.31.33. Executing OPT_MERGE pass (detect identical cells).
Finding identical cells in module `\SOC'.
Removed a total of 0 cells.

38.31.34. Executing OPT_DFF pass (perform DFF optimizations).
Adding SRST signal on $auto$ff.cc:266:slice$2347 ($dff) from module SOC (D = \div1.A [0], Q = \div1.d_16.lsr_d.DV [0], rval = 1'0).

38.31.35. Executing OPT_CLEAN pass (remove unused cells and wires).
Finding unused cells or wires in module \SOC..

38.31.36. Executing OPT_EXPR pass (perform const folding).
Optimizing module SOC.

38.31.37. Rerunning OPT passes. (Maybe there is more to do..)

38.31.38. Executing OPT_MUXTREE pass (detect dead branches in mux trees).
Running muxtree optimizer on module \SOC..
  Creating internal representation of mux trees.
  Evaluating internal representation of mux trees.
  Analyzing evaluation results.
Removed 0 multiplexer ports.

38.31.39. Executing OPT_REDUCE pass (consolidate $*mux and $reduce_* inputs).
  Optimizing cells in module \SOC.
Performed a total of 0 changes.

38.31.40. Executing OPT_MERGE pass (detect identical cells).
Finding identical cells in module `\SOC'.
Removed a total of 0 cells.

38.31.41. Executing OPT_DFF pass (perform DFF optimizations).

38.31.42. Executing OPT_CLEAN pass (remove unused cells and wires).
Finding unused cells or wires in module \SOC..

38.31.43. Executing OPT_EXPR pass (perform const folding).
Optimizing module SOC.

38.31.44. Finished OPT passes. (There is nothing left to do.)

38.32. Executing TECHMAP pass (map to technology primitives).

38.32.1. Executing Verilog-2005 frontend: /home/chema/miniconda3/envs/digital/bin/../share/yosys/techmap.v
Parsing Verilog input from `/home/chema/miniconda3/envs/digital/bin/../share/yosys/techmap.v' to AST representation.
Generating RTLIL representation for module `\_90_simplemap_bool_ops'.
Generating RTLIL representation for module `\_90_simplemap_reduce_ops'.
Generating RTLIL representation for module `\_90_simplemap_logic_ops'.
Generating RTLIL representation for module `\_90_simplemap_compare_ops'.
Generating RTLIL representation for module `\_90_simplemap_various'.
Generating RTLIL representation for module `\_90_simplemap_registers'.
Generating RTLIL representation for module `\_90_shift_ops_shr_shl_sshl_sshr'.
Generating RTLIL representation for module `\_90_shift_shiftx'.
Generating RTLIL representation for module `\_90_fa'.
Generating RTLIL representation for module `\_90_lcu'.
Generating RTLIL representation for module `\_90_alu'.
Generating RTLIL representation for module `\_90_macc'.
Generating RTLIL representation for module `\_90_alumacc'.
Generating RTLIL representation for module `\$__div_mod_u'.
Generating RTLIL representation for module `\$__div_mod_trunc'.
Generating RTLIL representation for module `\_90_div'.
Generating RTLIL representation for module `\_90_mod'.
Generating RTLIL representation for module `\$__div_mod_floor'.
Generating RTLIL representation for module `\_90_divfloor'.
Generating RTLIL representation for module `\_90_modfloor'.
Generating RTLIL representation for module `\_90_pow'.
Generating RTLIL representation for module `\_90_pmux'.
Generating RTLIL representation for module `\_90_demux'.
Generating RTLIL representation for module `\_90_lut'.
Successfully finished Verilog frontend.

38.32.2. Executing Verilog-2005 frontend: /home/chema/miniconda3/envs/digital/bin/../share/yosys/ecp5/arith_map.v
Parsing Verilog input from `/home/chema/miniconda3/envs/digital/bin/../share/yosys/ecp5/arith_map.v' to AST representation.
Generating RTLIL representation for module `\_80_ecp5_alu'.
Successfully finished Verilog frontend.

38.32.3. Continuing TECHMAP pass.
Using extmapper simplemap for cells of type $reduce_or.
Using extmapper simplemap for cells of type $and.
Using extmapper simplemap for cells of type $reduce_bool.
Using extmapper simplemap for cells of type $eq.
Using template $paramod$c96def1cdcef2eee3c62e5dfb7ba2dd09c9f74dd\_90_pmux for cells of type $pmux.
Using template $paramod$d7387fdb214042e5ef2d69a3f74948694b4bb65e\_90_pmux for cells of type $pmux.
Using extmapper simplemap for cells of type $or.
Using extmapper simplemap for cells of type $dff.
Using template $paramod$c3cd1564c35d873179656addd6052d7ea8b6d991\_80_ecp5_alu for cells of type $alu.
Using template $paramod$cc48387a3f2cae79a81035f3d5a9b4758cb77854\_80_ecp5_alu for cells of type $alu.
Using extmapper simplemap for cells of type $mux.
Using extmapper simplemap for cells of type $dffe.
Using extmapper simplemap for cells of type $not.
Using extmapper simplemap for cells of type $sdffe.
Using extmapper simplemap for cells of type $sdff.
Using extmapper simplemap for cells of type $sdffce.
Using template $paramod$c2e415ef15bc3ccd2723772353a6b450d3d76206\_90_pmux for cells of type $pmux.
Using template $paramod$dc04b7d98e503a7bab16fce2df70e6e2c5ca34d6\_80_ecp5_alu for cells of type $alu.
Using extmapper simplemap for cells of type $logic_not.
Using template $paramod$740b056ede97228d3eae64ea2fdc81f0a33e0fe7\_90_alu for cells of type $alu.
Using extmapper simplemap for cells of type $reduce_and.
Using template $paramod$6a42b6fefed750f8a1c58eab59479d960557103c\_80_ecp5_alu for cells of type $alu.
Using template $paramod$080e6a70eb8bfa1ccf22d9718e795074645029a4\_80_ecp5_alu for cells of type $alu.
Using extmapper simplemap for cells of type $xor.
Using template $paramod$448756c9a9dfaa49080ce4b90c6cc182883e181f\_80_ecp5_alu for cells of type $alu.
Using template $paramod$e82d3fc1811c5751348a3964470632b35a435fc7\_80_ecp5_alu for cells of type $alu.
Using template $paramod$8742280fdebca84e1c87f2a86ed84f62d558f4cc\_90_alu for cells of type $alu.
Using template $paramod$constmap:1b6115d36d46c0296d0024e3e3623593810ba834$paramod$3b3a66a7766bf28794ddcd35314b025da1fe57c8\_90_shift_ops_shr_shl_sshl_sshr for cells of type $shl.
Using extmapper simplemap for cells of type $lut.
Using template $paramod$824a2ca00d29d886599434cf8ea60471635f2955\_90_demux for cells of type $demux.
Using template $paramod$6df0329addda9228fcc2546de2aaf14ad26c98e1\_80_ecp5_alu for cells of type $alu.
Using template $paramod$32a7b7b86c07519b7537abc18e96f0331f97914d\_90_alu for cells of type $alu.
Using template $paramod$a1665ef28c749ebcdbe9aecd466e644647b56463\_80_ecp5_alu for cells of type $alu.
Using extmapper simplemap for cells of type $logic_and.
Using template $paramod$521ce43182eecb9f60c72393a788160d2c356bf5\_90_pmux for cells of type $pmux.
Using template $paramod$5fa769bd6f6ca230a24c9bbc0e120f15bcfea838\_90_pmux for cells of type $pmux.
Using extmapper simplemap for cells of type $ne.
Using template $paramod$56f7ce6d87f8add68ca646dc02d7695a3189f8e5\_90_pmux for cells of type $pmux.
Using template $paramod$77db613179eb70c5e4e5c5aca72d602a7c6017b6\_90_pmux for cells of type $pmux.
Using template $paramod$fbc7873bff55778c0b3173955b7e4bce1d9d6834\_80_ecp5_alu for cells of type $alu.
Using template $paramod$789c344356a154d2afc7b832b41d1067dbc946ba\_80_ecp5_alu for cells of type $alu.
Using template $paramod$32efbfac1c4dc57230cf86180788fdfd12e3b511\_80_ecp5_alu for cells of type $alu.
Using template $paramod$e04283ca12514baf3d204c6994bec8f178dd89f8\_80_ecp5_alu for cells of type $alu.
Using template $paramod$20d3ee62d72123142eb855d7ddafd835e31ba009\_90_demux for cells of type $demux.
Using extmapper simplemap for cells of type $bmux.
Using template $paramod$20d3ee62d72123142eb855d7ddafd835e31ba009\_90_pmux for cells of type $pmux.
Using extmapper simplemap for cells of type $logic_or.
Using extmapper simplemap for cells of type $pos.
Using template $paramod\_90_lcu\WIDTH=32'00000000000000000000000000000100 for cells of type $lcu.
Using template $paramod$63301a5e78ceb1f2c17a4ac1894f292ed5701c1f\_90_demux for cells of type $demux.
No more expansions possible.

38.33. Executing OPT pass (performing simple optimizations).

38.33.1. Executing OPT_EXPR pass (perform const folding).
Optimizing module SOC.

38.33.2. Executing OPT_MERGE pass (detect identical cells).
Finding identical cells in module `\SOC'.
Removed a total of 301 cells.

38.33.3. Executing OPT_DFF pass (perform DFF optimizations).
Adding EN signal on $auto$ff.cc:266:slice$6169 ($_DFF_P_) from module SOC (D = \CPU.rs2 [2], Q = \per_uart.uart_ctrl [2]).

38.33.4. Executing OPT_CLEAN pass (remove unused cells and wires).
Finding unused cells or wires in module \SOC..
Removed 784 unused cells and 2397 unused wires.

38.33.5. Rerunning OPT passes. (Removed registers in this run.)

38.33.6. Executing OPT_EXPR pass (perform const folding).
Optimizing module SOC.

38.33.7. Executing OPT_MERGE pass (detect identical cells).
Finding identical cells in module `\SOC'.
Removed a total of 0 cells.

38.33.8. Executing OPT_DFF pass (perform DFF optimizations).
Adding SRST signal on $auto$ff.cc:266:slice$7296 ($_DFF_P_) from module SOC (D = $flatten\per_uart.$procmux$1599.B_AND_S [9], Q = \per_uart.d_out [9], rval = 1'0).
Adding SRST signal on $auto$ff.cc:266:slice$7295 ($_DFF_P_) from module SOC (D = $flatten\per_uart.$procmux$1599.B_AND_S [8], Q = \per_uart.d_out [8], rval = 1'0).
Adding SRST signal on $auto$ff.cc:266:slice$7294 ($_DFF_P_) from module SOC (D = $flatten\per_uart.$procmux$1599.Y_B [7], Q = \per_uart.d_out [7], rval = 1'0).
Adding SRST signal on $auto$ff.cc:266:slice$7293 ($_DFF_P_) from module SOC (D = $flatten\per_uart.$procmux$1599.B_AND_S [16], Q = \per_uart.d_out [6], rval = 1'0).
Adding SRST signal on $auto$ff.cc:266:slice$7292 ($_DFF_P_) from module SOC (D = $flatten\per_uart.$procmux$1599.B_AND_S [15], Q = \per_uart.d_out [5], rval = 1'0).
Adding SRST signal on $auto$ff.cc:266:slice$7291 ($_DFF_P_) from module SOC (D = $flatten\per_uart.$procmux$1599.B_AND_S [14], Q = \per_uart.d_out [4], rval = 1'0).
Adding SRST signal on $auto$ff.cc:266:slice$7290 ($_DFF_P_) from module SOC (D = $flatten\per_uart.$procmux$1599.B_AND_S [13], Q = \per_uart.d_out [3], rval = 1'0).
Adding SRST signal on $auto$ff.cc:266:slice$7289 ($_DFF_P_) from module SOC (D = $flatten\per_uart.$procmux$1599.B_AND_S [12], Q = \per_uart.d_out [2], rval = 1'0).
Adding SRST signal on $auto$ff.cc:266:slice$7288 ($_DFF_P_) from module SOC (D = $flatten\per_uart.$procmux$1599.B_AND_S [11], Q = \per_uart.d_out [1], rval = 1'0).
Adding SRST signal on $auto$ff.cc:266:slice$7287 ($_DFF_P_) from module SOC (D = $flatten\per_uart.$procmux$1599.B_AND_S [10], Q = \per_uart.d_out [0], rval = 1'0).
Adding SRST signal on $auto$ff.cc:266:slice$6927 ($_DFF_N_) from module SOC (D = $flatten\div1.$procmux$1674.B_AND_S [12], Q = \div1.init, rval = 1'0).
Adding SRST signal on $auto$ff.cc:266:slice$6890 ($_SDFF_PN0_) from module SOC (D = \CPU.state [1], Q = \CPU.state [2], rval = 1'0).
Adding SRST signal on $auto$ff.cc:266:slice$6364 ($_SDFF_PN0_) from module SOC (D = $flatten\mult1.\mult1.\control0.$procmux$665.Y_B [2], Q = \mult1.mult1.control0.state [2], rval = 1'0).
Adding SRST signal on $auto$ff.cc:266:slice$6363 ($_SDFF_PN0_) from module SOC (D = $flatten\mult1.\mult1.\control0.$procmux$665.Y_B [1], Q = \mult1.mult1.control0.state [1], rval = 1'0).
Adding SRST signal on $auto$ff.cc:266:slice$6362 ($_SDFF_PN0_) from module SOC (D = $flatten\mult1.\mult1.\control0.$procmux$665.Y_B [0], Q = \mult1.mult1.control0.state [0], rval = 1'0).

38.33.9. Executing OPT_CLEAN pass (remove unused cells and wires).
Finding unused cells or wires in module \SOC..
Removed 15 unused cells and 6 unused wires.

38.33.10. Rerunning OPT passes. (Removed registers in this run.)

38.33.11. Executing OPT_EXPR pass (perform const folding).
Optimizing module SOC.

38.33.12. Executing OPT_MERGE pass (detect identical cells).
Finding identical cells in module `\SOC'.
Removed a total of 2 cells.

38.33.13. Executing OPT_DFF pass (perform DFF optimizations).

38.33.14. Executing OPT_CLEAN pass (remove unused cells and wires).
Finding unused cells or wires in module \SOC..
Removed 0 unused cells and 2 unused wires.

38.33.15. Finished fast OPT passes.

38.34. Executing OPT_CLEAN pass (remove unused cells and wires).
Finding unused cells or wires in module \SOC..

38.35. Executing DFFLEGALIZE pass (convert FFs to types supported by the target).

38.36. Executing TECHMAP pass (map to technology primitives).

38.36.1. Executing Verilog-2005 frontend: /home/chema/miniconda3/envs/digital/bin/../share/yosys/ecp5/cells_map.v
Parsing Verilog input from `/home/chema/miniconda3/envs/digital/bin/../share/yosys/ecp5/cells_map.v' to AST representation.
Generating RTLIL representation for module `\$_DFF_N_'.
Generating RTLIL representation for module `\$_DFF_P_'.
Generating RTLIL representation for module `\$_DFFE_NN_'.
Generating RTLIL representation for module `\$_DFFE_PN_'.
Generating RTLIL representation for module `\$_DFFE_NP_'.
Generating RTLIL representation for module `\$_DFFE_PP_'.
Generating RTLIL representation for module `\$_DFF_NP0_'.
Generating RTLIL representation for module `\$_DFF_NP1_'.
Generating RTLIL representation for module `\$_DFF_PP0_'.
Generating RTLIL representation for module `\$_DFF_PP1_'.
Generating RTLIL representation for module `\$_SDFF_NP0_'.
Generating RTLIL representation for module `\$_SDFF_NP1_'.
Generating RTLIL representation for module `\$_SDFF_PP0_'.
Generating RTLIL representation for module `\$_SDFF_PP1_'.
Generating RTLIL representation for module `\$_DFFE_NP0P_'.
Generating RTLIL representation for module `\$_DFFE_NP1P_'.
Generating RTLIL representation for module `\$_DFFE_PP0P_'.
Generating RTLIL representation for module `\$_DFFE_PP1P_'.
Generating RTLIL representation for module `\$_DFFE_NP0N_'.
Generating RTLIL representation for module `\$_DFFE_NP1N_'.
Generating RTLIL representation for module `\$_DFFE_PP0N_'.
Generating RTLIL representation for module `\$_DFFE_PP1N_'.
Generating RTLIL representation for module `\$_SDFFE_NP0P_'.
Generating RTLIL representation for module `\$_SDFFE_NP1P_'.
Generating RTLIL representation for module `\$_SDFFE_PP0P_'.
Generating RTLIL representation for module `\$_SDFFE_PP1P_'.
Generating RTLIL representation for module `\$_SDFFE_NP0N_'.
Generating RTLIL representation for module `\$_SDFFE_NP1N_'.
Generating RTLIL representation for module `\$_SDFFE_PP0N_'.
Generating RTLIL representation for module `\$_SDFFE_PP1N_'.
Generating RTLIL representation for module `\$_ALDFF_NP_'.
Generating RTLIL representation for module `\$_ALDFF_PP_'.
Generating RTLIL representation for module `\$_ALDFFE_NPN_'.
Generating RTLIL representation for module `\$_ALDFFE_NPP_'.
Generating RTLIL representation for module `\$_ALDFFE_PPN_'.
Generating RTLIL representation for module `\$_ALDFFE_PPP_'.
Generating RTLIL representation for module `\FD1P3AX'.
Generating RTLIL representation for module `\FD1P3AY'.
Generating RTLIL representation for module `\FD1P3BX'.
Generating RTLIL representation for module `\FD1P3DX'.
Generating RTLIL representation for module `\FD1P3IX'.
Generating RTLIL representation for module `\FD1P3JX'.
Generating RTLIL representation for module `\FD1S3AX'.
Generating RTLIL representation for module `\FD1S3AY'.
Generating RTLIL representation for module `\FD1S3BX'.
Generating RTLIL representation for module `\FD1S3DX'.
Generating RTLIL representation for module `\FD1S3IX'.
Generating RTLIL representation for module `\FD1S3JX'.
Generating RTLIL representation for module `\IFS1P3BX'.
Generating RTLIL representation for module `\IFS1P3DX'.
Generating RTLIL representation for module `\IFS1P3IX'.
Generating RTLIL representation for module `\IFS1P3JX'.
Generating RTLIL representation for module `\OFS1P3BX'.
Generating RTLIL representation for module `\OFS1P3DX'.
Generating RTLIL representation for module `\OFS1P3IX'.
Generating RTLIL representation for module `\OFS1P3JX'.
Generating RTLIL representation for module `\IB'.
Generating RTLIL representation for module `\IBPU'.
Generating RTLIL representation for module `\IBPD'.
Generating RTLIL representation for module `\OB'.
Generating RTLIL representation for module `\OBZ'.
Generating RTLIL representation for module `\OBZPU'.
Generating RTLIL representation for module `\OBZPD'.
Generating RTLIL representation for module `\OBCO'.
Generating RTLIL representation for module `\BB'.
Generating RTLIL representation for module `\BBPU'.
Generating RTLIL representation for module `\BBPD'.
Generating RTLIL representation for module `\ILVDS'.
Generating RTLIL representation for module `\OLVDS'.
Successfully finished Verilog frontend.

38.36.2. Continuing TECHMAP pass.
Using template \$_SDFFE_NP0P_ for cells of type $_SDFFE_NP0P_.
Using template $paramod\$_DFF_P_\_TECHMAP_WIREINIT_Q_=1'x for cells of type $_DFF_P_.
Using template $paramod\$_DFFE_PP_\_TECHMAP_WIREINIT_Q_=1'x for cells of type $_DFFE_PP_.
Using template \$_SDFFE_PP0P_ for cells of type $_SDFFE_PP0P_.
Using template $paramod\$_DFFE_NP_\_TECHMAP_WIREINIT_Q_=1'x for cells of type $_DFFE_NP_.
Using template $paramod\$_DFFE_PP_\_TECHMAP_WIREINIT_Q_=1'0 for cells of type $_DFFE_PP_.
Using template $paramod\$_DFF_N_\_TECHMAP_WIREINIT_Q_=1'x for cells of type $_DFF_N_.
Using template \$_SDFF_PP0_ for cells of type $_SDFF_PP0_.
Using template \$_SDFFE_NP1P_ for cells of type $_SDFFE_NP1P_.
Using template \$_SDFF_PP1_ for cells of type $_SDFF_PP1_.
Using template $paramod\$_DFFE_NP_\_TECHMAP_WIREINIT_Q_=1'0 for cells of type $_DFFE_NP_.
Using template \$_SDFF_NP0_ for cells of type $_SDFF_NP0_.
Using template \$_SDFFE_PP1P_ for cells of type $_SDFFE_PP1P_.
Using template \$_SDFFE_PP0N_ for cells of type $_SDFFE_PP0N_.
Using template $paramod\$_DFF_P_\_TECHMAP_WIREINIT_Q_=1'0 for cells of type $_DFF_P_.
Using template $paramod\$_DFF_N_\_TECHMAP_WIREINIT_Q_=1'1 for cells of type $_DFF_N_.
Using template $paramod\$_DFF_N_\_TECHMAP_WIREINIT_Q_=1'0 for cells of type $_DFF_N_.
No more expansions possible.

38.37. Executing OPT_EXPR pass (perform const folding).
Optimizing module SOC.

38.38. Executing SIMPLEMAP pass (map simple cells to gate primitives).

38.39. Executing LATTICE_GSR pass (implement FF init values).
Handling GSR in SOC.

38.40. Executing ATTRMVCP pass (move or copy attributes).

38.41. Executing OPT_CLEAN pass (remove unused cells and wires).
Finding unused cells or wires in module \SOC..
Removed 0 unused cells and 4843 unused wires.

38.42. Executing TECHMAP pass (map to technology primitives).

38.42.1. Executing Verilog-2005 frontend: /home/chema/miniconda3/envs/digital/bin/../share/yosys/ecp5/latches_map.v
Parsing Verilog input from `/home/chema/miniconda3/envs/digital/bin/../share/yosys/ecp5/latches_map.v' to AST representation.
Generating RTLIL representation for module `\$_DLATCH_N_'.
Generating RTLIL representation for module `\$_DLATCH_P_'.
Successfully finished Verilog frontend.

38.42.2. Continuing TECHMAP pass.
No more expansions possible.

38.43. Executing ABC pass (technology mapping using ABC).

38.43.1. Extracting gate netlist of module `\SOC' to `<abc-temp-dir>/input.blif'..
Extracted 3510 gates and 4893 wires to a netlist network with 1381 inputs and 1202 outputs.

38.43.1.1. Executing ABC.
Running ABC command: "<yosys-exe-dir>/yosys-abc" -s -f <abc-temp-dir>/abc.script 2>&1
ABC: ABC command line: "source <abc-temp-dir>/abc.script".
ABC: 
ABC: + read_blif <abc-temp-dir>/input.blif 
ABC: + read_lut <abc-temp-dir>/lutdefs.txt 
ABC: + strash 
ABC: + &get -n 
ABC: + &fraig -x 
ABC: + &put 
ABC: + scorr 
ABC: Warning: The network is combinational (run "fraig" or "fraig_sweep").
ABC: + dc2 
ABC: + dretime 
ABC: + strash 
ABC: + dch -f 
ABC: + if 
ABC: + mfs2 
ABC: + dress <abc-temp-dir>/input.blif 
ABC: Total number of equiv classes                =    1106.
ABC: Participating nodes from both networks       =    3255.
ABC: Participating nodes from the first network   =    1568. (  86.87 % of nodes)
ABC: Participating nodes from the second network  =    1687. (  93.46 % of nodes)
ABC: Node pairs (any polarity)                    =    1568. (  86.87 % of names can be moved)
ABC: Node pairs (same polarity)                   =    1379. (  76.40 % of names can be moved)
ABC: Total runtime =     0.12 sec
ABC: + write_blif <abc-temp-dir>/output.blif 

38.43.1.2. Re-integrating ABC results.
ABC RESULTS:              $lut cells:     1804
ABC RESULTS:        internal signals:     2310
ABC RESULTS:           input signals:     1381
ABC RESULTS:          output signals:     1202
Removing temp directory.
Removed 0 unused cells and 2524 unused wires.

38.44. Executing TECHMAP pass (map to technology primitives).

38.44.1. Executing Verilog-2005 frontend: /home/chema/miniconda3/envs/digital/bin/../share/yosys/ecp5/cells_map.v
Parsing Verilog input from `/home/chema/miniconda3/envs/digital/bin/../share/yosys/ecp5/cells_map.v' to AST representation.
Generating RTLIL representation for module `\$_DFF_N_'.
Generating RTLIL representation for module `\$_DFF_P_'.
Generating RTLIL representation for module `\$_DFFE_NN_'.
Generating RTLIL representation for module `\$_DFFE_PN_'.
Generating RTLIL representation for module `\$_DFFE_NP_'.
Generating RTLIL representation for module `\$_DFFE_PP_'.
Generating RTLIL representation for module `\$_DFF_NP0_'.
Generating RTLIL representation for module `\$_DFF_NP1_'.
Generating RTLIL representation for module `\$_DFF_PP0_'.
Generating RTLIL representation for module `\$_DFF_PP1_'.
Generating RTLIL representation for module `\$_SDFF_NP0_'.
Generating RTLIL representation for module `\$_SDFF_NP1_'.
Generating RTLIL representation for module `\$_SDFF_PP0_'.
Generating RTLIL representation for module `\$_SDFF_PP1_'.
Generating RTLIL representation for module `\$_DFFE_NP0P_'.
Generating RTLIL representation for module `\$_DFFE_NP1P_'.
Generating RTLIL representation for module `\$_DFFE_PP0P_'.
Generating RTLIL representation for module `\$_DFFE_PP1P_'.
Generating RTLIL representation for module `\$_DFFE_NP0N_'.
Generating RTLIL representation for module `\$_DFFE_NP1N_'.
Generating RTLIL representation for module `\$_DFFE_PP0N_'.
Generating RTLIL representation for module `\$_DFFE_PP1N_'.
Generating RTLIL representation for module `\$_SDFFE_NP0P_'.
Generating RTLIL representation for module `\$_SDFFE_NP1P_'.
Generating RTLIL representation for module `\$_SDFFE_PP0P_'.
Generating RTLIL representation for module `\$_SDFFE_PP1P_'.
Generating RTLIL representation for module `\$_SDFFE_NP0N_'.
Generating RTLIL representation for module `\$_SDFFE_NP1N_'.
Generating RTLIL representation for module `\$_SDFFE_PP0N_'.
Generating RTLIL representation for module `\$_SDFFE_PP1N_'.
Generating RTLIL representation for module `\$_ALDFF_NP_'.
Generating RTLIL representation for module `\$_ALDFF_PP_'.
Generating RTLIL representation for module `\$_ALDFFE_NPN_'.
Generating RTLIL representation for module `\$_ALDFFE_NPP_'.
Generating RTLIL representation for module `\$_ALDFFE_PPN_'.
Generating RTLIL representation for module `\$_ALDFFE_PPP_'.
Generating RTLIL representation for module `\FD1P3AX'.
Generating RTLIL representation for module `\FD1P3AY'.
Generating RTLIL representation for module `\FD1P3BX'.
Generating RTLIL representation for module `\FD1P3DX'.
Generating RTLIL representation for module `\FD1P3IX'.
Generating RTLIL representation for module `\FD1P3JX'.
Generating RTLIL representation for module `\FD1S3AX'.
Generating RTLIL representation for module `\FD1S3AY'.
Generating RTLIL representation for module `\FD1S3BX'.
Generating RTLIL representation for module `\FD1S3DX'.
Generating RTLIL representation for module `\FD1S3IX'.
Generating RTLIL representation for module `\FD1S3JX'.
Generating RTLIL representation for module `\IFS1P3BX'.
Generating RTLIL representation for module `\IFS1P3DX'.
Generating RTLIL representation for module `\IFS1P3IX'.
Generating RTLIL representation for module `\IFS1P3JX'.
Generating RTLIL representation for module `\OFS1P3BX'.
Generating RTLIL representation for module `\OFS1P3DX'.
Generating RTLIL representation for module `\OFS1P3IX'.
Generating RTLIL representation for module `\OFS1P3JX'.
Generating RTLIL representation for module `\IB'.
Generating RTLIL representation for module `\IBPU'.
Generating RTLIL representation for module `\IBPD'.
Generating RTLIL representation for module `\OB'.
Generating RTLIL representation for module `\OBZ'.
Generating RTLIL representation for module `\OBZPU'.
Generating RTLIL representation for module `\OBZPD'.
Generating RTLIL representation for module `\OBCO'.
Generating RTLIL representation for module `\BB'.
Generating RTLIL representation for module `\BBPU'.
Generating RTLIL representation for module `\BBPD'.
Generating RTLIL representation for module `\ILVDS'.
Generating RTLIL representation for module `\OLVDS'.
Generating RTLIL representation for module `\$lut'.
Successfully finished Verilog frontend.

38.44.2. Continuing TECHMAP pass.
Using template $paramod\$lut\WIDTH=32'00000000000000000000000000000001\LUT=2'01 for cells of type $lut.
Using template $paramod$53116dd00de48a756800052c09bf2f4d346349cf\$lut for cells of type $lut.
Using template $paramod$83742432610aaf62d589083aaaa3768096793be8\$lut for cells of type $lut.
Using template $paramod$8c081497b4b1dcbc2fee3c48519e30b91f0aa6a5\$lut for cells of type $lut.
Using template $paramod$200337237619ba4c0bed9a492562f1d1b57fb569\$lut for cells of type $lut.
Using template $paramod$12ef31446fd6f1fa9ed73d48ce76ac19cf9ea31d\$lut for cells of type $lut.
Using template $paramod\$lut\WIDTH=32'00000000000000000000000000000011\LUT=8'01000000 for cells of type $lut.
Using template $paramod\$lut\WIDTH=32'00000000000000000000000000000011\LUT=8'10000000 for cells of type $lut.
Using template $paramod$6e238df02989b317f10820a22773676e71120644\$lut for cells of type $lut.
Using template $paramod\$lut\WIDTH=32'00000000000000000000000000000010\LUT=4'1000 for cells of type $lut.
Using template $paramod$658b9ed803f0d3d335616d3858b53e0a2522f1e8\$lut for cells of type $lut.
Using template $paramod$571404c0889eaf57f492cb5e37f8acb5df5852f9\$lut for cells of type $lut.
Using template $paramod$251994398653c4cf8de320f1e306e535d5d2d624\$lut for cells of type $lut.
Using template $paramod$272652f6c6fbe9a75eff76e45cc7e2788835518b\$lut for cells of type $lut.
Using template $paramod$4426ba12ccc3d0cb9276205fadeed96da596c448\$lut for cells of type $lut.
Using template $paramod\$lut\WIDTH=32'00000000000000000000000000000011\LUT=8'00010111 for cells of type $lut.
Using template $paramod$7179edb14a6086310c7ad292f6ef883cbad9c1de\$lut for cells of type $lut.
Using template $paramod$7d146c471930affc60c2ae9b9a9540c885a70e4c\$lut for cells of type $lut.
Using template $paramod$a3cdc1eb771a2c6a16f64da161e11100ac409d2b\$lut for cells of type $lut.
Using template $paramod$20c5ad12ccc49d33d0222ea30b89634b120418ca\$lut for cells of type $lut.
Using template $paramod\$lut\WIDTH=32'00000000000000000000000000000011\LUT=8'00000111 for cells of type $lut.
Using template $paramod\$lut\WIDTH=32'00000000000000000000000000000010\LUT=4'0100 for cells of type $lut.
Using template $paramod$854b8f83de12e74d1d2852673baefa7e1854a482\$lut for cells of type $lut.
Using template $paramod$56c6fc98268f6966dd23dcb4af9b8f5298fa7ead\$lut for cells of type $lut.
Using template $paramod$0ba83a17d35a2b65d26e5e61bb36f1775584b708\$lut for cells of type $lut.
Using template $paramod$09c1b539b48d61a25fea5b57e3caf6cb652b99fe\$lut for cells of type $lut.
Using template $paramod$b93d1ea7a612a32c185108f67a153d44ffb9aac2\$lut for cells of type $lut.
Using template $paramod$be995079df053c45f21ef2e0c315fb366ea230c9\$lut for cells of type $lut.
Using template $paramod$639632a6cf99d4d874f17f7191c394926815927c\$lut for cells of type $lut.
Using template $paramod$43b0747bc42dcbceae57f8d4249385f3c971ed93\$lut for cells of type $lut.
Using template $paramod\$lut\WIDTH=32'00000000000000000000000000000010\LUT=4'1011 for cells of type $lut.
Using template $paramod$b431bfd938e35871dd0b7668e1503c7e8b9d491c\$lut for cells of type $lut.
Using template $paramod$46fb7132836ca2dbf5c76f71eea09630965486fa\$lut for cells of type $lut.
Using template $paramod\$lut\WIDTH=32'00000000000000000000000000000011\LUT=8'10101100 for cells of type $lut.
Using template $paramod\$lut\WIDTH=32'00000000000000000000000000000010\LUT=4'1110 for cells of type $lut.
Using template $paramod$b0e917d968da941a2ca2dd33b04074a0f4d50222\$lut for cells of type $lut.
Using template $paramod$c88893c688d677cdf8b84ba22501872c80d8c245\$lut for cells of type $lut.
Using template $paramod$478e33feeac3aa53ff57d491aada044b8aedceae\$lut for cells of type $lut.
Using template $paramod$a15fd389a2f54cb7b94707b25934d226e68d9e2e\$lut for cells of type $lut.
Using template $paramod\$lut\WIDTH=32'00000000000000000000000000000011\LUT=8'00010100 for cells of type $lut.
Using template $paramod$07e657448f616c410fbe014b1bf8ee45fc3109a3\$lut for cells of type $lut.
Using template $paramod\$lut\WIDTH=32'00000000000000000000000000000011\LUT=8'11100001 for cells of type $lut.
Using template $paramod$4fba4d8cf7fa2c90da12dc24f0b4a1773bec3d07\$lut for cells of type $lut.
Using template $paramod\$lut\WIDTH=32'00000000000000000000000000000011\LUT=8'10100011 for cells of type $lut.
Using template $paramod$f61bcfc038ef0de2eddfeb812d6ced6ba1cf17ea\$lut for cells of type $lut.
Using template $paramod$69c161a1f6cc2f2957dc1620798db7b2942f0e5e\$lut for cells of type $lut.
Using template $paramod$3d8fa18e9c34a1aa6c69e2f2e158bbfff1733c5e\$lut for cells of type $lut.
Using template $paramod$82465a09fa1fb625cf05c680e7f5642ba36c85a0\$lut for cells of type $lut.
Using template $paramod\$lut\WIDTH=32'00000000000000000000000000000010\LUT=4'0111 for cells of type $lut.
Using template $paramod\$lut\WIDTH=32'00000000000000000000000000000011\LUT=8'11110100 for cells of type $lut.
Using template $paramod$4e5e23136131135366f9dbe47f1d34c6e2e83166\$lut for cells of type $lut.
Using template $paramod\$lut\WIDTH=32'00000000000000000000000000000010\LUT=4'0001 for cells of type $lut.
Using template $paramod$c1a19a87ccbbb03d43a72335db63f692ddf82cc1\$lut for cells of type $lut.
Using template $paramod$1bf62ab10e48d71d6497bccacf5c70420c470fe9\$lut for cells of type $lut.
Using template $paramod$c35ad3063d5038410210ddc72c1fd5fed46413b4\$lut for cells of type $lut.
Using template $paramod$1843b3c15f2447d117e2d5de9b00f791ef5f9fa3\$lut for cells of type $lut.
Using template $paramod$e5e9da8fed769f971686eed8c5eea50e61f73aaa\$lut for cells of type $lut.
Using template $paramod$6b0849254d6c87461fb93e37cc18f089f61eb912\$lut for cells of type $lut.
Using template $paramod$8adf7fbd410d2cc654c288d5be5f7508ee8809b0\$lut for cells of type $lut.
Using template $paramod\$lut\WIDTH=32'00000000000000000000000000000011\LUT=8'11100000 for cells of type $lut.
Using template $paramod$7bb6a37e65823eeb4b38c370fec30ab082759a14\$lut for cells of type $lut.
Using template $paramod$d4c8e628ae8f00f98a8416d2ac96f674d757eea6\$lut for cells of type $lut.
Using template $paramod\$lut\WIDTH=32'00000000000000000000000000000011\LUT=8'11010000 for cells of type $lut.
Using template $paramod$eba7de026ff587370e320127e266317dae097a89\$lut for cells of type $lut.
Using template $paramod$71d951b20e73043168c1656217d126e617052faa\$lut for cells of type $lut.
Using template $paramod$bb59fc9d73f3ced261e3a74efef030fd29d37b76\$lut for cells of type $lut.
Using template $paramod$cd05f04889088c47a0a5abae8c2d644fd314805e\$lut for cells of type $lut.
Using template $paramod\$lut\WIDTH=32'00000000000000000000000000000011\LUT=8'11111000 for cells of type $lut.
Using template $paramod$5037893c2f0202cbda412b45a61ab57b51500aee\$lut for cells of type $lut.
Using template $paramod$6d6beead1425af15cf78b27fd9b11b41b5d4bce8\$lut for cells of type $lut.
Using template $paramod\$lut\WIDTH=32'00000000000000000000000000000011\LUT=8'01001111 for cells of type $lut.
Using template $paramod$9b838c149495a6581d13a3f659e81e38193a62d0\$lut for cells of type $lut.
Using template $paramod$886a6fc76e2bafe5b7f199f61778e2d6630042de\$lut for cells of type $lut.
Using template $paramod\$lut\WIDTH=32'00000000000000000000000000000011\LUT=8'00001011 for cells of type $lut.
Using template $paramod$49af33aa6aa19b94c8fdc46f549df37fbca7f5e7\$lut for cells of type $lut.
Using template $paramod$965f8f2fa1a796a6c51222eabb50fbd26e97d98b\$lut for cells of type $lut.
Using template $paramod$9bdc414229f06e785dc8fd97a243faa9336e164a\$lut for cells of type $lut.
Using template $paramod$bc3c002b6c6d059be1ca238770fb1663e736a95d\$lut for cells of type $lut.
Using template $paramod\$lut\WIDTH=32'00000000000000000000000000000011\LUT=8'00010000 for cells of type $lut.
Using template $paramod$4d1a055984de6eeb68dcd05fb2e3ec22912a2372\$lut for cells of type $lut.
Using template $paramod$6df45487b7ff542346e7f3201899fd223e81c5a0\$lut for cells of type $lut.
Using template $paramod\$lut\WIDTH=32'00000000000000000000000000000011\LUT=8'01110000 for cells of type $lut.
Using template $paramod\$lut\WIDTH=32'00000000000000000000000000000011\LUT=8'00000001 for cells of type $lut.
Using template $paramod$0623e17b239149821fdbe2294e3bbba8e938900a\$lut for cells of type $lut.
Using template $paramod$138d33f75d3401fcb0c11807bccd51ca7f68c02e\$lut for cells of type $lut.
Using template $paramod$28450006a0f0a0e8e130a3e2050a2f052d1ed816\$lut for cells of type $lut.
Using template $paramod$02eefd9b74acf66558bff242fcbe62a514559f6a\$lut for cells of type $lut.
Using template $paramod$21ead65014607f890ca2db9fb9bf3f85a1ead8b7\$lut for cells of type $lut.
Using template $paramod\$lut\WIDTH=32'00000000000000000000000000000011\LUT=8'00001110 for cells of type $lut.
Using template $paramod$dae2aa558e89c61d7dd6e4d90f266ba20e344b3f\$lut for cells of type $lut.
Using template $paramod$da2f95476331ffa2143f8212db8aff730de806a0\$lut for cells of type $lut.
Using template $paramod$11ec7271d8e6e5aeaace08c13e4c601f10e31038\$lut for cells of type $lut.
Using template $paramod$c17001e40829b1c60b368b36d3563e4375afe867\$lut for cells of type $lut.
Using template $paramod$35d201d5d13b0689930fb454a340191997b0e867\$lut for cells of type $lut.
Using template $paramod$4d4d3bbe4065b7fc301ea101ae5398df0bc58e40\$lut for cells of type $lut.
Using template $paramod$c5b694ec89d7629b942ccf6a9be1d39e24f8edec\$lut for cells of type $lut.
Using template $paramod$e9c77024ca501b890c641f9c0b10e27242db8730\$lut for cells of type $lut.
Using template $paramod$279a3e9c0ff9ba17cac3c2880dfb6b8936dd46fc\$lut for cells of type $lut.
Using template $paramod$e89ac58f360f774aaa6ec82384df6d4f7265bb69\$lut for cells of type $lut.
Using template $paramod$e49f6e3576ef1a6d2f58c54414dbb786af8cc869\$lut for cells of type $lut.
Using template $paramod$e5759512db67494ff77fbdfc66dff4006376568f\$lut for cells of type $lut.
Using template $paramod$f8f5d973dfc6e59d85d98cca4c623cb47542a473\$lut for cells of type $lut.
Using template $paramod$b70f67966a89c63b9a6b0368f816827c9eaa0888\$lut for cells of type $lut.
Using template $paramod$b297295e19b03521716155b85537bbe86d6a9ae6\$lut for cells of type $lut.
Using template $paramod$14d8951dfaad1bf706f483394e2c2bdbcc705f87\$lut for cells of type $lut.
Using template $paramod$90a94ace7a7c3eff2d5e2725d563d32701843553\$lut for cells of type $lut.
Using template $paramod$bd3b0c017c4e1e0fc1bb96628ef563ac7e728f68\$lut for cells of type $lut.
Using template $paramod$0558052ca4274539615e63872546968ea1f31b6b\$lut for cells of type $lut.
Using template $paramod\$lut\WIDTH=32'00000000000000000000000000000011\LUT=8'11001010 for cells of type $lut.
Using template $paramod$ecf9cac817e9cbb222dc9e58a122faf05f34c860\$lut for cells of type $lut.
Using template $paramod$798c407062c363131877015db48aaebac206e220\$lut for cells of type $lut.
Using template $paramod$57f71a429a5de468266cb6ec0f5d054c9415f3b9\$lut for cells of type $lut.
Using template $paramod$d1d3e5c429996c1776c029b181a703bafb0c2c7a\$lut for cells of type $lut.
Using template $paramod\$lut\WIDTH=32'00000000000000000000000000000011\LUT=8'01010011 for cells of type $lut.
Using template $paramod$680fd8d179aaa2b94b3b7c0dab400ac18bb55c38\$lut for cells of type $lut.
Using template $paramod\$lut\WIDTH=32'00000000000000000000000000000011\LUT=8'01111000 for cells of type $lut.
Using template $paramod$415b9dd3a15783ae56c103f189fd8e182f997441\$lut for cells of type $lut.
Using template $paramod$7614968db5bb082ee538195c00594779836d04ec\$lut for cells of type $lut.
Using template $paramod\$lut\WIDTH=32'00000000000000000000000000000010\LUT=4'0110 for cells of type $lut.
Using template $paramod$6759d6413087138d121f9f88cd08f06bb4c31819\$lut for cells of type $lut.
Using template $paramod$e29d77caadfafd73aa5fe633bde045cc468a68f9\$lut for cells of type $lut.
Using template $paramod$ba3d1dbf231270665585129fb30d466549fd411d\$lut for cells of type $lut.
Using template $paramod$973818279bc95792902f3c09371fd2407d04a2a5\$lut for cells of type $lut.
Using template $paramod$b637cf4714c2e93484bb499728e176a6ab69c910\$lut for cells of type $lut.
Using template $paramod$d14ad95bded2b667afa97670e151697087b7de83\$lut for cells of type $lut.
Using template $paramod$2d07c1a6c53c7b878509360922c4fa5ebedc3011\$lut for cells of type $lut.
Using template $paramod$1a64f21ea15b05b7fc930804a66f6689ebbd6394\$lut for cells of type $lut.
Using template $paramod$f45429e380905f064bb0bad3a8bdb941708e63a7\$lut for cells of type $lut.
Using template $paramod$bdd4c34ce1a4941b08079cfcb51a184f6033f9fb\$lut for cells of type $lut.
Using template $paramod\$lut\WIDTH=32'00000000000000000000000000000011\LUT=8'11101000 for cells of type $lut.
Using template $paramod$a670b08a47dd8a34f954c50cd06e9996d77e8467\$lut for cells of type $lut.
Using template $paramod\$lut\WIDTH=32'00000000000000000000000000000011\LUT=8'00001101 for cells of type $lut.
Using template $paramod$ef8295b10a781b16be00577bb0b0751f78914e75\$lut for cells of type $lut.
Using template $paramod$c7da182350c463dac9341b9202c767a484f2d529\$lut for cells of type $lut.
Using template $paramod\$lut\WIDTH=32'00000000000000000000000000000011\LUT=8'01100000 for cells of type $lut.
Using template $paramod$7d3cbfc289ec00e0691f33de08826f2254fca668\$lut for cells of type $lut.
Using template $paramod$30e1ac1183d91190b531bad571bf822d64fb1abf\$lut for cells of type $lut.
Using template $paramod\$lut\WIDTH=32'00000000000000000000000000000011\LUT=8'01101111 for cells of type $lut.
Using template $paramod$d388caf9331d1c67a4a7fa86d33eb3b732255d14\$lut for cells of type $lut.
Using template $paramod$f9216b411af01450972d6791d3b5c71d00a32ff1\$lut for cells of type $lut.
Using template $paramod$d53578aacfd93124244778d88be0e90eb09c1b1b\$lut for cells of type $lut.
Using template $paramod$80c6d9236a2684199e24745161c51118708bce6e\$lut for cells of type $lut.
Using template $paramod$a75fe641fc9e92a88e7f40223b21a5fdc0b6278c\$lut for cells of type $lut.
Using template $paramod$52becf8b23a9850170995bc07eb2e31f44cb70e7\$lut for cells of type $lut.
Using template $paramod\$lut\WIDTH=32'00000000000000000000000000000011\LUT=8'10111111 for cells of type $lut.
Using template $paramod$7e575e6912131a171366ad063a210a1b02a67637\$lut for cells of type $lut.
Using template $paramod$c9feeab30a55c28e348e95d2143036216aa309a7\$lut for cells of type $lut.
Using template $paramod$c007f82afa6aff3770af434a60f140a5e8474cef\$lut for cells of type $lut.
Using template $paramod$9d95ab5b76760d855f80ca85806bb3bfce41190e\$lut for cells of type $lut.
Using template $paramod$4d7b9432a22de498cc7cf25795d448400fd1a9a8\$lut for cells of type $lut.
Using template $paramod$980b7fd2a996f6007ee26fb020248c0af9aa61ae\$lut for cells of type $lut.
Using template $paramod$875f7f027feec65c9207d3d6f0f06546c945e119\$lut for cells of type $lut.
Using template $paramod$af763bca85949884aefa417266a961f9c91132de\$lut for cells of type $lut.
Using template $paramod$608f40069c27841a5b3bdf03643a34bdc8974072\$lut for cells of type $lut.
Using template $paramod$ae9b8abdb4f811ce37985dd5106af9cd21223954\$lut for cells of type $lut.
Using template $paramod$6d23198eb2b8f79a41c7626605a61009695893b1\$lut for cells of type $lut.
Using template $paramod\$lut\WIDTH=32'00000000000000000000000000000011\LUT=8'11000101 for cells of type $lut.
Using template $paramod$61d1922b7a54e060f9315a163abe580ccdaebac5\$lut for cells of type $lut.
Using template $paramod\$lut\WIDTH=32'00000000000000000000000000000011\LUT=8'10110000 for cells of type $lut.
Using template $paramod$be964baf08940aa230a4f99fabf78389da0d602e\$lut for cells of type $lut.
Using template $paramod$66f11491094692047b2db8adfbd5fb09b2f389c6\$lut for cells of type $lut.
Using template $paramod$611a71d1e1f1ceb626a480cd6a162d2f2a741a3d\$lut for cells of type $lut.
Using template $paramod$b4f15f202f50520dbc381cd0880ac94f830f05a8\$lut for cells of type $lut.
Using template $paramod$aff3a645bb9f572421a4f0f49cf8987ceb4bcdc5\$lut for cells of type $lut.
Using template $paramod$fccccf8bb2add7667329c686feec7546eb9a3ae3\$lut for cells of type $lut.
Using template $paramod$5e5b65277496168e99efacbe904f73087ccc5acd\$lut for cells of type $lut.
Using template $paramod$099bd0f2c6226b684ce7b4b3e29448d74bfa1b6c\$lut for cells of type $lut.
Using template $paramod$80fdfe8d35632f1d2ecfd20a1b964df3b14b5abc\$lut for cells of type $lut.
Using template $paramod$4a4a8415dd388f2b2194ac7a9175479a6baa2f23\$lut for cells of type $lut.
Using template $paramod$cf63268780ce80380bec53530cecf7cfe81a82c2\$lut for cells of type $lut.
Using template $paramod\$lut\WIDTH=32'00000000000000000000000000000011\LUT=8'10010000 for cells of type $lut.
Using template $paramod$f3e1547c4b47e64c590e75cf09078b2507c8cc75\$lut for cells of type $lut.
Using template $paramod$0defb1586b24785b85905f661056d6b3d902c0c8\$lut for cells of type $lut.
Using template $paramod$f6f4937938129e8b1f8cc1b2b7c4936e27393e3b\$lut for cells of type $lut.
Using template $paramod$a1dc3be53de1ed4e4d8d03e87a473f6b8c699c08\$lut for cells of type $lut.
Using template $paramod$5a621b016c894274d07edef48c49b401a15fd796\$lut for cells of type $lut.
Using template $paramod$12879138d1e376f344e47ea40be66b776233be75\$lut for cells of type $lut.
Using template $paramod$43779580bfffd5d5a9f321249a174febf1dac288\$lut for cells of type $lut.
Using template $paramod$61090ad81dea60f9d293b0587a5910e1feb62ffa\$lut for cells of type $lut.
Using template $paramod\$lut\WIDTH=32'00000000000000000000000000000010\LUT=4'1001 for cells of type $lut.
No more expansions possible.

38.45. Executing OPT_LUT_INS pass (discard unused LUT inputs).
Optimizing LUTs in SOC.
  Optimizing lut $abc$15194$auto$blifparse.cc:525:parse_blif$16082.genblk1.genblk1.genblk1.genblk1.genblk1.genblk1.lut3 (4 -> 1)
  Optimizing lut $abc$15194$auto$blifparse.cc:525:parse_blif$16086.genblk1.genblk1.genblk1.genblk1.genblk1.genblk1.lut2 (4 -> 3)
  Optimizing lut $abc$15194$auto$blifparse.cc:525:parse_blif$16419.genblk1.genblk1.genblk1.genblk1.genblk1.lut1 (4 -> 1)
  Optimizing lut $abc$15194$auto$blifparse.cc:525:parse_blif$16414.genblk1.genblk1.genblk1.genblk1.genblk1.lut1 (4 -> 1)
  Optimizing lut $abc$15194$auto$blifparse.cc:525:parse_blif$15655.genblk1.genblk1.genblk1.genblk1.genblk1.lut1 (4 -> 1)
  Optimizing lut $abc$15194$auto$blifparse.cc:525:parse_blif$15652.genblk1.genblk1.genblk1.genblk1.genblk1.lut1 (4 -> 1)
  Optimizing lut $abc$15194$auto$blifparse.cc:525:parse_blif$16273.genblk1.genblk1.genblk1.genblk1.genblk1.genblk1.genblk1.lut2 (4 -> 0)
  Optimizing lut $abc$15194$auto$blifparse.cc:525:parse_blif$16273.genblk1.genblk1.genblk1.genblk1.genblk1.genblk1.genblk1.lut3 (4 -> 0)
  Optimizing lut $abc$15194$auto$blifparse.cc:525:parse_blif$16273.genblk1.genblk1.genblk1.genblk1.genblk1.genblk1.genblk1.lut4 (4 -> 0)
  Optimizing lut $abc$15194$auto$blifparse.cc:525:parse_blif$16273.genblk1.genblk1.genblk1.genblk1.genblk1.genblk1.genblk1.lut5 (4 -> 0)
  Optimizing lut $abc$15194$auto$blifparse.cc:525:parse_blif$16273.genblk1.genblk1.genblk1.genblk1.genblk1.genblk1.genblk1.lut6 (4 -> 0)
  Optimizing lut $abc$15194$auto$blifparse.cc:525:parse_blif$16211.genblk1.genblk1.genblk1.genblk1.genblk1.genblk1.genblk1.lut2 (4 -> 0)
  Optimizing lut $abc$15194$auto$blifparse.cc:525:parse_blif$16211.genblk1.genblk1.genblk1.genblk1.genblk1.genblk1.genblk1.lut3 (4 -> 0)
  Optimizing lut $abc$15194$auto$blifparse.cc:525:parse_blif$16211.genblk1.genblk1.genblk1.genblk1.genblk1.genblk1.genblk1.lut4 (4 -> 0)
  Optimizing lut $abc$15194$auto$blifparse.cc:525:parse_blif$16211.genblk1.genblk1.genblk1.genblk1.genblk1.genblk1.genblk1.lut5 (4 -> 0)
  Optimizing lut $abc$15194$auto$blifparse.cc:525:parse_blif$16211.genblk1.genblk1.genblk1.genblk1.genblk1.genblk1.genblk1.lut6 (4 -> 0)
  Optimizing lut $abc$15194$auto$blifparse.cc:525:parse_blif$16267.genblk1.genblk1.genblk1.genblk1.genblk1.genblk1.genblk1.lut1 (4 -> 0)
  Optimizing lut $abc$15194$auto$blifparse.cc:525:parse_blif$16267.genblk1.genblk1.genblk1.genblk1.genblk1.genblk1.genblk1.lut2 (4 -> 0)
  Optimizing lut $abc$15194$auto$blifparse.cc:525:parse_blif$16267.genblk1.genblk1.genblk1.genblk1.genblk1.genblk1.genblk1.lut3 (4 -> 0)
  Optimizing lut $abc$15194$auto$blifparse.cc:525:parse_blif$16267.genblk1.genblk1.genblk1.genblk1.genblk1.genblk1.genblk1.lut4 (4 -> 0)
  Optimizing lut $abc$15194$auto$blifparse.cc:525:parse_blif$16267.genblk1.genblk1.genblk1.genblk1.genblk1.genblk1.genblk1.lut5 (4 -> 0)
  Optimizing lut $abc$15194$auto$blifparse.cc:525:parse_blif$16267.genblk1.genblk1.genblk1.genblk1.genblk1.genblk1.genblk1.lut6 (4 -> 0)
  Optimizing lut $abc$15194$auto$blifparse.cc:525:parse_blif$16097.genblk1.genblk1.genblk1.genblk1.genblk1.genblk1.genblk1.lut1 (4 -> 3)
  Optimizing lut $abc$15194$auto$blifparse.cc:525:parse_blif$16097.genblk1.genblk1.genblk1.genblk1.genblk1.genblk1.genblk1.lut2 (4 -> 3)
  Optimizing lut $abc$15194$auto$blifparse.cc:525:parse_blif$16097.genblk1.genblk1.genblk1.genblk1.genblk1.genblk1.genblk1.lut4 (4 -> 0)
  Optimizing lut $abc$15194$auto$blifparse.cc:525:parse_blif$16097.genblk1.genblk1.genblk1.genblk1.genblk1.genblk1.genblk1.lut5 (4 -> 0)
  Optimizing lut $abc$15194$auto$blifparse.cc:525:parse_blif$16097.genblk1.genblk1.genblk1.genblk1.genblk1.genblk1.genblk1.lut6 (4 -> 0)
  Optimizing lut $abc$15194$auto$blifparse.cc:525:parse_blif$16097.genblk1.genblk1.genblk1.genblk1.genblk1.genblk1.genblk1.lut7 (4 -> 1)
  Optimizing lut $abc$15194$auto$blifparse.cc:525:parse_blif$16244.genblk1.genblk1.genblk1.genblk1.genblk1.genblk1.genblk1.lut2 (4 -> 0)
  Optimizing lut $abc$15194$auto$blifparse.cc:525:parse_blif$16244.genblk1.genblk1.genblk1.genblk1.genblk1.genblk1.genblk1.lut3 (4 -> 0)
  Optimizing lut $abc$15194$auto$blifparse.cc:525:parse_blif$16244.genblk1.genblk1.genblk1.genblk1.genblk1.genblk1.genblk1.lut4 (4 -> 0)
  Optimizing lut $abc$15194$auto$blifparse.cc:525:parse_blif$16244.genblk1.genblk1.genblk1.genblk1.genblk1.genblk1.genblk1.lut5 (4 -> 0)
  Optimizing lut $abc$15194$auto$blifparse.cc:525:parse_blif$16244.genblk1.genblk1.genblk1.genblk1.genblk1.genblk1.genblk1.lut6 (4 -> 0)
  Optimizing lut $abc$15194$auto$blifparse.cc:525:parse_blif$16106.genblk1.genblk1.genblk1.genblk1.genblk1.genblk1.lut2 (4 -> 0)
  Optimizing lut $abc$15194$auto$blifparse.cc:525:parse_blif$16106.genblk1.genblk1.genblk1.genblk1.genblk1.genblk1.lut3 (4 -> 1)
  Optimizing lut $abc$15194$auto$blifparse.cc:525:parse_blif$16150.genblk1.genblk1.genblk1.genblk1.genblk1.genblk1.lut1 (4 -> 3)
  Optimizing lut $abc$15194$auto$blifparse.cc:525:parse_blif$16150.genblk1.genblk1.genblk1.genblk1.genblk1.genblk1.lut2 (4 -> 3)
  Optimizing lut $abc$15194$auto$blifparse.cc:525:parse_blif$16121.genblk1.genblk1.genblk1.genblk1.genblk1.lut1 (4 -> 0)
  Optimizing lut $abc$15194$auto$blifparse.cc:525:parse_blif$16141.genblk1.genblk1.genblk1.genblk1.genblk1.genblk1.lut1 (4 -> 3)
  Optimizing lut $abc$15194$auto$blifparse.cc:525:parse_blif$16141.genblk1.genblk1.genblk1.genblk1.genblk1.genblk1.lut2 (4 -> 3)
  Optimizing lut $abc$15194$auto$blifparse.cc:525:parse_blif$16136.genblk1.genblk1.genblk1.genblk1.genblk1.lut1 (4 -> 0)
  Optimizing lut $abc$15194$auto$blifparse.cc:525:parse_blif$16186.genblk1.genblk1.genblk1.genblk1.genblk1.genblk1.lut1 (4 -> 0)
  Optimizing lut $abc$15194$auto$blifparse.cc:525:parse_blif$16186.genblk1.genblk1.genblk1.genblk1.genblk1.genblk1.lut2 (4 -> 1)
  Optimizing lut $abc$15194$auto$blifparse.cc:525:parse_blif$16178.genblk1.genblk1.genblk1.genblk1.genblk1.genblk1.lut2 (4 -> 1)
  Optimizing lut $abc$15194$auto$blifparse.cc:525:parse_blif$16159.genblk1.genblk1.genblk1.genblk1.genblk1.genblk1.lut1 (4 -> 3)
  Optimizing lut $abc$15194$auto$blifparse.cc:525:parse_blif$16159.genblk1.genblk1.genblk1.genblk1.genblk1.genblk1.lut2 (4 -> 3)
  Optimizing lut $abc$15194$auto$blifparse.cc:525:parse_blif$16168.genblk1.genblk1.genblk1.genblk1.genblk1.genblk1.lut2 (4 -> 3)
  Optimizing lut $abc$15194$auto$blifparse.cc:525:parse_blif$16185.genblk1.genblk1.genblk1.genblk1.genblk1.genblk1.lut1 (4 -> 3)
  Optimizing lut $abc$15194$auto$blifparse.cc:525:parse_blif$16185.genblk1.genblk1.genblk1.genblk1.genblk1.genblk1.lut2 (4 -> 3)
  Optimizing lut $abc$15194$auto$blifparse.cc:525:parse_blif$16202.genblk1.genblk1.genblk1.genblk1.genblk1.genblk1.genblk1.lut2 (4 -> 0)
  Optimizing lut $abc$15194$auto$blifparse.cc:525:parse_blif$16202.genblk1.genblk1.genblk1.genblk1.genblk1.genblk1.genblk1.lut3 (4 -> 0)
  Optimizing lut $abc$15194$auto$blifparse.cc:525:parse_blif$16202.genblk1.genblk1.genblk1.genblk1.genblk1.genblk1.genblk1.lut4 (4 -> 0)
  Optimizing lut $abc$15194$auto$blifparse.cc:525:parse_blif$16202.genblk1.genblk1.genblk1.genblk1.genblk1.genblk1.genblk1.lut5 (4 -> 0)
  Optimizing lut $abc$15194$auto$blifparse.cc:525:parse_blif$16202.genblk1.genblk1.genblk1.genblk1.genblk1.genblk1.genblk1.lut6 (4 -> 0)
  Optimizing lut $abc$15194$auto$blifparse.cc:525:parse_blif$16194.genblk1.genblk1.genblk1.genblk1.genblk1.genblk1.lut2 (4 -> 1)
  Optimizing lut $abc$15194$auto$blifparse.cc:525:parse_blif$16201.genblk1.genblk1.genblk1.genblk1.genblk1.genblk1.lut1 (4 -> 3)
  Optimizing lut $abc$15194$auto$blifparse.cc:525:parse_blif$16201.genblk1.genblk1.genblk1.genblk1.genblk1.genblk1.lut2 (4 -> 3)
  Optimizing lut $abc$15194$auto$blifparse.cc:525:parse_blif$16197.genblk1.genblk1.genblk1.genblk1.genblk1.lut1 (4 -> 0)
  Optimizing lut $abc$15194$auto$blifparse.cc:525:parse_blif$16210.genblk1.genblk1.genblk1.genblk1.genblk1.genblk1.lut1 (4 -> 3)
  Optimizing lut $abc$15194$auto$blifparse.cc:525:parse_blif$16210.genblk1.genblk1.genblk1.genblk1.genblk1.genblk1.lut2 (4 -> 3)
  Optimizing lut $abc$15194$auto$blifparse.cc:525:parse_blif$16169.genblk1.genblk1.genblk1.genblk1.genblk1.genblk1.lut2 (4 -> 1)
  Optimizing lut $abc$15194$auto$blifparse.cc:525:parse_blif$16177.genblk1.genblk1.genblk1.genblk1.genblk1.genblk1.lut1 (4 -> 3)
  Optimizing lut $abc$15194$auto$blifparse.cc:525:parse_blif$16177.genblk1.genblk1.genblk1.genblk1.genblk1.genblk1.lut2 (4 -> 3)
  Optimizing lut $abc$15194$auto$blifparse.cc:525:parse_blif$15664.genblk1.genblk1.genblk1.genblk1.genblk1.lut1 (4 -> 1)
  Optimizing lut $abc$15194$auto$blifparse.cc:525:parse_blif$16229.genblk1.genblk1.genblk1.genblk1.genblk1.genblk1.genblk1.lut2 (4 -> 0)
  Optimizing lut $abc$15194$auto$blifparse.cc:525:parse_blif$16229.genblk1.genblk1.genblk1.genblk1.genblk1.genblk1.genblk1.lut3 (4 -> 0)
  Optimizing lut $abc$15194$auto$blifparse.cc:525:parse_blif$16229.genblk1.genblk1.genblk1.genblk1.genblk1.genblk1.genblk1.lut4 (4 -> 0)
  Optimizing lut $abc$15194$auto$blifparse.cc:525:parse_blif$16229.genblk1.genblk1.genblk1.genblk1.genblk1.genblk1.genblk1.lut5 (4 -> 0)
  Optimizing lut $abc$15194$auto$blifparse.cc:525:parse_blif$16229.genblk1.genblk1.genblk1.genblk1.genblk1.genblk1.genblk1.lut6 (4 -> 0)
  Optimizing lut $abc$15194$auto$blifparse.cc:525:parse_blif$16279.genblk1.genblk1.genblk1.genblk1.genblk1.genblk1.genblk1.lut2 (4 -> 0)
  Optimizing lut $abc$15194$auto$blifparse.cc:525:parse_blif$16279.genblk1.genblk1.genblk1.genblk1.genblk1.genblk1.genblk1.lut3 (4 -> 0)
  Optimizing lut $abc$15194$auto$blifparse.cc:525:parse_blif$16279.genblk1.genblk1.genblk1.genblk1.genblk1.genblk1.genblk1.lut4 (4 -> 0)
  Optimizing lut $abc$15194$auto$blifparse.cc:525:parse_blif$16279.genblk1.genblk1.genblk1.genblk1.genblk1.genblk1.genblk1.lut5 (4 -> 0)
  Optimizing lut $abc$15194$auto$blifparse.cc:525:parse_blif$16279.genblk1.genblk1.genblk1.genblk1.genblk1.genblk1.genblk1.lut6 (4 -> 0)
  Optimizing lut $abc$15194$auto$blifparse.cc:525:parse_blif$16193.genblk1.genblk1.genblk1.genblk1.genblk1.genblk1.lut1 (4 -> 3)
  Optimizing lut $abc$15194$auto$blifparse.cc:525:parse_blif$16193.genblk1.genblk1.genblk1.genblk1.genblk1.genblk1.lut2 (4 -> 3)
  Optimizing lut $abc$15194$auto$blifparse.cc:525:parse_blif$16238.genblk1.genblk1.genblk1.genblk1.genblk1.genblk1.genblk1.lut2 (4 -> 0)
  Optimizing lut $abc$15194$auto$blifparse.cc:525:parse_blif$16238.genblk1.genblk1.genblk1.genblk1.genblk1.genblk1.genblk1.lut3 (4 -> 0)
  Optimizing lut $abc$15194$auto$blifparse.cc:525:parse_blif$16238.genblk1.genblk1.genblk1.genblk1.genblk1.genblk1.genblk1.lut4 (4 -> 0)
  Optimizing lut $abc$15194$auto$blifparse.cc:525:parse_blif$16238.genblk1.genblk1.genblk1.genblk1.genblk1.genblk1.genblk1.lut5 (4 -> 0)
  Optimizing lut $abc$15194$auto$blifparse.cc:525:parse_blif$16238.genblk1.genblk1.genblk1.genblk1.genblk1.genblk1.genblk1.lut6 (4 -> 0)
  Optimizing lut $abc$15194$auto$blifparse.cc:525:parse_blif$16219.genblk1.genblk1.genblk1.genblk1.genblk1.genblk1.lut1 (4 -> 3)
  Optimizing lut $abc$15194$auto$blifparse.cc:525:parse_blif$16219.genblk1.genblk1.genblk1.genblk1.genblk1.genblk1.lut2 (4 -> 3)
  Optimizing lut $abc$15194$auto$blifparse.cc:525:parse_blif$16250.genblk1.genblk1.genblk1.genblk1.genblk1.genblk1.genblk1.lut2 (4 -> 0)
  Optimizing lut $abc$15194$auto$blifparse.cc:525:parse_blif$16250.genblk1.genblk1.genblk1.genblk1.genblk1.genblk1.genblk1.lut3 (4 -> 0)
  Optimizing lut $abc$15194$auto$blifparse.cc:525:parse_blif$16250.genblk1.genblk1.genblk1.genblk1.genblk1.genblk1.genblk1.lut4 (4 -> 0)
  Optimizing lut $abc$15194$auto$blifparse.cc:525:parse_blif$16250.genblk1.genblk1.genblk1.genblk1.genblk1.genblk1.genblk1.lut5 (4 -> 0)
  Optimizing lut $abc$15194$auto$blifparse.cc:525:parse_blif$16250.genblk1.genblk1.genblk1.genblk1.genblk1.genblk1.genblk1.lut6 (4 -> 0)
  Optimizing lut $abc$15194$auto$blifparse.cc:525:parse_blif$16256.genblk1.genblk1.genblk1.genblk1.genblk1.genblk1.genblk1.lut2 (4 -> 0)
  Optimizing lut $abc$15194$auto$blifparse.cc:525:parse_blif$16256.genblk1.genblk1.genblk1.genblk1.genblk1.genblk1.genblk1.lut3 (4 -> 0)
  Optimizing lut $abc$15194$auto$blifparse.cc:525:parse_blif$16256.genblk1.genblk1.genblk1.genblk1.genblk1.genblk1.genblk1.lut4 (4 -> 0)
  Optimizing lut $abc$15194$auto$blifparse.cc:525:parse_blif$16256.genblk1.genblk1.genblk1.genblk1.genblk1.genblk1.genblk1.lut5 (4 -> 0)
  Optimizing lut $abc$15194$auto$blifparse.cc:525:parse_blif$16256.genblk1.genblk1.genblk1.genblk1.genblk1.genblk1.genblk1.lut6 (4 -> 0)
  Optimizing lut $abc$15194$auto$blifparse.cc:525:parse_blif$15703.genblk1.genblk1.genblk1.genblk1.genblk1.genblk1.genblk1.lut2 (4 -> 1)
  Optimizing lut $abc$15194$auto$blifparse.cc:525:parse_blif$15703.genblk1.genblk1.genblk1.genblk1.genblk1.genblk1.genblk1.lut3 (4 -> 1)
  Optimizing lut $abc$15194$auto$blifparse.cc:525:parse_blif$15703.genblk1.genblk1.genblk1.genblk1.genblk1.genblk1.genblk1.lut4 (4 -> 1)
  Optimizing lut $abc$15194$auto$blifparse.cc:525:parse_blif$15703.genblk1.genblk1.genblk1.genblk1.genblk1.genblk1.genblk1.lut5 (4 -> 1)
  Optimizing lut $abc$15194$auto$blifparse.cc:525:parse_blif$15703.genblk1.genblk1.genblk1.genblk1.genblk1.genblk1.genblk1.lut6 (4 -> 1)
  Optimizing lut $abc$15194$auto$blifparse.cc:525:parse_blif$15703.genblk1.genblk1.genblk1.genblk1.genblk1.genblk1.genblk1.lut7 (4 -> 1)
  Optimizing lut $abc$15194$auto$blifparse.cc:525:parse_blif$15676.genblk1.genblk1.genblk1.genblk1.genblk1.lut1 (4 -> 1)
  Optimizing lut $abc$15194$auto$blifparse.cc:525:parse_blif$15695.genblk1.genblk1.genblk1.genblk1.genblk1.genblk1.genblk1.lut1 (4 -> 3)
  Optimizing lut $abc$15194$auto$blifparse.cc:525:parse_blif$15695.genblk1.genblk1.genblk1.genblk1.genblk1.genblk1.genblk1.lut2 (4 -> 1)
  Optimizing lut $abc$15194$auto$blifparse.cc:525:parse_blif$15695.genblk1.genblk1.genblk1.genblk1.genblk1.genblk1.genblk1.lut3 (4 -> 1)
  Optimizing lut $abc$15194$auto$blifparse.cc:525:parse_blif$15695.genblk1.genblk1.genblk1.genblk1.genblk1.genblk1.genblk1.lut4 (4 -> 1)
  Optimizing lut $abc$15194$auto$blifparse.cc:525:parse_blif$15695.genblk1.genblk1.genblk1.genblk1.genblk1.genblk1.genblk1.lut5 (4 -> 1)
  Optimizing lut $abc$15194$auto$blifparse.cc:525:parse_blif$15695.genblk1.genblk1.genblk1.genblk1.genblk1.genblk1.genblk1.lut6 (4 -> 1)
  Optimizing lut $abc$15194$auto$blifparse.cc:525:parse_blif$15695.genblk1.genblk1.genblk1.genblk1.genblk1.genblk1.genblk1.lut7 (4 -> 1)
  Optimizing lut $abc$15194$auto$blifparse.cc:525:parse_blif$15702.genblk1.genblk1.genblk1.genblk1.genblk1.genblk1.genblk1.lut2 (4 -> 1)
  Optimizing lut $abc$15194$auto$blifparse.cc:525:parse_blif$15702.genblk1.genblk1.genblk1.genblk1.genblk1.genblk1.genblk1.lut3 (4 -> 1)
  Optimizing lut $abc$15194$auto$blifparse.cc:525:parse_blif$15702.genblk1.genblk1.genblk1.genblk1.genblk1.genblk1.genblk1.lut4 (4 -> 1)
  Optimizing lut $abc$15194$auto$blifparse.cc:525:parse_blif$15702.genblk1.genblk1.genblk1.genblk1.genblk1.genblk1.genblk1.lut5 (4 -> 1)
  Optimizing lut $abc$15194$auto$blifparse.cc:525:parse_blif$15702.genblk1.genblk1.genblk1.genblk1.genblk1.genblk1.genblk1.lut6 (4 -> 1)
  Optimizing lut $abc$15194$auto$blifparse.cc:525:parse_blif$15702.genblk1.genblk1.genblk1.genblk1.genblk1.genblk1.genblk1.lut7 (4 -> 1)
  Optimizing lut $abc$15194$auto$blifparse.cc:525:parse_blif$15675.genblk1.genblk1.genblk1.genblk1.genblk1.lut1 (4 -> 1)
  Optimizing lut $abc$15194$auto$blifparse.cc:525:parse_blif$15694.genblk1.genblk1.genblk1.genblk1.genblk1.genblk1.genblk1.lut1 (4 -> 3)
  Optimizing lut $abc$15194$auto$blifparse.cc:525:parse_blif$15694.genblk1.genblk1.genblk1.genblk1.genblk1.genblk1.genblk1.lut2 (4 -> 1)
  Optimizing lut $abc$15194$auto$blifparse.cc:525:parse_blif$15694.genblk1.genblk1.genblk1.genblk1.genblk1.genblk1.genblk1.lut3 (4 -> 1)
  Optimizing lut $abc$15194$auto$blifparse.cc:525:parse_blif$15694.genblk1.genblk1.genblk1.genblk1.genblk1.genblk1.genblk1.lut4 (4 -> 1)
  Optimizing lut $abc$15194$auto$blifparse.cc:525:parse_blif$15694.genblk1.genblk1.genblk1.genblk1.genblk1.genblk1.genblk1.lut5 (4 -> 1)
  Optimizing lut $abc$15194$auto$blifparse.cc:525:parse_blif$15694.genblk1.genblk1.genblk1.genblk1.genblk1.genblk1.genblk1.lut6 (4 -> 1)
  Optimizing lut $abc$15194$auto$blifparse.cc:525:parse_blif$15694.genblk1.genblk1.genblk1.genblk1.genblk1.genblk1.genblk1.lut7 (4 -> 1)
  Optimizing lut $abc$15194$auto$blifparse.cc:525:parse_blif$16262.genblk1.genblk1.genblk1.genblk1.genblk1.genblk1.lut1 (4 -> 0)
  Optimizing lut $abc$15194$auto$blifparse.cc:525:parse_blif$16262.genblk1.genblk1.genblk1.genblk1.genblk1.genblk1.lut2 (4 -> 1)
  Optimizing lut $abc$15194$auto$blifparse.cc:525:parse_blif$15701.genblk1.genblk1.genblk1.genblk1.genblk1.genblk1.genblk1.lut2 (4 -> 1)
  Optimizing lut $abc$15194$auto$blifparse.cc:525:parse_blif$15701.genblk1.genblk1.genblk1.genblk1.genblk1.genblk1.genblk1.lut3 (4 -> 1)
  Optimizing lut $abc$15194$auto$blifparse.cc:525:parse_blif$15701.genblk1.genblk1.genblk1.genblk1.genblk1.genblk1.genblk1.lut4 (4 -> 1)
  Optimizing lut $abc$15194$auto$blifparse.cc:525:parse_blif$15701.genblk1.genblk1.genblk1.genblk1.genblk1.genblk1.genblk1.lut5 (4 -> 1)
  Optimizing lut $abc$15194$auto$blifparse.cc:525:parse_blif$15701.genblk1.genblk1.genblk1.genblk1.genblk1.genblk1.genblk1.lut6 (4 -> 1)
  Optimizing lut $abc$15194$auto$blifparse.cc:525:parse_blif$15701.genblk1.genblk1.genblk1.genblk1.genblk1.genblk1.genblk1.lut7 (4 -> 1)
  Optimizing lut $abc$15194$auto$blifparse.cc:525:parse_blif$15674.genblk1.genblk1.genblk1.genblk1.genblk1.lut1 (4 -> 1)
  Optimizing lut $abc$15194$auto$blifparse.cc:525:parse_blif$15693.genblk1.genblk1.genblk1.genblk1.genblk1.genblk1.genblk1.lut1 (4 -> 3)
  Optimizing lut $abc$15194$auto$blifparse.cc:525:parse_blif$15693.genblk1.genblk1.genblk1.genblk1.genblk1.genblk1.genblk1.lut2 (4 -> 1)
  Optimizing lut $abc$15194$auto$blifparse.cc:525:parse_blif$15693.genblk1.genblk1.genblk1.genblk1.genblk1.genblk1.genblk1.lut3 (4 -> 1)
  Optimizing lut $abc$15194$auto$blifparse.cc:525:parse_blif$15693.genblk1.genblk1.genblk1.genblk1.genblk1.genblk1.genblk1.lut4 (4 -> 1)
  Optimizing lut $abc$15194$auto$blifparse.cc:525:parse_blif$15693.genblk1.genblk1.genblk1.genblk1.genblk1.genblk1.genblk1.lut5 (4 -> 1)
  Optimizing lut $abc$15194$auto$blifparse.cc:525:parse_blif$15693.genblk1.genblk1.genblk1.genblk1.genblk1.genblk1.genblk1.lut6 (4 -> 1)
  Optimizing lut $abc$15194$auto$blifparse.cc:525:parse_blif$15693.genblk1.genblk1.genblk1.genblk1.genblk1.genblk1.genblk1.lut7 (4 -> 1)
  Optimizing lut $abc$15194$auto$blifparse.cc:525:parse_blif$15700.genblk1.genblk1.genblk1.genblk1.genblk1.genblk1.genblk1.lut2 (4 -> 1)
  Optimizing lut $abc$15194$auto$blifparse.cc:525:parse_blif$15700.genblk1.genblk1.genblk1.genblk1.genblk1.genblk1.genblk1.lut3 (4 -> 1)
  Optimizing lut $abc$15194$auto$blifparse.cc:525:parse_blif$15700.genblk1.genblk1.genblk1.genblk1.genblk1.genblk1.genblk1.lut4 (4 -> 1)
  Optimizing lut $abc$15194$auto$blifparse.cc:525:parse_blif$15700.genblk1.genblk1.genblk1.genblk1.genblk1.genblk1.genblk1.lut5 (4 -> 1)
  Optimizing lut $abc$15194$auto$blifparse.cc:525:parse_blif$15700.genblk1.genblk1.genblk1.genblk1.genblk1.genblk1.genblk1.lut6 (4 -> 1)
  Optimizing lut $abc$15194$auto$blifparse.cc:525:parse_blif$15700.genblk1.genblk1.genblk1.genblk1.genblk1.genblk1.genblk1.lut7 (4 -> 1)
  Optimizing lut $abc$15194$auto$blifparse.cc:525:parse_blif$15673.genblk1.genblk1.genblk1.genblk1.genblk1.lut1 (4 -> 1)
  Optimizing lut $abc$15194$auto$blifparse.cc:525:parse_blif$15692.genblk1.genblk1.genblk1.genblk1.genblk1.genblk1.genblk1.lut1 (4 -> 3)
  Optimizing lut $abc$15194$auto$blifparse.cc:525:parse_blif$15692.genblk1.genblk1.genblk1.genblk1.genblk1.genblk1.genblk1.lut2 (4 -> 1)
  Optimizing lut $abc$15194$auto$blifparse.cc:525:parse_blif$15692.genblk1.genblk1.genblk1.genblk1.genblk1.genblk1.genblk1.lut3 (4 -> 1)
  Optimizing lut $abc$15194$auto$blifparse.cc:525:parse_blif$15692.genblk1.genblk1.genblk1.genblk1.genblk1.genblk1.genblk1.lut4 (4 -> 1)
  Optimizing lut $abc$15194$auto$blifparse.cc:525:parse_blif$15692.genblk1.genblk1.genblk1.genblk1.genblk1.genblk1.genblk1.lut5 (4 -> 1)
  Optimizing lut $abc$15194$auto$blifparse.cc:525:parse_blif$15692.genblk1.genblk1.genblk1.genblk1.genblk1.genblk1.genblk1.lut6 (4 -> 1)
  Optimizing lut $abc$15194$auto$blifparse.cc:525:parse_blif$15692.genblk1.genblk1.genblk1.genblk1.genblk1.genblk1.genblk1.lut7 (4 -> 1)
  Optimizing lut $abc$15194$auto$blifparse.cc:525:parse_blif$15680.genblk1.genblk1.genblk1.genblk1.genblk1.lut1 (4 -> 1)
  Optimizing lut $abc$15194$auto$blifparse.cc:525:parse_blif$15699.genblk1.genblk1.genblk1.genblk1.genblk1.genblk1.genblk1.lut1 (4 -> 3)
  Optimizing lut $abc$15194$auto$blifparse.cc:525:parse_blif$15699.genblk1.genblk1.genblk1.genblk1.genblk1.genblk1.genblk1.lut2 (4 -> 1)
  Optimizing lut $abc$15194$auto$blifparse.cc:525:parse_blif$15699.genblk1.genblk1.genblk1.genblk1.genblk1.genblk1.genblk1.lut3 (4 -> 1)
  Optimizing lut $abc$15194$auto$blifparse.cc:525:parse_blif$15699.genblk1.genblk1.genblk1.genblk1.genblk1.genblk1.genblk1.lut4 (4 -> 1)
  Optimizing lut $abc$15194$auto$blifparse.cc:525:parse_blif$15699.genblk1.genblk1.genblk1.genblk1.genblk1.genblk1.genblk1.lut5 (4 -> 1)
  Optimizing lut $abc$15194$auto$blifparse.cc:525:parse_blif$15699.genblk1.genblk1.genblk1.genblk1.genblk1.genblk1.genblk1.lut6 (4 -> 1)
  Optimizing lut $abc$15194$auto$blifparse.cc:525:parse_blif$15699.genblk1.genblk1.genblk1.genblk1.genblk1.genblk1.genblk1.lut7 (4 -> 1)
  Optimizing lut $abc$15194$auto$blifparse.cc:525:parse_blif$15672.genblk1.genblk1.genblk1.genblk1.genblk1.lut1 (4 -> 1)
  Optimizing lut $abc$15194$auto$blifparse.cc:525:parse_blif$15691.genblk1.genblk1.genblk1.genblk1.genblk1.genblk1.genblk1.lut1 (4 -> 3)
  Optimizing lut $abc$15194$auto$blifparse.cc:525:parse_blif$15691.genblk1.genblk1.genblk1.genblk1.genblk1.genblk1.genblk1.lut2 (4 -> 1)
  Optimizing lut $abc$15194$auto$blifparse.cc:525:parse_blif$15691.genblk1.genblk1.genblk1.genblk1.genblk1.genblk1.genblk1.lut3 (4 -> 1)
  Optimizing lut $abc$15194$auto$blifparse.cc:525:parse_blif$15691.genblk1.genblk1.genblk1.genblk1.genblk1.genblk1.genblk1.lut4 (4 -> 1)
  Optimizing lut $abc$15194$auto$blifparse.cc:525:parse_blif$15691.genblk1.genblk1.genblk1.genblk1.genblk1.genblk1.genblk1.lut5 (4 -> 1)
  Optimizing lut $abc$15194$auto$blifparse.cc:525:parse_blif$15691.genblk1.genblk1.genblk1.genblk1.genblk1.genblk1.genblk1.lut6 (4 -> 1)
  Optimizing lut $abc$15194$auto$blifparse.cc:525:parse_blif$15691.genblk1.genblk1.genblk1.genblk1.genblk1.genblk1.genblk1.lut7 (4 -> 1)
  Optimizing lut $abc$15194$auto$blifparse.cc:525:parse_blif$15679.genblk1.genblk1.genblk1.genblk1.genblk1.lut1 (4 -> 1)
  Optimizing lut $abc$15194$auto$blifparse.cc:525:parse_blif$15698.genblk1.genblk1.genblk1.genblk1.genblk1.genblk1.genblk1.lut1 (4 -> 3)
  Optimizing lut $abc$15194$auto$blifparse.cc:525:parse_blif$15698.genblk1.genblk1.genblk1.genblk1.genblk1.genblk1.genblk1.lut2 (4 -> 1)
  Optimizing lut $abc$15194$auto$blifparse.cc:525:parse_blif$15698.genblk1.genblk1.genblk1.genblk1.genblk1.genblk1.genblk1.lut3 (4 -> 1)
  Optimizing lut $abc$15194$auto$blifparse.cc:525:parse_blif$15698.genblk1.genblk1.genblk1.genblk1.genblk1.genblk1.genblk1.lut4 (4 -> 1)
  Optimizing lut $abc$15194$auto$blifparse.cc:525:parse_blif$15698.genblk1.genblk1.genblk1.genblk1.genblk1.genblk1.genblk1.lut5 (4 -> 1)
  Optimizing lut $abc$15194$auto$blifparse.cc:525:parse_blif$15698.genblk1.genblk1.genblk1.genblk1.genblk1.genblk1.genblk1.lut6 (4 -> 1)
  Optimizing lut $abc$15194$auto$blifparse.cc:525:parse_blif$15698.genblk1.genblk1.genblk1.genblk1.genblk1.genblk1.genblk1.lut7 (4 -> 1)
  Optimizing lut $abc$15194$auto$blifparse.cc:525:parse_blif$15671.genblk1.genblk1.genblk1.genblk1.genblk1.lut1 (4 -> 1)
  Optimizing lut $abc$15194$auto$blifparse.cc:525:parse_blif$15697.genblk1.genblk1.genblk1.genblk1.genblk1.genblk1.genblk1.lut1 (4 -> 3)
  Optimizing lut $abc$15194$auto$blifparse.cc:525:parse_blif$15697.genblk1.genblk1.genblk1.genblk1.genblk1.genblk1.genblk1.lut2 (4 -> 1)
  Optimizing lut $abc$15194$auto$blifparse.cc:525:parse_blif$15697.genblk1.genblk1.genblk1.genblk1.genblk1.genblk1.genblk1.lut3 (4 -> 1)
  Optimizing lut $abc$15194$auto$blifparse.cc:525:parse_blif$15697.genblk1.genblk1.genblk1.genblk1.genblk1.genblk1.genblk1.lut4 (4 -> 1)
  Optimizing lut $abc$15194$auto$blifparse.cc:525:parse_blif$15697.genblk1.genblk1.genblk1.genblk1.genblk1.genblk1.genblk1.lut5 (4 -> 1)
  Optimizing lut $abc$15194$auto$blifparse.cc:525:parse_blif$15697.genblk1.genblk1.genblk1.genblk1.genblk1.genblk1.genblk1.lut6 (4 -> 1)
  Optimizing lut $abc$15194$auto$blifparse.cc:525:parse_blif$15697.genblk1.genblk1.genblk1.genblk1.genblk1.genblk1.genblk1.lut7 (4 -> 1)
  Optimizing lut $abc$15194$auto$blifparse.cc:525:parse_blif$15670.genblk1.genblk1.genblk1.genblk1.genblk1.lut1 (4 -> 1)
  Optimizing lut $abc$15194$auto$blifparse.cc:525:parse_blif$15696.genblk1.genblk1.genblk1.genblk1.genblk1.genblk1.genblk1.lut1 (4 -> 3)
  Optimizing lut $abc$15194$auto$blifparse.cc:525:parse_blif$15696.genblk1.genblk1.genblk1.genblk1.genblk1.genblk1.genblk1.lut2 (4 -> 1)
  Optimizing lut $abc$15194$auto$blifparse.cc:525:parse_blif$15696.genblk1.genblk1.genblk1.genblk1.genblk1.genblk1.genblk1.lut3 (4 -> 1)
  Optimizing lut $abc$15194$auto$blifparse.cc:525:parse_blif$15696.genblk1.genblk1.genblk1.genblk1.genblk1.genblk1.genblk1.lut4 (4 -> 1)
  Optimizing lut $abc$15194$auto$blifparse.cc:525:parse_blif$15696.genblk1.genblk1.genblk1.genblk1.genblk1.genblk1.genblk1.lut5 (4 -> 1)
  Optimizing lut $abc$15194$auto$blifparse.cc:525:parse_blif$15696.genblk1.genblk1.genblk1.genblk1.genblk1.genblk1.genblk1.lut6 (4 -> 1)
  Optimizing lut $abc$15194$auto$blifparse.cc:525:parse_blif$15696.genblk1.genblk1.genblk1.genblk1.genblk1.genblk1.genblk1.lut7 (4 -> 1)
  Optimizing lut $abc$15194$auto$blifparse.cc:525:parse_blif$15669.genblk1.genblk1.genblk1.genblk1.genblk1.lut1 (4 -> 1)
  Optimizing lut $abc$15194$auto$blifparse.cc:525:parse_blif$15662.genblk1.genblk1.genblk1.genblk1.genblk1.lut1 (4 -> 1)
  Optimizing lut $abc$15194$auto$blifparse.cc:525:parse_blif$15659.genblk1.genblk1.genblk1.genblk1.genblk1.lut1 (4 -> 1)
  Optimizing lut $abc$15194$auto$blifparse.cc:525:parse_blif$15656.genblk1.genblk1.genblk1.genblk1.genblk1.lut1 (4 -> 1)
  Optimizing lut $abc$15194$auto$blifparse.cc:525:parse_blif$15653.genblk1.genblk1.genblk1.genblk1.genblk1.lut1 (4 -> 1)
  Optimizing lut $abc$15194$auto$blifparse.cc:525:parse_blif$16237.genblk1.genblk1.genblk1.genblk1.genblk1.genblk1.lut2 (4 -> 3)
  Optimizing lut $abc$15194$auto$blifparse.cc:525:parse_blif$15661.genblk1.genblk1.genblk1.genblk1.genblk1.lut1 (4 -> 1)
  Optimizing lut $abc$15194$auto$blifparse.cc:525:parse_blif$15658.genblk1.genblk1.genblk1.genblk1.genblk1.lut1 (4 -> 1)
  Optimizing lut $abc$15194$auto$blifparse.cc:525:parse_blif$15777.genblk1.genblk1.genblk1.genblk1.genblk1.lut1 (4 -> 3)
  Optimizing lut $abc$15194$auto$blifparse.cc:525:parse_blif$16220.genblk1.genblk1.genblk1.genblk1.genblk1.genblk1.genblk1.lut2 (4 -> 0)
  Optimizing lut $abc$15194$auto$blifparse.cc:525:parse_blif$16220.genblk1.genblk1.genblk1.genblk1.genblk1.genblk1.genblk1.lut3 (4 -> 0)
  Optimizing lut $abc$15194$auto$blifparse.cc:525:parse_blif$16220.genblk1.genblk1.genblk1.genblk1.genblk1.genblk1.genblk1.lut4 (4 -> 0)
  Optimizing lut $abc$15194$auto$blifparse.cc:525:parse_blif$16220.genblk1.genblk1.genblk1.genblk1.genblk1.genblk1.genblk1.lut5 (4 -> 0)
  Optimizing lut $abc$15194$auto$blifparse.cc:525:parse_blif$16220.genblk1.genblk1.genblk1.genblk1.genblk1.genblk1.genblk1.lut6 (4 -> 0)
  Optimizing lut $abc$15194$auto$blifparse.cc:525:parse_blif$16094.genblk1.genblk1.genblk1.genblk1.genblk1.genblk1.genblk1.lut1 (4 -> 0)
  Optimizing lut $abc$15194$auto$blifparse.cc:525:parse_blif$16094.genblk1.genblk1.genblk1.genblk1.genblk1.genblk1.genblk1.lut2 (4 -> 0)
  Optimizing lut $abc$15194$auto$blifparse.cc:525:parse_blif$16094.genblk1.genblk1.genblk1.genblk1.genblk1.genblk1.genblk1.lut3 (4 -> 0)
  Optimizing lut $abc$15194$auto$blifparse.cc:525:parse_blif$16094.genblk1.genblk1.genblk1.genblk1.genblk1.genblk1.genblk1.lut4 (4 -> 2)
  Optimizing lut $abc$15194$auto$blifparse.cc:525:parse_blif$16094.genblk1.genblk1.genblk1.genblk1.genblk1.genblk1.genblk1.lut5 (4 -> 0)
  Optimizing lut $abc$15194$auto$blifparse.cc:525:parse_blif$16094.genblk1.genblk1.genblk1.genblk1.genblk1.genblk1.genblk1.lut6 (4 -> 2)
  Optimizing lut $abc$15194$auto$blifparse.cc:525:parse_blif$16094.genblk1.genblk1.genblk1.genblk1.genblk1.genblk1.genblk1.lut7 (4 -> 0)
  Optimizing lut $abc$15194$auto$blifparse.cc:525:parse_blif$16170.genblk1.genblk1.genblk1.genblk1.genblk1.genblk1.genblk1.lut1 (4 -> 1)
  Optimizing lut $abc$15194$auto$blifparse.cc:525:parse_blif$16170.genblk1.genblk1.genblk1.genblk1.genblk1.genblk1.genblk1.lut2 (4 -> 2)
  Optimizing lut $abc$15194$auto$blifparse.cc:525:parse_blif$16170.genblk1.genblk1.genblk1.genblk1.genblk1.genblk1.genblk1.lut3 (4 -> 1)
  Optimizing lut $abc$15194$auto$blifparse.cc:525:parse_blif$16170.genblk1.genblk1.genblk1.genblk1.genblk1.genblk1.genblk1.lut4 (4 -> 3)
  Optimizing lut $abc$15194$auto$blifparse.cc:525:parse_blif$16170.genblk1.genblk1.genblk1.genblk1.genblk1.genblk1.genblk1.lut5 (4 -> 3)
  Optimizing lut $abc$15194$auto$blifparse.cc:525:parse_blif$16170.genblk1.genblk1.genblk1.genblk1.genblk1.genblk1.genblk1.lut6 (4 -> 2)
  Optimizing lut $abc$15194$auto$blifparse.cc:525:parse_blif$16170.genblk1.genblk1.genblk1.genblk1.genblk1.genblk1.genblk1.lut7 (4 -> 1)
  Optimizing lut $abc$15194$auto$blifparse.cc:525:parse_blif$16095.genblk1.genblk1.genblk1.genblk1.genblk1.genblk1.genblk1.lut1 (4 -> 1)
  Optimizing lut $abc$15194$auto$blifparse.cc:525:parse_blif$16095.genblk1.genblk1.genblk1.genblk1.genblk1.genblk1.genblk1.lut2 (4 -> 1)
  Optimizing lut $abc$15194$auto$blifparse.cc:525:parse_blif$16095.genblk1.genblk1.genblk1.genblk1.genblk1.genblk1.genblk1.lut3 (4 -> 1)
  Optimizing lut $abc$15194$auto$blifparse.cc:525:parse_blif$16095.genblk1.genblk1.genblk1.genblk1.genblk1.genblk1.genblk1.lut4 (4 -> 1)
  Optimizing lut $abc$15194$auto$blifparse.cc:525:parse_blif$16095.genblk1.genblk1.genblk1.genblk1.genblk1.genblk1.genblk1.lut5 (4 -> 1)
  Optimizing lut $abc$15194$auto$blifparse.cc:525:parse_blif$16095.genblk1.genblk1.genblk1.genblk1.genblk1.genblk1.genblk1.lut7 (4 -> 1)
  Optimizing lut $abc$15194$auto$blifparse.cc:525:parse_blif$16084.genblk1.genblk1.genblk1.genblk1.genblk1.genblk1.genblk1.lut1 (4 -> 1)
  Optimizing lut $abc$15194$auto$blifparse.cc:525:parse_blif$16084.genblk1.genblk1.genblk1.genblk1.genblk1.genblk1.genblk1.lut2 (4 -> 1)
  Optimizing lut $abc$15194$auto$blifparse.cc:525:parse_blif$16084.genblk1.genblk1.genblk1.genblk1.genblk1.genblk1.genblk1.lut3 (4 -> 1)
  Optimizing lut $abc$15194$auto$blifparse.cc:525:parse_blif$16084.genblk1.genblk1.genblk1.genblk1.genblk1.genblk1.genblk1.lut5 (4 -> 1)
  Optimizing lut $abc$15194$auto$blifparse.cc:525:parse_blif$16084.genblk1.genblk1.genblk1.genblk1.genblk1.genblk1.genblk1.lut6 (4 -> 1)
  Optimizing lut $abc$15194$auto$blifparse.cc:525:parse_blif$16084.genblk1.genblk1.genblk1.genblk1.genblk1.genblk1.genblk1.lut7 (4 -> 1)
  Optimizing lut $abc$15194$auto$blifparse.cc:525:parse_blif$16085.genblk1.genblk1.genblk1.genblk1.genblk1.genblk1.lut1 (4 -> 0)
  Optimizing lut $abc$15194$auto$blifparse.cc:525:parse_blif$16085.genblk1.genblk1.genblk1.genblk1.genblk1.genblk1.lut2 (4 -> 3)
  Optimizing lut $abc$15194$auto$blifparse.cc:525:parse_blif$15600.genblk1.genblk1.genblk1.genblk1.genblk1.genblk1.lut1 (4 -> 1)
  Optimizing lut $abc$15194$auto$blifparse.cc:525:parse_blif$15600.genblk1.genblk1.genblk1.genblk1.genblk1.genblk1.lut2 (4 -> 1)
  Optimizing lut $abc$15194$auto$blifparse.cc:525:parse_blif$15600.genblk1.genblk1.genblk1.genblk1.genblk1.genblk1.lut3 (4 -> 1)
  Optimizing lut $abc$15194$auto$blifparse.cc:525:parse_blif$15601.genblk1.genblk1.genblk1.genblk1.genblk1.genblk1.lut1 (4 -> 1)
  Optimizing lut $abc$15194$auto$blifparse.cc:525:parse_blif$15601.genblk1.genblk1.genblk1.genblk1.genblk1.genblk1.lut2 (4 -> 1)
  Optimizing lut $abc$15194$auto$blifparse.cc:525:parse_blif$15601.genblk1.genblk1.genblk1.genblk1.genblk1.genblk1.lut3 (4 -> 1)
  Optimizing lut $abc$15194$auto$blifparse.cc:525:parse_blif$16096.genblk1.genblk1.genblk1.genblk1.genblk1.genblk1.lut2 (4 -> 3)
  Optimizing lut $abc$15194$auto$blifparse.cc:525:parse_blif$15553.genblk1.genblk1.genblk1.genblk1.genblk1.genblk1.lut1 (4 -> 1)
  Optimizing lut $abc$15194$auto$blifparse.cc:525:parse_blif$15553.genblk1.genblk1.genblk1.genblk1.genblk1.genblk1.lut2 (4 -> 1)
  Optimizing lut $abc$15194$auto$blifparse.cc:525:parse_blif$15553.genblk1.genblk1.genblk1.genblk1.genblk1.genblk1.lut3 (4 -> 1)
  Optimizing lut $abc$15194$auto$blifparse.cc:525:parse_blif$15552.genblk1.genblk1.genblk1.genblk1.genblk1.genblk1.lut1 (4 -> 1)
  Optimizing lut $abc$15194$auto$blifparse.cc:525:parse_blif$15552.genblk1.genblk1.genblk1.genblk1.genblk1.genblk1.lut2 (4 -> 1)
  Optimizing lut $abc$15194$auto$blifparse.cc:525:parse_blif$15552.genblk1.genblk1.genblk1.genblk1.genblk1.genblk1.lut3 (4 -> 1)
  Optimizing lut $abc$15194$auto$blifparse.cc:525:parse_blif$16228.genblk1.genblk1.genblk1.genblk1.genblk1.genblk1.lut2 (4 -> 3)
  Optimizing lut $abc$15194$auto$blifparse.cc:525:parse_blif$15776.genblk1.genblk1.genblk1.genblk1.genblk1.lut1 (4 -> 3)
  Optimizing lut $abc$15194$auto$blifparse.cc:525:parse_blif$16040.genblk1.genblk1.genblk1.genblk1.genblk1.genblk1.genblk1.lut2 (4 -> 0)
  Optimizing lut $abc$15194$auto$blifparse.cc:525:parse_blif$16040.genblk1.genblk1.genblk1.genblk1.genblk1.genblk1.genblk1.lut3 (4 -> 0)
  Optimizing lut $abc$15194$auto$blifparse.cc:525:parse_blif$16040.genblk1.genblk1.genblk1.genblk1.genblk1.genblk1.genblk1.lut4 (4 -> 0)
  Optimizing lut $abc$15194$auto$blifparse.cc:525:parse_blif$16040.genblk1.genblk1.genblk1.genblk1.genblk1.genblk1.genblk1.lut5 (4 -> 0)
  Optimizing lut $abc$15194$auto$blifparse.cc:525:parse_blif$16040.genblk1.genblk1.genblk1.genblk1.genblk1.genblk1.genblk1.lut6 (4 -> 0)
  Optimizing lut $abc$15194$auto$blifparse.cc:525:parse_blif$15577.genblk1.genblk1.genblk1.genblk1.genblk1.genblk1.lut2 (4 -> 1)
  Optimizing lut $abc$15194$auto$blifparse.cc:525:parse_blif$15577.genblk1.genblk1.genblk1.genblk1.genblk1.genblk1.lut3 (4 -> 1)
  Optimizing lut $abc$15194$auto$blifparse.cc:525:parse_blif$15576.genblk1.genblk1.genblk1.genblk1.genblk1.genblk1.lut1 (4 -> 1)
  Optimizing lut $abc$15194$auto$blifparse.cc:525:parse_blif$15576.genblk1.genblk1.genblk1.genblk1.genblk1.genblk1.lut2 (4 -> 1)
  Optimizing lut $abc$15194$auto$blifparse.cc:525:parse_blif$15576.genblk1.genblk1.genblk1.genblk1.genblk1.genblk1.lut3 (4 -> 1)
  Optimizing lut $abc$15194$auto$blifparse.cc:525:parse_blif$16074.genblk1.genblk1.genblk1.genblk1.genblk1.genblk1.lut2 (4 -> 3)
  Optimizing lut $abc$15194$auto$blifparse.cc:525:parse_blif$15547.genblk1.genblk1.genblk1.genblk1.genblk1.genblk1.lut2 (4 -> 1)
  Optimizing lut $abc$15194$auto$blifparse.cc:525:parse_blif$15547.genblk1.genblk1.genblk1.genblk1.genblk1.genblk1.lut3 (4 -> 1)
  Optimizing lut $abc$15194$auto$blifparse.cc:525:parse_blif$15546.genblk1.genblk1.genblk1.genblk1.genblk1.genblk1.lut1 (4 -> 1)
  Optimizing lut $abc$15194$auto$blifparse.cc:525:parse_blif$15546.genblk1.genblk1.genblk1.genblk1.genblk1.genblk1.lut2 (4 -> 1)
  Optimizing lut $abc$15194$auto$blifparse.cc:525:parse_blif$15546.genblk1.genblk1.genblk1.genblk1.genblk1.genblk1.lut3 (4 -> 1)
  Optimizing lut $abc$15194$auto$blifparse.cc:525:parse_blif$15594.genblk1.genblk1.genblk1.genblk1.genblk1.genblk1.lut1 (4 -> 1)
  Optimizing lut $abc$15194$auto$blifparse.cc:525:parse_blif$15594.genblk1.genblk1.genblk1.genblk1.genblk1.genblk1.lut2 (4 -> 1)
  Optimizing lut $abc$15194$auto$blifparse.cc:525:parse_blif$15594.genblk1.genblk1.genblk1.genblk1.genblk1.genblk1.lut3 (4 -> 1)
  Optimizing lut $abc$15194$auto$blifparse.cc:525:parse_blif$15595.genblk1.genblk1.genblk1.genblk1.genblk1.genblk1.lut2 (4 -> 1)
  Optimizing lut $abc$15194$auto$blifparse.cc:525:parse_blif$15595.genblk1.genblk1.genblk1.genblk1.genblk1.genblk1.lut3 (4 -> 1)
  Optimizing lut $abc$15194$auto$blifparse.cc:525:parse_blif$15239.genblk1.genblk1.genblk1.genblk1.genblk1.genblk1.lut2 (4 -> 2)
  Optimizing lut $abc$15194$auto$blifparse.cc:525:parse_blif$15239.genblk1.genblk1.genblk1.genblk1.genblk1.genblk1.lut3 (4 -> 0)
  Optimizing lut $abc$15194$auto$blifparse.cc:525:parse_blif$15711.genblk1.genblk1.genblk1.genblk1.genblk1.genblk1.genblk1.lut2 (4 -> 1)
  Optimizing lut $abc$15194$auto$blifparse.cc:525:parse_blif$15711.genblk1.genblk1.genblk1.genblk1.genblk1.genblk1.genblk1.lut3 (4 -> 1)
  Optimizing lut $abc$15194$auto$blifparse.cc:525:parse_blif$15711.genblk1.genblk1.genblk1.genblk1.genblk1.genblk1.genblk1.lut4 (4 -> 1)
  Optimizing lut $abc$15194$auto$blifparse.cc:525:parse_blif$15711.genblk1.genblk1.genblk1.genblk1.genblk1.genblk1.genblk1.lut5 (4 -> 1)
  Optimizing lut $abc$15194$auto$blifparse.cc:525:parse_blif$15711.genblk1.genblk1.genblk1.genblk1.genblk1.genblk1.genblk1.lut6 (4 -> 1)
  Optimizing lut $abc$15194$auto$blifparse.cc:525:parse_blif$15711.genblk1.genblk1.genblk1.genblk1.genblk1.genblk1.genblk1.lut7 (4 -> 1)
  Optimizing lut $abc$15194$auto$blifparse.cc:525:parse_blif$15710.genblk1.genblk1.genblk1.genblk1.genblk1.genblk1.genblk1.lut2 (4 -> 1)
  Optimizing lut $abc$15194$auto$blifparse.cc:525:parse_blif$15710.genblk1.genblk1.genblk1.genblk1.genblk1.genblk1.genblk1.lut3 (4 -> 1)
  Optimizing lut $abc$15194$auto$blifparse.cc:525:parse_blif$15710.genblk1.genblk1.genblk1.genblk1.genblk1.genblk1.genblk1.lut4 (4 -> 1)
  Optimizing lut $abc$15194$auto$blifparse.cc:525:parse_blif$15710.genblk1.genblk1.genblk1.genblk1.genblk1.genblk1.genblk1.lut5 (4 -> 1)
  Optimizing lut $abc$15194$auto$blifparse.cc:525:parse_blif$15710.genblk1.genblk1.genblk1.genblk1.genblk1.genblk1.genblk1.lut6 (4 -> 1)
  Optimizing lut $abc$15194$auto$blifparse.cc:525:parse_blif$15710.genblk1.genblk1.genblk1.genblk1.genblk1.genblk1.genblk1.lut7 (4 -> 1)
  Optimizing lut $abc$15194$auto$blifparse.cc:525:parse_blif$15709.genblk1.genblk1.genblk1.genblk1.genblk1.genblk1.genblk1.lut1 (4 -> 3)
  Optimizing lut $abc$15194$auto$blifparse.cc:525:parse_blif$15709.genblk1.genblk1.genblk1.genblk1.genblk1.genblk1.genblk1.lut2 (4 -> 1)
  Optimizing lut $abc$15194$auto$blifparse.cc:525:parse_blif$15709.genblk1.genblk1.genblk1.genblk1.genblk1.genblk1.genblk1.lut3 (4 -> 1)
  Optimizing lut $abc$15194$auto$blifparse.cc:525:parse_blif$15709.genblk1.genblk1.genblk1.genblk1.genblk1.genblk1.genblk1.lut4 (4 -> 1)
  Optimizing lut $abc$15194$auto$blifparse.cc:525:parse_blif$15709.genblk1.genblk1.genblk1.genblk1.genblk1.genblk1.genblk1.lut5 (4 -> 1)
  Optimizing lut $abc$15194$auto$blifparse.cc:525:parse_blif$15709.genblk1.genblk1.genblk1.genblk1.genblk1.genblk1.genblk1.lut6 (4 -> 1)
  Optimizing lut $abc$15194$auto$blifparse.cc:525:parse_blif$15709.genblk1.genblk1.genblk1.genblk1.genblk1.genblk1.genblk1.lut7 (4 -> 1)
  Optimizing lut $abc$15194$auto$blifparse.cc:525:parse_blif$15708.genblk1.genblk1.genblk1.genblk1.genblk1.genblk1.genblk1.lut1 (4 -> 3)
  Optimizing lut $abc$15194$auto$blifparse.cc:525:parse_blif$15708.genblk1.genblk1.genblk1.genblk1.genblk1.genblk1.genblk1.lut2 (4 -> 1)
  Optimizing lut $abc$15194$auto$blifparse.cc:525:parse_blif$15708.genblk1.genblk1.genblk1.genblk1.genblk1.genblk1.genblk1.lut3 (4 -> 1)
  Optimizing lut $abc$15194$auto$blifparse.cc:525:parse_blif$15708.genblk1.genblk1.genblk1.genblk1.genblk1.genblk1.genblk1.lut4 (4 -> 1)
  Optimizing lut $abc$15194$auto$blifparse.cc:525:parse_blif$15708.genblk1.genblk1.genblk1.genblk1.genblk1.genblk1.genblk1.lut5 (4 -> 1)
  Optimizing lut $abc$15194$auto$blifparse.cc:525:parse_blif$15708.genblk1.genblk1.genblk1.genblk1.genblk1.genblk1.genblk1.lut6 (4 -> 1)
  Optimizing lut $abc$15194$auto$blifparse.cc:525:parse_blif$15708.genblk1.genblk1.genblk1.genblk1.genblk1.genblk1.genblk1.lut7 (4 -> 1)
  Optimizing lut $abc$15194$auto$blifparse.cc:525:parse_blif$15707.genblk1.genblk1.genblk1.genblk1.genblk1.genblk1.genblk1.lut1 (4 -> 3)
  Optimizing lut $abc$15194$auto$blifparse.cc:525:parse_blif$15707.genblk1.genblk1.genblk1.genblk1.genblk1.genblk1.genblk1.lut2 (4 -> 1)
  Optimizing lut $abc$15194$auto$blifparse.cc:525:parse_blif$15707.genblk1.genblk1.genblk1.genblk1.genblk1.genblk1.genblk1.lut3 (4 -> 1)
  Optimizing lut $abc$15194$auto$blifparse.cc:525:parse_blif$15707.genblk1.genblk1.genblk1.genblk1.genblk1.genblk1.genblk1.lut4 (4 -> 1)
  Optimizing lut $abc$15194$auto$blifparse.cc:525:parse_blif$15707.genblk1.genblk1.genblk1.genblk1.genblk1.genblk1.genblk1.lut5 (4 -> 1)
  Optimizing lut $abc$15194$auto$blifparse.cc:525:parse_blif$15707.genblk1.genblk1.genblk1.genblk1.genblk1.genblk1.genblk1.lut6 (4 -> 1)
  Optimizing lut $abc$15194$auto$blifparse.cc:525:parse_blif$15707.genblk1.genblk1.genblk1.genblk1.genblk1.genblk1.genblk1.lut7 (4 -> 1)
  Optimizing lut $abc$15194$auto$blifparse.cc:525:parse_blif$15706.genblk1.genblk1.genblk1.genblk1.genblk1.genblk1.genblk1.lut1 (4 -> 3)
  Optimizing lut $abc$15194$auto$blifparse.cc:525:parse_blif$15706.genblk1.genblk1.genblk1.genblk1.genblk1.genblk1.genblk1.lut2 (4 -> 1)
  Optimizing lut $abc$15194$auto$blifparse.cc:525:parse_blif$15706.genblk1.genblk1.genblk1.genblk1.genblk1.genblk1.genblk1.lut3 (4 -> 1)
  Optimizing lut $abc$15194$auto$blifparse.cc:525:parse_blif$15706.genblk1.genblk1.genblk1.genblk1.genblk1.genblk1.genblk1.lut4 (4 -> 1)
  Optimizing lut $abc$15194$auto$blifparse.cc:525:parse_blif$15706.genblk1.genblk1.genblk1.genblk1.genblk1.genblk1.genblk1.lut5 (4 -> 1)
  Optimizing lut $abc$15194$auto$blifparse.cc:525:parse_blif$15706.genblk1.genblk1.genblk1.genblk1.genblk1.genblk1.genblk1.lut6 (4 -> 1)
  Optimizing lut $abc$15194$auto$blifparse.cc:525:parse_blif$15706.genblk1.genblk1.genblk1.genblk1.genblk1.genblk1.genblk1.lut7 (4 -> 1)
  Optimizing lut $abc$15194$auto$blifparse.cc:525:parse_blif$15705.genblk1.genblk1.genblk1.genblk1.genblk1.genblk1.genblk1.lut1 (4 -> 3)
  Optimizing lut $abc$15194$auto$blifparse.cc:525:parse_blif$15705.genblk1.genblk1.genblk1.genblk1.genblk1.genblk1.genblk1.lut2 (4 -> 1)
  Optimizing lut $abc$15194$auto$blifparse.cc:525:parse_blif$15705.genblk1.genblk1.genblk1.genblk1.genblk1.genblk1.genblk1.lut3 (4 -> 1)
  Optimizing lut $abc$15194$auto$blifparse.cc:525:parse_blif$15705.genblk1.genblk1.genblk1.genblk1.genblk1.genblk1.genblk1.lut4 (4 -> 1)
  Optimizing lut $abc$15194$auto$blifparse.cc:525:parse_blif$15705.genblk1.genblk1.genblk1.genblk1.genblk1.genblk1.genblk1.lut5 (4 -> 1)
  Optimizing lut $abc$15194$auto$blifparse.cc:525:parse_blif$15705.genblk1.genblk1.genblk1.genblk1.genblk1.genblk1.genblk1.lut6 (4 -> 1)
  Optimizing lut $abc$15194$auto$blifparse.cc:525:parse_blif$15705.genblk1.genblk1.genblk1.genblk1.genblk1.genblk1.genblk1.lut7 (4 -> 1)
  Optimizing lut $abc$15194$auto$blifparse.cc:525:parse_blif$15704.genblk1.genblk1.genblk1.genblk1.genblk1.genblk1.genblk1.lut1 (4 -> 3)
  Optimizing lut $abc$15194$auto$blifparse.cc:525:parse_blif$15704.genblk1.genblk1.genblk1.genblk1.genblk1.genblk1.genblk1.lut2 (4 -> 1)
  Optimizing lut $abc$15194$auto$blifparse.cc:525:parse_blif$15704.genblk1.genblk1.genblk1.genblk1.genblk1.genblk1.genblk1.lut3 (4 -> 1)
  Optimizing lut $abc$15194$auto$blifparse.cc:525:parse_blif$15704.genblk1.genblk1.genblk1.genblk1.genblk1.genblk1.genblk1.lut4 (4 -> 1)
  Optimizing lut $abc$15194$auto$blifparse.cc:525:parse_blif$15704.genblk1.genblk1.genblk1.genblk1.genblk1.genblk1.genblk1.lut5 (4 -> 1)
  Optimizing lut $abc$15194$auto$blifparse.cc:525:parse_blif$15704.genblk1.genblk1.genblk1.genblk1.genblk1.genblk1.genblk1.lut6 (4 -> 1)
  Optimizing lut $abc$15194$auto$blifparse.cc:525:parse_blif$15704.genblk1.genblk1.genblk1.genblk1.genblk1.genblk1.genblk1.lut7 (4 -> 1)
  Optimizing lut $abc$15194$auto$blifparse.cc:525:parse_blif$16031.genblk1.genblk1.genblk1.genblk1.genblk1.genblk1.genblk1.lut2 (4 -> 1)
  Optimizing lut $abc$15194$auto$blifparse.cc:525:parse_blif$16031.genblk1.genblk1.genblk1.genblk1.genblk1.genblk1.genblk1.lut3 (4 -> 0)
  Optimizing lut $abc$15194$auto$blifparse.cc:525:parse_blif$16031.genblk1.genblk1.genblk1.genblk1.genblk1.genblk1.genblk1.lut4 (4 -> 2)
  Optimizing lut $abc$15194$auto$blifparse.cc:525:parse_blif$16031.genblk1.genblk1.genblk1.genblk1.genblk1.genblk1.genblk1.lut5 (4 -> 0)
  Optimizing lut $abc$15194$auto$blifparse.cc:525:parse_blif$16031.genblk1.genblk1.genblk1.genblk1.genblk1.genblk1.genblk1.lut6 (4 -> 3)
  Optimizing lut $abc$15194$auto$blifparse.cc:525:parse_blif$16031.genblk1.genblk1.genblk1.genblk1.genblk1.genblk1.genblk1.lut7 (4 -> 0)
  Optimizing lut $abc$15194$auto$blifparse.cc:525:parse_blif$15570.genblk1.genblk1.genblk1.genblk1.genblk1.genblk1.lut1 (4 -> 1)
  Optimizing lut $abc$15194$auto$blifparse.cc:525:parse_blif$15570.genblk1.genblk1.genblk1.genblk1.genblk1.genblk1.lut2 (4 -> 1)
  Optimizing lut $abc$15194$auto$blifparse.cc:525:parse_blif$15570.genblk1.genblk1.genblk1.genblk1.genblk1.genblk1.lut3 (4 -> 1)
  Optimizing lut $abc$15194$auto$blifparse.cc:525:parse_blif$15571.genblk1.genblk1.genblk1.genblk1.genblk1.genblk1.lut1 (4 -> 1)
  Optimizing lut $abc$15194$auto$blifparse.cc:525:parse_blif$15571.genblk1.genblk1.genblk1.genblk1.genblk1.genblk1.lut2 (4 -> 1)
  Optimizing lut $abc$15194$auto$blifparse.cc:525:parse_blif$15571.genblk1.genblk1.genblk1.genblk1.genblk1.genblk1.lut3 (4 -> 1)
  Optimizing lut $abc$15194$auto$blifparse.cc:525:parse_blif$15516.genblk1.genblk1.genblk1.genblk1.genblk1.genblk1.lut2 (4 -> 0)
  Optimizing lut $abc$15194$auto$blifparse.cc:525:parse_blif$15516.genblk1.genblk1.genblk1.genblk1.genblk1.genblk1.lut3 (4 -> 0)
  Optimizing lut $abc$15194$auto$blifparse.cc:525:parse_blif$15519.genblk1.genblk1.genblk1.genblk1.genblk1.genblk1.lut2 (4 -> 1)
  Optimizing lut $abc$15194$auto$blifparse.cc:525:parse_blif$15519.genblk1.genblk1.genblk1.genblk1.genblk1.genblk1.lut3 (4 -> 1)
  Optimizing lut $abc$15194$auto$blifparse.cc:525:parse_blif$15518.genblk1.genblk1.genblk1.genblk1.genblk1.genblk1.lut1 (4 -> 1)
  Optimizing lut $abc$15194$auto$blifparse.cc:525:parse_blif$15518.genblk1.genblk1.genblk1.genblk1.genblk1.genblk1.lut2 (4 -> 1)
  Optimizing lut $abc$15194$auto$blifparse.cc:525:parse_blif$15518.genblk1.genblk1.genblk1.genblk1.genblk1.genblk1.lut3 (4 -> 1)
  Optimizing lut $abc$15194$auto$blifparse.cc:525:parse_blif$16032.genblk1.genblk1.genblk1.genblk1.genblk1.genblk1.genblk1.lut1 (4 -> 1)
  Optimizing lut $abc$15194$auto$blifparse.cc:525:parse_blif$16032.genblk1.genblk1.genblk1.genblk1.genblk1.genblk1.genblk1.lut2 (4 -> 1)
  Optimizing lut $abc$15194$auto$blifparse.cc:525:parse_blif$16032.genblk1.genblk1.genblk1.genblk1.genblk1.genblk1.genblk1.lut3 (4 -> 1)
  Optimizing lut $abc$15194$auto$blifparse.cc:525:parse_blif$16032.genblk1.genblk1.genblk1.genblk1.genblk1.genblk1.genblk1.lut4 (4 -> 1)
  Optimizing lut $abc$15194$auto$blifparse.cc:525:parse_blif$16032.genblk1.genblk1.genblk1.genblk1.genblk1.genblk1.genblk1.lut5 (4 -> 1)
  Optimizing lut $abc$15194$auto$blifparse.cc:525:parse_blif$16032.genblk1.genblk1.genblk1.genblk1.genblk1.genblk1.genblk1.lut7 (4 -> 1)
  Optimizing lut $abc$15194$auto$blifparse.cc:525:parse_blif$16069.genblk1.genblk1.genblk1.genblk1.genblk1.lut1 (4 -> 0)
  Optimizing lut $abc$15194$auto$blifparse.cc:525:parse_blif$16063.genblk1.genblk1.genblk1.genblk1.genblk1.genblk1.lut2 (4 -> 3)
  Optimizing lut $abc$15194$auto$blifparse.cc:525:parse_blif$15540.genblk1.genblk1.genblk1.genblk1.genblk1.genblk1.lut2 (4 -> 1)
  Optimizing lut $abc$15194$auto$blifparse.cc:525:parse_blif$15540.genblk1.genblk1.genblk1.genblk1.genblk1.genblk1.lut3 (4 -> 1)
  Optimizing lut $abc$15194$auto$blifparse.cc:525:parse_blif$15539.genblk1.genblk1.genblk1.genblk1.genblk1.genblk1.lut1 (4 -> 1)
  Optimizing lut $abc$15194$auto$blifparse.cc:525:parse_blif$15539.genblk1.genblk1.genblk1.genblk1.genblk1.genblk1.lut2 (4 -> 1)
  Optimizing lut $abc$15194$auto$blifparse.cc:525:parse_blif$15539.genblk1.genblk1.genblk1.genblk1.genblk1.genblk1.lut3 (4 -> 1)
  Optimizing lut $abc$15194$auto$blifparse.cc:525:parse_blif$15589.genblk1.genblk1.genblk1.genblk1.genblk1.genblk1.lut2 (4 -> 1)
  Optimizing lut $abc$15194$auto$blifparse.cc:525:parse_blif$15589.genblk1.genblk1.genblk1.genblk1.genblk1.genblk1.lut3 (4 -> 1)
  Optimizing lut $abc$15194$auto$blifparse.cc:525:parse_blif$15588.genblk1.genblk1.genblk1.genblk1.genblk1.genblk1.lut1 (4 -> 1)
  Optimizing lut $abc$15194$auto$blifparse.cc:525:parse_blif$15588.genblk1.genblk1.genblk1.genblk1.genblk1.genblk1.lut2 (4 -> 1)
  Optimizing lut $abc$15194$auto$blifparse.cc:525:parse_blif$15588.genblk1.genblk1.genblk1.genblk1.genblk1.genblk1.lut3 (4 -> 1)
  Optimizing lut $abc$15194$auto$blifparse.cc:525:parse_blif$16050.genblk1.genblk1.genblk1.genblk1.genblk1.genblk1.genblk1.lut2 (4 -> 0)
  Optimizing lut $abc$15194$auto$blifparse.cc:525:parse_blif$16050.genblk1.genblk1.genblk1.genblk1.genblk1.genblk1.genblk1.lut3 (4 -> 0)
  Optimizing lut $abc$15194$auto$blifparse.cc:525:parse_blif$16050.genblk1.genblk1.genblk1.genblk1.genblk1.genblk1.genblk1.lut4 (4 -> 0)
  Optimizing lut $abc$15194$auto$blifparse.cc:525:parse_blif$16050.genblk1.genblk1.genblk1.genblk1.genblk1.genblk1.genblk1.lut5 (4 -> 0)
  Optimizing lut $abc$15194$auto$blifparse.cc:525:parse_blif$16050.genblk1.genblk1.genblk1.genblk1.genblk1.genblk1.genblk1.lut6 (4 -> 0)
  Optimizing lut $abc$15194$auto$blifparse.cc:525:parse_blif$15533.genblk1.genblk1.genblk1.genblk1.genblk1.genblk1.lut2 (4 -> 1)
  Optimizing lut $abc$15194$auto$blifparse.cc:525:parse_blif$15533.genblk1.genblk1.genblk1.genblk1.genblk1.genblk1.lut3 (4 -> 1)
  Optimizing lut $abc$15194$auto$blifparse.cc:525:parse_blif$15532.genblk1.genblk1.genblk1.genblk1.genblk1.genblk1.lut1 (4 -> 1)
  Optimizing lut $abc$15194$auto$blifparse.cc:525:parse_blif$15532.genblk1.genblk1.genblk1.genblk1.genblk1.genblk1.lut2 (4 -> 1)
  Optimizing lut $abc$15194$auto$blifparse.cc:525:parse_blif$15532.genblk1.genblk1.genblk1.genblk1.genblk1.genblk1.lut3 (4 -> 1)
  Optimizing lut $abc$15194$auto$blifparse.cc:525:parse_blif$15583.genblk1.genblk1.genblk1.genblk1.genblk1.genblk1.lut2 (4 -> 1)
  Optimizing lut $abc$15194$auto$blifparse.cc:525:parse_blif$15583.genblk1.genblk1.genblk1.genblk1.genblk1.genblk1.lut3 (4 -> 1)
  Optimizing lut $abc$15194$auto$blifparse.cc:525:parse_blif$15582.genblk1.genblk1.genblk1.genblk1.genblk1.genblk1.lut1 (4 -> 1)
  Optimizing lut $abc$15194$auto$blifparse.cc:525:parse_blif$15582.genblk1.genblk1.genblk1.genblk1.genblk1.genblk1.lut2 (4 -> 1)
  Optimizing lut $abc$15194$auto$blifparse.cc:525:parse_blif$15582.genblk1.genblk1.genblk1.genblk1.genblk1.genblk1.lut3 (4 -> 1)
  Optimizing lut $abc$15194$auto$blifparse.cc:525:parse_blif$15509.genblk1.genblk1.genblk1.genblk1.genblk1.genblk1.lut2 (4 -> 0)
  Optimizing lut $abc$15194$auto$blifparse.cc:525:parse_blif$15509.genblk1.genblk1.genblk1.genblk1.genblk1.genblk1.lut3 (4 -> 0)
  Optimizing lut $abc$15194$auto$blifparse.cc:525:parse_blif$15512.genblk1.genblk1.genblk1.genblk1.genblk1.genblk1.lut1 (4 -> 1)
  Optimizing lut $abc$15194$auto$blifparse.cc:525:parse_blif$15512.genblk1.genblk1.genblk1.genblk1.genblk1.genblk1.lut2 (4 -> 1)
  Optimizing lut $abc$15194$auto$blifparse.cc:525:parse_blif$15512.genblk1.genblk1.genblk1.genblk1.genblk1.genblk1.lut3 (4 -> 1)
  Optimizing lut $abc$15194$auto$blifparse.cc:525:parse_blif$15511.genblk1.genblk1.genblk1.genblk1.genblk1.genblk1.lut2 (4 -> 1)
  Optimizing lut $abc$15194$auto$blifparse.cc:525:parse_blif$15511.genblk1.genblk1.genblk1.genblk1.genblk1.genblk1.lut3 (4 -> 1)
  Optimizing lut $abc$15194$auto$blifparse.cc:525:parse_blif$16019.genblk1.genblk1.genblk1.genblk1.genblk1.genblk1.genblk1.lut1 (4 -> 0)
  Optimizing lut $abc$15194$auto$blifparse.cc:525:parse_blif$16019.genblk1.genblk1.genblk1.genblk1.genblk1.genblk1.genblk1.lut2 (4 -> 0)
  Optimizing lut $abc$15194$auto$blifparse.cc:525:parse_blif$16019.genblk1.genblk1.genblk1.genblk1.genblk1.genblk1.genblk1.lut3 (4 -> 0)
  Optimizing lut $abc$15194$auto$blifparse.cc:525:parse_blif$16019.genblk1.genblk1.genblk1.genblk1.genblk1.genblk1.genblk1.lut5 (4 -> 0)
  Optimizing lut $abc$15194$auto$blifparse.cc:525:parse_blif$16019.genblk1.genblk1.genblk1.genblk1.genblk1.genblk1.genblk1.lut6 (4 -> 0)
  Optimizing lut $abc$15194$auto$blifparse.cc:525:parse_blif$16019.genblk1.genblk1.genblk1.genblk1.genblk1.genblk1.genblk1.lut7 (4 -> 0)
  Optimizing lut $abc$15194$auto$blifparse.cc:525:parse_blif$16022.genblk1.genblk1.genblk1.genblk1.genblk1.genblk1.genblk1.lut1 (4 -> 0)
  Optimizing lut $abc$15194$auto$blifparse.cc:525:parse_blif$16022.genblk1.genblk1.genblk1.genblk1.genblk1.genblk1.genblk1.lut2 (4 -> 0)
  Optimizing lut $abc$15194$auto$blifparse.cc:525:parse_blif$16022.genblk1.genblk1.genblk1.genblk1.genblk1.genblk1.genblk1.lut3 (4 -> 0)
  Optimizing lut $abc$15194$auto$blifparse.cc:525:parse_blif$16022.genblk1.genblk1.genblk1.genblk1.genblk1.genblk1.genblk1.lut4 (4 -> 0)
  Optimizing lut $abc$15194$auto$blifparse.cc:525:parse_blif$16022.genblk1.genblk1.genblk1.genblk1.genblk1.genblk1.genblk1.lut5 (4 -> 3)
  Optimizing lut $abc$15194$auto$blifparse.cc:525:parse_blif$16022.genblk1.genblk1.genblk1.genblk1.genblk1.genblk1.genblk1.lut6 (4 -> 3)
  Optimizing lut $abc$15194$auto$blifparse.cc:525:parse_blif$16022.genblk1.genblk1.genblk1.genblk1.genblk1.genblk1.genblk1.lut7 (4 -> 0)
  Optimizing lut $abc$15194$auto$blifparse.cc:525:parse_blif$16021.genblk1.genblk1.genblk1.genblk1.genblk1.genblk1.lut1 (4 -> 0)
  Optimizing lut $abc$15194$auto$blifparse.cc:525:parse_blif$16021.genblk1.genblk1.genblk1.genblk1.genblk1.genblk1.lut2 (4 -> 0)
  Optimizing lut $abc$15194$auto$blifparse.cc:525:parse_blif$16015.genblk1.genblk1.genblk1.genblk1.genblk1.genblk1.lut1 (4 -> 0)
  Optimizing lut $abc$15194$auto$blifparse.cc:525:parse_blif$16015.genblk1.genblk1.genblk1.genblk1.genblk1.genblk1.lut2 (4 -> 3)
  Optimizing lut $abc$15194$auto$blifparse.cc:525:parse_blif$16015.genblk1.genblk1.genblk1.genblk1.genblk1.genblk1.lut3 (4 -> 1)
  Optimizing lut $abc$15194$auto$blifparse.cc:525:parse_blif$16018.genblk1.genblk1.genblk1.genblk1.genblk1.genblk1.lut2 (4 -> 1)
  Optimizing lut $abc$15194$auto$blifparse.cc:525:parse_blif$16018.genblk1.genblk1.genblk1.genblk1.genblk1.genblk1.lut3 (4 -> 1)
  Optimizing lut $abc$15194$auto$blifparse.cc:525:parse_blif$16017.genblk1.genblk1.genblk1.genblk1.genblk1.genblk1.lut1 (4 -> 1)
  Optimizing lut $abc$15194$auto$blifparse.cc:525:parse_blif$16017.genblk1.genblk1.genblk1.genblk1.genblk1.genblk1.lut2 (4 -> 1)
  Optimizing lut $abc$15194$auto$blifparse.cc:525:parse_blif$16017.genblk1.genblk1.genblk1.genblk1.genblk1.genblk1.lut3 (4 -> 1)
  Optimizing lut $abc$15194$auto$blifparse.cc:525:parse_blif$15994.genblk1.genblk1.genblk1.genblk1.genblk1.genblk1.lut2 (4 -> 0)
  Optimizing lut $abc$15194$auto$blifparse.cc:525:parse_blif$15987.genblk1.genblk1.genblk1.genblk1.genblk1.genblk1.genblk1.lut2 (4 -> 0)
  Optimizing lut $abc$15194$auto$blifparse.cc:525:parse_blif$15987.genblk1.genblk1.genblk1.genblk1.genblk1.genblk1.genblk1.lut3 (4 -> 0)
  Optimizing lut $abc$15194$auto$blifparse.cc:525:parse_blif$15987.genblk1.genblk1.genblk1.genblk1.genblk1.genblk1.genblk1.lut4 (4 -> 0)
  Optimizing lut $abc$15194$auto$blifparse.cc:525:parse_blif$15987.genblk1.genblk1.genblk1.genblk1.genblk1.genblk1.genblk1.lut5 (4 -> 0)
  Optimizing lut $abc$15194$auto$blifparse.cc:525:parse_blif$15987.genblk1.genblk1.genblk1.genblk1.genblk1.genblk1.genblk1.lut6 (4 -> 0)
  Optimizing lut $abc$15194$auto$blifparse.cc:525:parse_blif$15987.genblk1.genblk1.genblk1.genblk1.genblk1.genblk1.genblk1.lut7 (4 -> 0)
  Optimizing lut $abc$15194$auto$blifparse.cc:525:parse_blif$15983.genblk1.genblk1.genblk1.genblk1.genblk1.genblk1.lut1 (4 -> 0)
  Optimizing lut $abc$15194$auto$blifparse.cc:525:parse_blif$15983.genblk1.genblk1.genblk1.genblk1.genblk1.genblk1.lut2 (4 -> 3)
  Optimizing lut $abc$15194$auto$blifparse.cc:525:parse_blif$15983.genblk1.genblk1.genblk1.genblk1.genblk1.genblk1.lut3 (4 -> 1)
  Optimizing lut $abc$15194$auto$blifparse.cc:525:parse_blif$15986.genblk1.genblk1.genblk1.genblk1.genblk1.genblk1.lut2 (4 -> 1)
  Optimizing lut $abc$15194$auto$blifparse.cc:525:parse_blif$15986.genblk1.genblk1.genblk1.genblk1.genblk1.genblk1.lut3 (4 -> 1)
  Optimizing lut $abc$15194$auto$blifparse.cc:525:parse_blif$15985.genblk1.genblk1.genblk1.genblk1.genblk1.genblk1.lut1 (4 -> 1)
  Optimizing lut $abc$15194$auto$blifparse.cc:525:parse_blif$15985.genblk1.genblk1.genblk1.genblk1.genblk1.genblk1.lut2 (4 -> 1)
  Optimizing lut $abc$15194$auto$blifparse.cc:525:parse_blif$15985.genblk1.genblk1.genblk1.genblk1.genblk1.genblk1.lut3 (4 -> 1)
  Optimizing lut $abc$15194$auto$blifparse.cc:525:parse_blif$15979.genblk1.genblk1.genblk1.genblk1.genblk1.genblk1.lut1 (4 -> 3)
  Optimizing lut $abc$15194$auto$blifparse.cc:525:parse_blif$15979.genblk1.genblk1.genblk1.genblk1.genblk1.genblk1.lut2 (4 -> 0)
  Optimizing lut $abc$15194$auto$blifparse.cc:525:parse_blif$15979.genblk1.genblk1.genblk1.genblk1.genblk1.genblk1.lut3 (4 -> 1)
  Optimizing lut $abc$15194$auto$blifparse.cc:525:parse_blif$15435.genblk1.genblk1.genblk1.genblk1.genblk1.genblk1.lut3 (4 -> 0)
  Optimizing lut $abc$15194$auto$blifparse.cc:525:parse_blif$15431.genblk1.genblk1.genblk1.genblk1.genblk1.genblk1.lut1 (4 -> 0)
  Optimizing lut $abc$15194$auto$blifparse.cc:525:parse_blif$15431.genblk1.genblk1.genblk1.genblk1.genblk1.genblk1.lut2 (4 -> 3)
  Optimizing lut $abc$15194$auto$blifparse.cc:525:parse_blif$15431.genblk1.genblk1.genblk1.genblk1.genblk1.genblk1.lut3 (4 -> 1)
  Optimizing lut $abc$15194$auto$blifparse.cc:525:parse_blif$15434.genblk1.genblk1.genblk1.genblk1.genblk1.genblk1.lut2 (4 -> 1)
  Optimizing lut $abc$15194$auto$blifparse.cc:525:parse_blif$15434.genblk1.genblk1.genblk1.genblk1.genblk1.genblk1.lut3 (4 -> 1)
  Optimizing lut $abc$15194$auto$blifparse.cc:525:parse_blif$15433.genblk1.genblk1.genblk1.genblk1.genblk1.genblk1.lut1 (4 -> 1)
  Optimizing lut $abc$15194$auto$blifparse.cc:525:parse_blif$15433.genblk1.genblk1.genblk1.genblk1.genblk1.genblk1.lut2 (4 -> 1)
  Optimizing lut $abc$15194$auto$blifparse.cc:525:parse_blif$15433.genblk1.genblk1.genblk1.genblk1.genblk1.genblk1.lut3 (4 -> 1)
  Optimizing lut $abc$15194$auto$blifparse.cc:525:parse_blif$16045.genblk1.genblk1.genblk1.genblk1.genblk1.lut1 (4 -> 0)
  Optimizing lut $abc$15194$auto$blifparse.cc:525:parse_blif$15688.genblk1.genblk1.genblk1.genblk1.genblk1.lut1 (4 -> 3)
  Optimizing lut $abc$15194$auto$blifparse.cc:525:parse_blif$15565.genblk1.genblk1.genblk1.genblk1.genblk1.genblk1.lut1 (4 -> 1)
  Optimizing lut $abc$15194$auto$blifparse.cc:525:parse_blif$15565.genblk1.genblk1.genblk1.genblk1.genblk1.genblk1.lut2 (4 -> 1)
  Optimizing lut $abc$15194$auto$blifparse.cc:525:parse_blif$15565.genblk1.genblk1.genblk1.genblk1.genblk1.genblk1.lut3 (4 -> 1)
  Optimizing lut $abc$15194$auto$blifparse.cc:525:parse_blif$15564.genblk1.genblk1.genblk1.genblk1.genblk1.genblk1.lut2 (4 -> 1)
  Optimizing lut $abc$15194$auto$blifparse.cc:525:parse_blif$15564.genblk1.genblk1.genblk1.genblk1.genblk1.genblk1.lut3 (4 -> 1)
  Optimizing lut $abc$15194$auto$blifparse.cc:525:parse_blif$15356.genblk1.genblk1.genblk1.genblk1.genblk1.lut1 (4 -> 3)
  Optimizing lut $abc$15194$auto$blifparse.cc:525:parse_blif$15390.genblk1.genblk1.genblk1.genblk1.genblk1.genblk1.genblk1.lut1 (4 -> 0)
  Optimizing lut $abc$15194$auto$blifparse.cc:525:parse_blif$15390.genblk1.genblk1.genblk1.genblk1.genblk1.genblk1.genblk1.lut2 (4 -> 0)
  Optimizing lut $abc$15194$auto$blifparse.cc:525:parse_blif$15390.genblk1.genblk1.genblk1.genblk1.genblk1.genblk1.genblk1.lut3 (4 -> 0)
  Optimizing lut $abc$15194$auto$blifparse.cc:525:parse_blif$15390.genblk1.genblk1.genblk1.genblk1.genblk1.genblk1.genblk1.lut5 (4 -> 0)
  Optimizing lut $abc$15194$auto$blifparse.cc:525:parse_blif$15390.genblk1.genblk1.genblk1.genblk1.genblk1.genblk1.genblk1.lut6 (4 -> 0)
  Optimizing lut $abc$15194$auto$blifparse.cc:525:parse_blif$15390.genblk1.genblk1.genblk1.genblk1.genblk1.genblk1.genblk1.lut7 (4 -> 0)
  Optimizing lut $abc$15194$auto$blifparse.cc:525:parse_blif$15355.genblk1.genblk1.genblk1.genblk1.genblk1.lut1 (4 -> 3)
  Optimizing lut $abc$15194$auto$blifparse.cc:525:parse_blif$15353.genblk1.genblk1.genblk1.genblk1.genblk1.lut1 (4 -> 3)
  Optimizing lut $abc$15194$auto$blifparse.cc:525:parse_blif$15387.genblk1.genblk1.genblk1.genblk1.genblk1.genblk1.lut2 (4 -> 1)
  Optimizing lut $abc$15194$auto$blifparse.cc:525:parse_blif$15387.genblk1.genblk1.genblk1.genblk1.genblk1.genblk1.lut3 (4 -> 1)
  Optimizing lut $abc$15194$auto$blifparse.cc:525:parse_blif$15386.genblk1.genblk1.genblk1.genblk1.genblk1.genblk1.lut1 (4 -> 1)
  Optimizing lut $abc$15194$auto$blifparse.cc:525:parse_blif$15386.genblk1.genblk1.genblk1.genblk1.genblk1.genblk1.lut2 (4 -> 1)
  Optimizing lut $abc$15194$auto$blifparse.cc:525:parse_blif$15386.genblk1.genblk1.genblk1.genblk1.genblk1.genblk1.lut3 (4 -> 1)
  Optimizing lut $abc$15194$auto$blifparse.cc:525:parse_blif$15351.genblk1.genblk1.genblk1.genblk1.genblk1.lut1 (4 -> 3)
  Optimizing lut $abc$15194$auto$blifparse.cc:525:parse_blif$15375.genblk1.genblk1.genblk1.genblk1.genblk1.genblk1.genblk1.lut2 (4 -> 1)
  Optimizing lut $abc$15194$auto$blifparse.cc:525:parse_blif$15375.genblk1.genblk1.genblk1.genblk1.genblk1.genblk1.genblk1.lut3 (4 -> 1)
  Optimizing lut $abc$15194$auto$blifparse.cc:525:parse_blif$15375.genblk1.genblk1.genblk1.genblk1.genblk1.genblk1.genblk1.lut4 (4 -> 1)
  Optimizing lut $abc$15194$auto$blifparse.cc:525:parse_blif$15375.genblk1.genblk1.genblk1.genblk1.genblk1.genblk1.genblk1.lut5 (4 -> 1)
  Optimizing lut $abc$15194$auto$blifparse.cc:525:parse_blif$15375.genblk1.genblk1.genblk1.genblk1.genblk1.genblk1.genblk1.lut6 (4 -> 1)
  Optimizing lut $abc$15194$auto$blifparse.cc:525:parse_blif$15375.genblk1.genblk1.genblk1.genblk1.genblk1.genblk1.genblk1.lut7 (4 -> 1)
  Optimizing lut $abc$15194$auto$blifparse.cc:525:parse_blif$15377.genblk1.genblk1.genblk1.genblk1.genblk1.genblk1.lut1 (4 -> 1)
  Optimizing lut $abc$15194$auto$blifparse.cc:525:parse_blif$15377.genblk1.genblk1.genblk1.genblk1.genblk1.genblk1.lut2 (4 -> 1)
  Optimizing lut $abc$15194$auto$blifparse.cc:525:parse_blif$15377.genblk1.genblk1.genblk1.genblk1.genblk1.genblk1.lut3 (4 -> 1)
  Optimizing lut $abc$15194$auto$blifparse.cc:525:parse_blif$15376.genblk1.genblk1.genblk1.genblk1.genblk1.genblk1.lut1 (4 -> 1)
  Optimizing lut $abc$15194$auto$blifparse.cc:525:parse_blif$15376.genblk1.genblk1.genblk1.genblk1.genblk1.genblk1.lut2 (4 -> 1)
  Optimizing lut $abc$15194$auto$blifparse.cc:525:parse_blif$15376.genblk1.genblk1.genblk1.genblk1.genblk1.genblk1.lut3 (4 -> 1)
  Optimizing lut $abc$15194$auto$blifparse.cc:525:parse_blif$15373.genblk1.genblk1.genblk1.genblk1.genblk1.genblk1.genblk1.lut2 (4 -> 0)
  Optimizing lut $abc$15194$auto$blifparse.cc:525:parse_blif$15373.genblk1.genblk1.genblk1.genblk1.genblk1.genblk1.genblk1.lut3 (4 -> 0)
  Optimizing lut $abc$15194$auto$blifparse.cc:525:parse_blif$15373.genblk1.genblk1.genblk1.genblk1.genblk1.genblk1.genblk1.lut4 (4 -> 0)
  Optimizing lut $abc$15194$auto$blifparse.cc:525:parse_blif$15373.genblk1.genblk1.genblk1.genblk1.genblk1.genblk1.genblk1.lut5 (4 -> 3)
  Optimizing lut $abc$15194$auto$blifparse.cc:525:parse_blif$15373.genblk1.genblk1.genblk1.genblk1.genblk1.genblk1.genblk1.lut6 (4 -> 3)
  Optimizing lut $abc$15194$auto$blifparse.cc:525:parse_blif$15373.genblk1.genblk1.genblk1.genblk1.genblk1.genblk1.genblk1.lut7 (4 -> 0)
  Optimizing lut $abc$15194$auto$blifparse.cc:525:parse_blif$15372.genblk1.genblk1.genblk1.genblk1.genblk1.genblk1.genblk1.lut1 (4 -> 0)
  Optimizing lut $abc$15194$auto$blifparse.cc:525:parse_blif$15372.genblk1.genblk1.genblk1.genblk1.genblk1.genblk1.genblk1.lut2 (4 -> 0)
  Optimizing lut $abc$15194$auto$blifparse.cc:525:parse_blif$15372.genblk1.genblk1.genblk1.genblk1.genblk1.genblk1.genblk1.lut3 (4 -> 0)
  Optimizing lut $abc$15194$auto$blifparse.cc:525:parse_blif$15372.genblk1.genblk1.genblk1.genblk1.genblk1.genblk1.genblk1.lut7 (4 -> 2)
  Optimizing lut $abc$15194$auto$blifparse.cc:525:parse_blif$15370.genblk1.genblk1.genblk1.genblk1.genblk1.genblk1.lut1 (4 -> 0)
  Optimizing lut $abc$15194$auto$blifparse.cc:525:parse_blif$15370.genblk1.genblk1.genblk1.genblk1.genblk1.genblk1.lut2 (4 -> 0)
  Optimizing lut $abc$15194$auto$blifparse.cc:525:parse_blif$15362.genblk1.genblk1.genblk1.genblk1.genblk1.lut1 (4 -> 3)
  Optimizing lut $abc$15194$auto$blifparse.cc:525:parse_blif$15348.genblk1.genblk1.genblk1.genblk1.genblk1.lut1 (4 -> 0)
  Optimizing lut $abc$15194$auto$blifparse.cc:525:parse_blif$15347.genblk1.genblk1.genblk1.genblk1.genblk1.lut1 (4 -> 0)
  Optimizing lut $abc$15194$auto$blifparse.cc:525:parse_blif$15395.genblk1.genblk1.genblk1.genblk1.genblk1.genblk1.lut1 (4 -> 1)
  Optimizing lut $abc$15194$auto$blifparse.cc:525:parse_blif$15395.genblk1.genblk1.genblk1.genblk1.genblk1.genblk1.lut2 (4 -> 1)
  Optimizing lut $abc$15194$auto$blifparse.cc:525:parse_blif$15395.genblk1.genblk1.genblk1.genblk1.genblk1.genblk1.lut3 (4 -> 1)
  Optimizing lut $abc$15194$auto$blifparse.cc:525:parse_blif$15393.genblk1.genblk1.genblk1.genblk1.genblk1.genblk1.genblk1.lut1 (4 -> 0)
  Optimizing lut $abc$15194$auto$blifparse.cc:525:parse_blif$15393.genblk1.genblk1.genblk1.genblk1.genblk1.genblk1.genblk1.lut2 (4 -> 0)
  Optimizing lut $abc$15194$auto$blifparse.cc:525:parse_blif$15393.genblk1.genblk1.genblk1.genblk1.genblk1.genblk1.genblk1.lut3 (4 -> 0)
  Optimizing lut $abc$15194$auto$blifparse.cc:525:parse_blif$15393.genblk1.genblk1.genblk1.genblk1.genblk1.genblk1.genblk1.lut4 (4 -> 0)
  Optimizing lut $abc$15194$auto$blifparse.cc:525:parse_blif$15393.genblk1.genblk1.genblk1.genblk1.genblk1.genblk1.genblk1.lut5 (4 -> 3)
  Optimizing lut $abc$15194$auto$blifparse.cc:525:parse_blif$15393.genblk1.genblk1.genblk1.genblk1.genblk1.genblk1.genblk1.lut6 (4 -> 3)
  Optimizing lut $abc$15194$auto$blifparse.cc:525:parse_blif$15393.genblk1.genblk1.genblk1.genblk1.genblk1.genblk1.genblk1.lut7 (4 -> 0)
  Optimizing lut $abc$15194$auto$blifparse.cc:525:parse_blif$15391.genblk1.genblk1.genblk1.genblk1.genblk1.genblk1.lut1 (4 -> 0)
  Optimizing lut $abc$15194$auto$blifparse.cc:525:parse_blif$15391.genblk1.genblk1.genblk1.genblk1.genblk1.genblk1.lut2 (4 -> 0)
  Optimizing lut $abc$15194$auto$blifparse.cc:525:parse_blif$15360.genblk1.genblk1.genblk1.genblk1.genblk1.lut1 (4 -> 3)
  Optimizing lut $abc$15194$auto$blifparse.cc:525:parse_blif$15379.genblk1.genblk1.genblk1.genblk1.genblk1.genblk1.genblk1.lut2 (4 -> 0)
  Optimizing lut $abc$15194$auto$blifparse.cc:525:parse_blif$15379.genblk1.genblk1.genblk1.genblk1.genblk1.genblk1.genblk1.lut3 (4 -> 0)
  Optimizing lut $abc$15194$auto$blifparse.cc:525:parse_blif$15379.genblk1.genblk1.genblk1.genblk1.genblk1.genblk1.genblk1.lut5 (4 -> 0)
  Optimizing lut $abc$15194$auto$blifparse.cc:525:parse_blif$15379.genblk1.genblk1.genblk1.genblk1.genblk1.genblk1.genblk1.lut6 (4 -> 0)
  Optimizing lut $abc$15194$auto$blifparse.cc:525:parse_blif$15379.genblk1.genblk1.genblk1.genblk1.genblk1.genblk1.genblk1.lut7 (4 -> 0)
  Optimizing lut $abc$15194$auto$blifparse.cc:525:parse_blif$15384.genblk1.genblk1.genblk1.genblk1.genblk1.genblk1.genblk1.lut1 (4 -> 0)
  Optimizing lut $abc$15194$auto$blifparse.cc:525:parse_blif$15384.genblk1.genblk1.genblk1.genblk1.genblk1.genblk1.genblk1.lut2 (4 -> 0)
  Optimizing lut $abc$15194$auto$blifparse.cc:525:parse_blif$15384.genblk1.genblk1.genblk1.genblk1.genblk1.genblk1.genblk1.lut3 (4 -> 0)
  Optimizing lut $abc$15194$auto$blifparse.cc:525:parse_blif$15384.genblk1.genblk1.genblk1.genblk1.genblk1.genblk1.genblk1.lut4 (4 -> 0)
  Optimizing lut $abc$15194$auto$blifparse.cc:525:parse_blif$15384.genblk1.genblk1.genblk1.genblk1.genblk1.genblk1.genblk1.lut5 (4 -> 3)
  Optimizing lut $abc$15194$auto$blifparse.cc:525:parse_blif$15384.genblk1.genblk1.genblk1.genblk1.genblk1.genblk1.genblk1.lut6 (4 -> 3)
  Optimizing lut $abc$15194$auto$blifparse.cc:525:parse_blif$15384.genblk1.genblk1.genblk1.genblk1.genblk1.genblk1.genblk1.lut7 (4 -> 0)
  Optimizing lut $abc$15194$auto$blifparse.cc:525:parse_blif$15382.genblk1.genblk1.genblk1.genblk1.genblk1.genblk1.lut1 (4 -> 0)
  Optimizing lut $abc$15194$auto$blifparse.cc:525:parse_blif$15382.genblk1.genblk1.genblk1.genblk1.genblk1.genblk1.lut2 (4 -> 0)
  Optimizing lut $abc$15194$auto$blifparse.cc:525:parse_blif$15559.genblk1.genblk1.genblk1.genblk1.genblk1.genblk1.lut2 (4 -> 1)
  Optimizing lut $abc$15194$auto$blifparse.cc:525:parse_blif$15559.genblk1.genblk1.genblk1.genblk1.genblk1.genblk1.lut3 (4 -> 1)
  Optimizing lut $abc$15194$auto$blifparse.cc:525:parse_blif$15558.genblk1.genblk1.genblk1.genblk1.genblk1.genblk1.lut1 (4 -> 1)
  Optimizing lut $abc$15194$auto$blifparse.cc:525:parse_blif$15558.genblk1.genblk1.genblk1.genblk1.genblk1.genblk1.lut2 (4 -> 1)
  Optimizing lut $abc$15194$auto$blifparse.cc:525:parse_blif$15558.genblk1.genblk1.genblk1.genblk1.genblk1.genblk1.lut3 (4 -> 1)
  Optimizing lut $abc$15194$auto$blifparse.cc:525:parse_blif$15436.genblk1.genblk1.genblk1.genblk1.genblk1.genblk1.lut3 (4 -> 0)
  Optimizing lut $abc$15194$auto$blifparse.cc:525:parse_blif$15396.genblk1.genblk1.genblk1.genblk1.genblk1.genblk1.lut2 (4 -> 1)
  Optimizing lut $abc$15194$auto$blifparse.cc:525:parse_blif$15396.genblk1.genblk1.genblk1.genblk1.genblk1.genblk1.lut3 (4 -> 1)
  Optimizing lut $abc$15194$auto$blifparse.cc:525:parse_blif$15401.genblk1.genblk1.genblk1.genblk1.genblk1.genblk1.lut2 (4 -> 1)
  Optimizing lut $abc$15194$auto$blifparse.cc:525:parse_blif$15401.genblk1.genblk1.genblk1.genblk1.genblk1.genblk1.lut3 (4 -> 1)
  Optimizing lut $abc$15194$auto$blifparse.cc:525:parse_blif$15402.genblk1.genblk1.genblk1.genblk1.genblk1.genblk1.lut1 (4 -> 1)
  Optimizing lut $abc$15194$auto$blifparse.cc:525:parse_blif$15402.genblk1.genblk1.genblk1.genblk1.genblk1.genblk1.lut2 (4 -> 1)
  Optimizing lut $abc$15194$auto$blifparse.cc:525:parse_blif$15402.genblk1.genblk1.genblk1.genblk1.genblk1.genblk1.lut3 (4 -> 1)
  Optimizing lut $abc$15194$auto$blifparse.cc:525:parse_blif$15502.genblk1.genblk1.genblk1.genblk1.genblk1.genblk1.lut2 (4 -> 0)
  Optimizing lut $abc$15194$auto$blifparse.cc:525:parse_blif$15502.genblk1.genblk1.genblk1.genblk1.genblk1.genblk1.lut3 (4 -> 0)
  Optimizing lut $abc$15194$auto$blifparse.cc:525:parse_blif$15505.genblk1.genblk1.genblk1.genblk1.genblk1.genblk1.lut2 (4 -> 1)
  Optimizing lut $abc$15194$auto$blifparse.cc:525:parse_blif$15505.genblk1.genblk1.genblk1.genblk1.genblk1.genblk1.lut3 (4 -> 1)
  Optimizing lut $abc$15194$auto$blifparse.cc:525:parse_blif$15504.genblk1.genblk1.genblk1.genblk1.genblk1.genblk1.lut1 (4 -> 1)
  Optimizing lut $abc$15194$auto$blifparse.cc:525:parse_blif$15504.genblk1.genblk1.genblk1.genblk1.genblk1.genblk1.lut2 (4 -> 1)
  Optimizing lut $abc$15194$auto$blifparse.cc:525:parse_blif$15504.genblk1.genblk1.genblk1.genblk1.genblk1.genblk1.lut3 (4 -> 1)
  Optimizing lut $abc$15194$auto$blifparse.cc:525:parse_blif$15465.genblk1.genblk1.genblk1.genblk1.genblk1.genblk1.genblk1.lut1 (4 -> 0)
  Optimizing lut $abc$15194$auto$blifparse.cc:525:parse_blif$15465.genblk1.genblk1.genblk1.genblk1.genblk1.genblk1.genblk1.lut2 (4 -> 0)
  Optimizing lut $abc$15194$auto$blifparse.cc:525:parse_blif$15465.genblk1.genblk1.genblk1.genblk1.genblk1.genblk1.genblk1.lut3 (4 -> 0)
  Optimizing lut $abc$15194$auto$blifparse.cc:525:parse_blif$15465.genblk1.genblk1.genblk1.genblk1.genblk1.genblk1.genblk1.lut5 (4 -> 0)
  Optimizing lut $abc$15194$auto$blifparse.cc:525:parse_blif$15465.genblk1.genblk1.genblk1.genblk1.genblk1.genblk1.genblk1.lut6 (4 -> 0)
  Optimizing lut $abc$15194$auto$blifparse.cc:525:parse_blif$15465.genblk1.genblk1.genblk1.genblk1.genblk1.genblk1.genblk1.lut7 (4 -> 0)
  Optimizing lut $abc$15194$auto$blifparse.cc:525:parse_blif$15473.genblk1.genblk1.genblk1.genblk1.genblk1.genblk1.genblk1.lut1 (4 -> 0)
  Optimizing lut $abc$15194$auto$blifparse.cc:525:parse_blif$15473.genblk1.genblk1.genblk1.genblk1.genblk1.genblk1.genblk1.lut2 (4 -> 0)
  Optimizing lut $abc$15194$auto$blifparse.cc:525:parse_blif$15473.genblk1.genblk1.genblk1.genblk1.genblk1.genblk1.genblk1.lut3 (4 -> 0)
  Optimizing lut $abc$15194$auto$blifparse.cc:525:parse_blif$15473.genblk1.genblk1.genblk1.genblk1.genblk1.genblk1.genblk1.lut7 (4 -> 2)
  Optimizing lut $abc$15194$auto$blifparse.cc:525:parse_blif$15471.genblk1.genblk1.genblk1.genblk1.genblk1.genblk1.lut1 (4 -> 0)
  Optimizing lut $abc$15194$auto$blifparse.cc:525:parse_blif$15471.genblk1.genblk1.genblk1.genblk1.genblk1.genblk1.lut2 (4 -> 0)
  Optimizing lut $abc$15194$auto$blifparse.cc:525:parse_blif$15466.genblk1.genblk1.genblk1.genblk1.genblk1.genblk1.lut1 (4 -> 3)
  Optimizing lut $abc$15194$auto$blifparse.cc:525:parse_blif$15466.genblk1.genblk1.genblk1.genblk1.genblk1.genblk1.lut2 (4 -> 0)
  Optimizing lut $abc$15194$auto$blifparse.cc:525:parse_blif$15466.genblk1.genblk1.genblk1.genblk1.genblk1.genblk1.lut3 (4 -> 0)
  Optimizing lut $abc$15194$auto$blifparse.cc:525:parse_blif$15468.genblk1.genblk1.genblk1.genblk1.genblk1.genblk1.lut2 (4 -> 1)
  Optimizing lut $abc$15194$auto$blifparse.cc:525:parse_blif$15468.genblk1.genblk1.genblk1.genblk1.genblk1.genblk1.lut3 (4 -> 1)
  Optimizing lut $abc$15194$auto$blifparse.cc:525:parse_blif$15467.genblk1.genblk1.genblk1.genblk1.genblk1.genblk1.lut1 (4 -> 1)
  Optimizing lut $abc$15194$auto$blifparse.cc:525:parse_blif$15467.genblk1.genblk1.genblk1.genblk1.genblk1.genblk1.lut2 (4 -> 1)
  Optimizing lut $abc$15194$auto$blifparse.cc:525:parse_blif$15467.genblk1.genblk1.genblk1.genblk1.genblk1.genblk1.lut3 (4 -> 1)
  Optimizing lut $abc$15194$auto$blifparse.cc:525:parse_blif$15483.genblk1.genblk1.genblk1.genblk1.genblk1.genblk1.genblk1.lut1 (4 -> 0)
  Optimizing lut $abc$15194$auto$blifparse.cc:525:parse_blif$15483.genblk1.genblk1.genblk1.genblk1.genblk1.genblk1.genblk1.lut2 (4 -> 0)
  Optimizing lut $abc$15194$auto$blifparse.cc:525:parse_blif$15483.genblk1.genblk1.genblk1.genblk1.genblk1.genblk1.genblk1.lut3 (4 -> 0)
  Optimizing lut $abc$15194$auto$blifparse.cc:525:parse_blif$15483.genblk1.genblk1.genblk1.genblk1.genblk1.genblk1.genblk1.lut5 (4 -> 0)
  Optimizing lut $abc$15194$auto$blifparse.cc:525:parse_blif$15483.genblk1.genblk1.genblk1.genblk1.genblk1.genblk1.genblk1.lut6 (4 -> 0)
  Optimizing lut $abc$15194$auto$blifparse.cc:525:parse_blif$15483.genblk1.genblk1.genblk1.genblk1.genblk1.genblk1.genblk1.lut7 (4 -> 0)
  Optimizing lut $abc$15194$auto$blifparse.cc:525:parse_blif$15489.genblk1.genblk1.genblk1.genblk1.genblk1.genblk1.lut1 (4 -> 0)
  Optimizing lut $abc$15194$auto$blifparse.cc:525:parse_blif$15489.genblk1.genblk1.genblk1.genblk1.genblk1.genblk1.lut2 (4 -> 0)
  Optimizing lut $abc$15194$auto$blifparse.cc:525:parse_blif$15484.genblk1.genblk1.genblk1.genblk1.genblk1.genblk1.lut1 (4 -> 3)
  Optimizing lut $abc$15194$auto$blifparse.cc:525:parse_blif$15484.genblk1.genblk1.genblk1.genblk1.genblk1.genblk1.lut2 (4 -> 0)
  Optimizing lut $abc$15194$auto$blifparse.cc:525:parse_blif$15484.genblk1.genblk1.genblk1.genblk1.genblk1.genblk1.lut3 (4 -> 0)
  Optimizing lut $abc$15194$auto$blifparse.cc:525:parse_blif$15486.genblk1.genblk1.genblk1.genblk1.genblk1.genblk1.lut2 (4 -> 1)
  Optimizing lut $abc$15194$auto$blifparse.cc:525:parse_blif$15486.genblk1.genblk1.genblk1.genblk1.genblk1.genblk1.lut3 (4 -> 1)
  Optimizing lut $abc$15194$auto$blifparse.cc:525:parse_blif$15485.genblk1.genblk1.genblk1.genblk1.genblk1.genblk1.lut1 (4 -> 1)
  Optimizing lut $abc$15194$auto$blifparse.cc:525:parse_blif$15485.genblk1.genblk1.genblk1.genblk1.genblk1.genblk1.lut2 (4 -> 1)
  Optimizing lut $abc$15194$auto$blifparse.cc:525:parse_blif$15485.genblk1.genblk1.genblk1.genblk1.genblk1.genblk1.lut3 (4 -> 1)
  Optimizing lut $abc$15194$auto$blifparse.cc:525:parse_blif$15447.genblk1.genblk1.genblk1.genblk1.genblk1.genblk1.genblk1.lut1 (4 -> 0)
  Optimizing lut $abc$15194$auto$blifparse.cc:525:parse_blif$15447.genblk1.genblk1.genblk1.genblk1.genblk1.genblk1.genblk1.lut2 (4 -> 0)
  Optimizing lut $abc$15194$auto$blifparse.cc:525:parse_blif$15447.genblk1.genblk1.genblk1.genblk1.genblk1.genblk1.genblk1.lut3 (4 -> 0)
  Optimizing lut $abc$15194$auto$blifparse.cc:525:parse_blif$15447.genblk1.genblk1.genblk1.genblk1.genblk1.genblk1.genblk1.lut5 (4 -> 0)
  Optimizing lut $abc$15194$auto$blifparse.cc:525:parse_blif$15447.genblk1.genblk1.genblk1.genblk1.genblk1.genblk1.genblk1.lut6 (4 -> 0)
  Optimizing lut $abc$15194$auto$blifparse.cc:525:parse_blif$15447.genblk1.genblk1.genblk1.genblk1.genblk1.genblk1.genblk1.lut7 (4 -> 0)
  Optimizing lut $abc$15194$auto$blifparse.cc:525:parse_blif$15453.genblk1.genblk1.genblk1.genblk1.genblk1.genblk1.lut1 (4 -> 0)
  Optimizing lut $abc$15194$auto$blifparse.cc:525:parse_blif$15453.genblk1.genblk1.genblk1.genblk1.genblk1.genblk1.lut2 (4 -> 0)
  Optimizing lut $abc$15194$auto$blifparse.cc:525:parse_blif$15448.genblk1.genblk1.genblk1.genblk1.genblk1.genblk1.lut1 (4 -> 3)
  Optimizing lut $abc$15194$auto$blifparse.cc:525:parse_blif$15448.genblk1.genblk1.genblk1.genblk1.genblk1.genblk1.lut2 (4 -> 0)
  Optimizing lut $abc$15194$auto$blifparse.cc:525:parse_blif$15448.genblk1.genblk1.genblk1.genblk1.genblk1.genblk1.lut3 (4 -> 0)
  Optimizing lut $abc$15194$auto$blifparse.cc:525:parse_blif$15450.genblk1.genblk1.genblk1.genblk1.genblk1.genblk1.lut2 (4 -> 1)
  Optimizing lut $abc$15194$auto$blifparse.cc:525:parse_blif$15450.genblk1.genblk1.genblk1.genblk1.genblk1.genblk1.lut3 (4 -> 1)
  Optimizing lut $abc$15194$auto$blifparse.cc:525:parse_blif$15449.genblk1.genblk1.genblk1.genblk1.genblk1.genblk1.lut1 (4 -> 1)
  Optimizing lut $abc$15194$auto$blifparse.cc:525:parse_blif$15449.genblk1.genblk1.genblk1.genblk1.genblk1.genblk1.lut2 (4 -> 1)
  Optimizing lut $abc$15194$auto$blifparse.cc:525:parse_blif$15449.genblk1.genblk1.genblk1.genblk1.genblk1.genblk1.lut3 (4 -> 1)
  Optimizing lut $abc$15194$auto$blifparse.cc:525:parse_blif$15443.genblk1.genblk1.genblk1.genblk1.genblk1.genblk1.genblk1.lut1 (4 -> 0)
  Optimizing lut $abc$15194$auto$blifparse.cc:525:parse_blif$15443.genblk1.genblk1.genblk1.genblk1.genblk1.genblk1.genblk1.lut2 (4 -> 0)
  Optimizing lut $abc$15194$auto$blifparse.cc:525:parse_blif$15443.genblk1.genblk1.genblk1.genblk1.genblk1.genblk1.genblk1.lut3 (4 -> 0)
  Optimizing lut $abc$15194$auto$blifparse.cc:525:parse_blif$15443.genblk1.genblk1.genblk1.genblk1.genblk1.genblk1.genblk1.lut5 (4 -> 0)
  Optimizing lut $abc$15194$auto$blifparse.cc:525:parse_blif$15443.genblk1.genblk1.genblk1.genblk1.genblk1.genblk1.genblk1.lut6 (4 -> 0)
  Optimizing lut $abc$15194$auto$blifparse.cc:525:parse_blif$15443.genblk1.genblk1.genblk1.genblk1.genblk1.genblk1.genblk1.lut7 (4 -> 0)
  Optimizing lut $abc$15194$auto$blifparse.cc:525:parse_blif$15446.genblk1.genblk1.genblk1.genblk1.genblk1.genblk1.genblk1.lut1 (4 -> 0)
  Optimizing lut $abc$15194$auto$blifparse.cc:525:parse_blif$15446.genblk1.genblk1.genblk1.genblk1.genblk1.genblk1.genblk1.lut2 (4 -> 0)
  Optimizing lut $abc$15194$auto$blifparse.cc:525:parse_blif$15446.genblk1.genblk1.genblk1.genblk1.genblk1.genblk1.genblk1.lut3 (4 -> 0)
  Optimizing lut $abc$15194$auto$blifparse.cc:525:parse_blif$15446.genblk1.genblk1.genblk1.genblk1.genblk1.genblk1.genblk1.lut4 (4 -> 0)
  Optimizing lut $abc$15194$auto$blifparse.cc:525:parse_blif$15446.genblk1.genblk1.genblk1.genblk1.genblk1.genblk1.genblk1.lut5 (4 -> 3)
  Optimizing lut $abc$15194$auto$blifparse.cc:525:parse_blif$15446.genblk1.genblk1.genblk1.genblk1.genblk1.genblk1.genblk1.lut6 (4 -> 3)
  Optimizing lut $abc$15194$auto$blifparse.cc:525:parse_blif$15446.genblk1.genblk1.genblk1.genblk1.genblk1.genblk1.genblk1.lut7 (4 -> 0)
  Optimizing lut $abc$15194$auto$blifparse.cc:525:parse_blif$15444.genblk1.genblk1.genblk1.genblk1.genblk1.genblk1.lut1 (4 -> 0)
  Optimizing lut $abc$15194$auto$blifparse.cc:525:parse_blif$15444.genblk1.genblk1.genblk1.genblk1.genblk1.genblk1.lut2 (4 -> 0)
  Optimizing lut $abc$15194$auto$blifparse.cc:525:parse_blif$15492.genblk1.genblk1.genblk1.genblk1.genblk1.genblk1.lut1 (4 -> 0)
  Optimizing lut $abc$15194$auto$blifparse.cc:525:parse_blif$15492.genblk1.genblk1.genblk1.genblk1.genblk1.genblk1.lut3 (4 -> 0)
  Optimizing lut $abc$15194$auto$blifparse.cc:525:parse_blif$15501.genblk1.genblk1.genblk1.genblk1.genblk1.genblk1.genblk1.lut1 (4 -> 0)
  Optimizing lut $abc$15194$auto$blifparse.cc:525:parse_blif$15501.genblk1.genblk1.genblk1.genblk1.genblk1.genblk1.genblk1.lut2 (4 -> 0)
  Optimizing lut $abc$15194$auto$blifparse.cc:525:parse_blif$15501.genblk1.genblk1.genblk1.genblk1.genblk1.genblk1.genblk1.lut3 (4 -> 0)
  Optimizing lut $abc$15194$auto$blifparse.cc:525:parse_blif$15501.genblk1.genblk1.genblk1.genblk1.genblk1.genblk1.genblk1.lut7 (4 -> 2)
  Optimizing lut $abc$15194$auto$blifparse.cc:525:parse_blif$15498.genblk1.genblk1.genblk1.genblk1.genblk1.genblk1.lut1 (4 -> 0)
  Optimizing lut $abc$15194$auto$blifparse.cc:525:parse_blif$15498.genblk1.genblk1.genblk1.genblk1.genblk1.genblk1.lut2 (4 -> 0)
  Optimizing lut $abc$15194$auto$blifparse.cc:525:parse_blif$15493.genblk1.genblk1.genblk1.genblk1.genblk1.genblk1.lut1 (4 -> 3)
  Optimizing lut $abc$15194$auto$blifparse.cc:525:parse_blif$15493.genblk1.genblk1.genblk1.genblk1.genblk1.genblk1.lut2 (4 -> 0)
  Optimizing lut $abc$15194$auto$blifparse.cc:525:parse_blif$15493.genblk1.genblk1.genblk1.genblk1.genblk1.genblk1.lut3 (4 -> 0)
  Optimizing lut $abc$15194$auto$blifparse.cc:525:parse_blif$15495.genblk1.genblk1.genblk1.genblk1.genblk1.genblk1.lut2 (4 -> 1)
  Optimizing lut $abc$15194$auto$blifparse.cc:525:parse_blif$15495.genblk1.genblk1.genblk1.genblk1.genblk1.genblk1.lut3 (4 -> 1)
  Optimizing lut $abc$15194$auto$blifparse.cc:525:parse_blif$15494.genblk1.genblk1.genblk1.genblk1.genblk1.genblk1.lut1 (4 -> 1)
  Optimizing lut $abc$15194$auto$blifparse.cc:525:parse_blif$15494.genblk1.genblk1.genblk1.genblk1.genblk1.genblk1.lut2 (4 -> 1)
  Optimizing lut $abc$15194$auto$blifparse.cc:525:parse_blif$15494.genblk1.genblk1.genblk1.genblk1.genblk1.genblk1.lut3 (4 -> 1)
  Optimizing lut $abc$15194$auto$blifparse.cc:525:parse_blif$15456.genblk1.genblk1.genblk1.genblk1.genblk1.genblk1.genblk1.lut1 (4 -> 0)
  Optimizing lut $abc$15194$auto$blifparse.cc:525:parse_blif$15456.genblk1.genblk1.genblk1.genblk1.genblk1.genblk1.genblk1.lut2 (4 -> 0)
  Optimizing lut $abc$15194$auto$blifparse.cc:525:parse_blif$15456.genblk1.genblk1.genblk1.genblk1.genblk1.genblk1.genblk1.lut3 (4 -> 0)
  Optimizing lut $abc$15194$auto$blifparse.cc:525:parse_blif$15456.genblk1.genblk1.genblk1.genblk1.genblk1.genblk1.genblk1.lut5 (4 -> 0)
  Optimizing lut $abc$15194$auto$blifparse.cc:525:parse_blif$15456.genblk1.genblk1.genblk1.genblk1.genblk1.genblk1.genblk1.lut6 (4 -> 0)
  Optimizing lut $abc$15194$auto$blifparse.cc:525:parse_blif$15456.genblk1.genblk1.genblk1.genblk1.genblk1.genblk1.genblk1.lut7 (4 -> 0)
  Optimizing lut $abc$15194$auto$blifparse.cc:525:parse_blif$15464.genblk1.genblk1.genblk1.genblk1.genblk1.genblk1.genblk1.lut1 (4 -> 0)
  Optimizing lut $abc$15194$auto$blifparse.cc:525:parse_blif$15464.genblk1.genblk1.genblk1.genblk1.genblk1.genblk1.genblk1.lut2 (4 -> 0)
  Optimizing lut $abc$15194$auto$blifparse.cc:525:parse_blif$15464.genblk1.genblk1.genblk1.genblk1.genblk1.genblk1.genblk1.lut3 (4 -> 0)
  Optimizing lut $abc$15194$auto$blifparse.cc:525:parse_blif$15464.genblk1.genblk1.genblk1.genblk1.genblk1.genblk1.genblk1.lut7 (4 -> 2)
  Optimizing lut $abc$15194$auto$blifparse.cc:525:parse_blif$15462.genblk1.genblk1.genblk1.genblk1.genblk1.genblk1.lut1 (4 -> 0)
  Optimizing lut $abc$15194$auto$blifparse.cc:525:parse_blif$15462.genblk1.genblk1.genblk1.genblk1.genblk1.genblk1.lut2 (4 -> 0)
  Optimizing lut $abc$15194$auto$blifparse.cc:525:parse_blif$15457.genblk1.genblk1.genblk1.genblk1.genblk1.genblk1.lut1 (4 -> 3)
  Optimizing lut $abc$15194$auto$blifparse.cc:525:parse_blif$15457.genblk1.genblk1.genblk1.genblk1.genblk1.genblk1.lut2 (4 -> 0)
  Optimizing lut $abc$15194$auto$blifparse.cc:525:parse_blif$15457.genblk1.genblk1.genblk1.genblk1.genblk1.genblk1.lut3 (4 -> 0)
  Optimizing lut $abc$15194$auto$blifparse.cc:525:parse_blif$15459.genblk1.genblk1.genblk1.genblk1.genblk1.genblk1.lut2 (4 -> 1)
  Optimizing lut $abc$15194$auto$blifparse.cc:525:parse_blif$15459.genblk1.genblk1.genblk1.genblk1.genblk1.genblk1.lut3 (4 -> 1)
  Optimizing lut $abc$15194$auto$blifparse.cc:525:parse_blif$15458.genblk1.genblk1.genblk1.genblk1.genblk1.genblk1.lut1 (4 -> 1)
  Optimizing lut $abc$15194$auto$blifparse.cc:525:parse_blif$15458.genblk1.genblk1.genblk1.genblk1.genblk1.genblk1.lut2 (4 -> 1)
  Optimizing lut $abc$15194$auto$blifparse.cc:525:parse_blif$15458.genblk1.genblk1.genblk1.genblk1.genblk1.genblk1.lut3 (4 -> 1)
  Optimizing lut $abc$15194$auto$blifparse.cc:525:parse_blif$15491.genblk1.genblk1.genblk1.genblk1.genblk1.genblk1.genblk1.lut1 (4 -> 0)
  Optimizing lut $abc$15194$auto$blifparse.cc:525:parse_blif$15491.genblk1.genblk1.genblk1.genblk1.genblk1.genblk1.genblk1.lut2 (4 -> 0)
  Optimizing lut $abc$15194$auto$blifparse.cc:525:parse_blif$15491.genblk1.genblk1.genblk1.genblk1.genblk1.genblk1.genblk1.lut3 (4 -> 0)
  Optimizing lut $abc$15194$auto$blifparse.cc:525:parse_blif$15491.genblk1.genblk1.genblk1.genblk1.genblk1.genblk1.genblk1.lut7 (4 -> 2)
  Optimizing lut $abc$15194$auto$blifparse.cc:525:parse_blif$15455.genblk1.genblk1.genblk1.genblk1.genblk1.genblk1.genblk1.lut1 (4 -> 0)
  Optimizing lut $abc$15194$auto$blifparse.cc:525:parse_blif$15455.genblk1.genblk1.genblk1.genblk1.genblk1.genblk1.genblk1.lut2 (4 -> 0)
  Optimizing lut $abc$15194$auto$blifparse.cc:525:parse_blif$15455.genblk1.genblk1.genblk1.genblk1.genblk1.genblk1.genblk1.lut3 (4 -> 0)
  Optimizing lut $abc$15194$auto$blifparse.cc:525:parse_blif$15455.genblk1.genblk1.genblk1.genblk1.genblk1.genblk1.genblk1.lut7 (4 -> 2)
  Optimizing lut $abc$15194$auto$blifparse.cc:525:parse_blif$15441.genblk1.genblk1.genblk1.genblk1.genblk1.genblk1.lut2 (4 -> 1)
  Optimizing lut $abc$15194$auto$blifparse.cc:525:parse_blif$15441.genblk1.genblk1.genblk1.genblk1.genblk1.genblk1.lut3 (4 -> 1)
  Optimizing lut $abc$15194$auto$blifparse.cc:525:parse_blif$15440.genblk1.genblk1.genblk1.genblk1.genblk1.genblk1.lut1 (4 -> 1)
  Optimizing lut $abc$15194$auto$blifparse.cc:525:parse_blif$15440.genblk1.genblk1.genblk1.genblk1.genblk1.genblk1.lut2 (4 -> 1)
  Optimizing lut $abc$15194$auto$blifparse.cc:525:parse_blif$15440.genblk1.genblk1.genblk1.genblk1.genblk1.genblk1.lut3 (4 -> 1)
  Optimizing lut $abc$15194$auto$blifparse.cc:525:parse_blif$15474.genblk1.genblk1.genblk1.genblk1.genblk1.genblk1.genblk1.lut1 (4 -> 0)
  Optimizing lut $abc$15194$auto$blifparse.cc:525:parse_blif$15474.genblk1.genblk1.genblk1.genblk1.genblk1.genblk1.genblk1.lut2 (4 -> 0)
  Optimizing lut $abc$15194$auto$blifparse.cc:525:parse_blif$15474.genblk1.genblk1.genblk1.genblk1.genblk1.genblk1.genblk1.lut3 (4 -> 0)
  Optimizing lut $abc$15194$auto$blifparse.cc:525:parse_blif$15474.genblk1.genblk1.genblk1.genblk1.genblk1.genblk1.genblk1.lut5 (4 -> 0)
  Optimizing lut $abc$15194$auto$blifparse.cc:525:parse_blif$15474.genblk1.genblk1.genblk1.genblk1.genblk1.genblk1.genblk1.lut6 (4 -> 0)
  Optimizing lut $abc$15194$auto$blifparse.cc:525:parse_blif$15474.genblk1.genblk1.genblk1.genblk1.genblk1.genblk1.genblk1.lut7 (4 -> 0)
  Optimizing lut $abc$15194$auto$blifparse.cc:525:parse_blif$15482.genblk1.genblk1.genblk1.genblk1.genblk1.genblk1.genblk1.lut1 (4 -> 0)
  Optimizing lut $abc$15194$auto$blifparse.cc:525:parse_blif$15482.genblk1.genblk1.genblk1.genblk1.genblk1.genblk1.genblk1.lut2 (4 -> 0)
  Optimizing lut $abc$15194$auto$blifparse.cc:525:parse_blif$15482.genblk1.genblk1.genblk1.genblk1.genblk1.genblk1.genblk1.lut3 (4 -> 0)
  Optimizing lut $abc$15194$auto$blifparse.cc:525:parse_blif$15482.genblk1.genblk1.genblk1.genblk1.genblk1.genblk1.genblk1.lut7 (4 -> 2)
  Optimizing lut $abc$15194$auto$blifparse.cc:525:parse_blif$15309.genblk1.genblk1.genblk1.genblk1.genblk1.genblk1.lut1 (4 -> 2)
  Optimizing lut $abc$15194$auto$blifparse.cc:525:parse_blif$15309.genblk1.genblk1.genblk1.genblk1.genblk1.genblk1.lut2 (4 -> 2)
  Optimizing lut $abc$15194$auto$blifparse.cc:525:parse_blif$15309.genblk1.genblk1.genblk1.genblk1.genblk1.genblk1.lut3 (4 -> 2)
  Optimizing lut $abc$15194$auto$blifparse.cc:525:parse_blif$15480.genblk1.genblk1.genblk1.genblk1.genblk1.genblk1.lut1 (4 -> 0)
  Optimizing lut $abc$15194$auto$blifparse.cc:525:parse_blif$15480.genblk1.genblk1.genblk1.genblk1.genblk1.genblk1.lut2 (4 -> 0)
  Optimizing lut $abc$15194$auto$blifparse.cc:525:parse_blif$15475.genblk1.genblk1.genblk1.genblk1.genblk1.genblk1.lut1 (4 -> 3)
  Optimizing lut $abc$15194$auto$blifparse.cc:525:parse_blif$15475.genblk1.genblk1.genblk1.genblk1.genblk1.genblk1.lut2 (4 -> 0)
  Optimizing lut $abc$15194$auto$blifparse.cc:525:parse_blif$15475.genblk1.genblk1.genblk1.genblk1.genblk1.genblk1.lut3 (4 -> 0)
  Optimizing lut $abc$15194$auto$blifparse.cc:525:parse_blif$15477.genblk1.genblk1.genblk1.genblk1.genblk1.genblk1.lut2 (4 -> 1)
  Optimizing lut $abc$15194$auto$blifparse.cc:525:parse_blif$15477.genblk1.genblk1.genblk1.genblk1.genblk1.genblk1.lut3 (4 -> 1)
  Optimizing lut $abc$15194$auto$blifparse.cc:525:parse_blif$15476.genblk1.genblk1.genblk1.genblk1.genblk1.genblk1.lut1 (4 -> 1)
  Optimizing lut $abc$15194$auto$blifparse.cc:525:parse_blif$15476.genblk1.genblk1.genblk1.genblk1.genblk1.genblk1.lut2 (4 -> 1)
  Optimizing lut $abc$15194$auto$blifparse.cc:525:parse_blif$15476.genblk1.genblk1.genblk1.genblk1.genblk1.genblk1.lut3 (4 -> 1)
  Optimizing lut $abc$15194$auto$blifparse.cc:525:parse_blif$15404.genblk1.genblk1.genblk1.genblk1.genblk1.genblk1.genblk1.lut2 (4 -> 0)
  Optimizing lut $abc$15194$auto$blifparse.cc:525:parse_blif$15404.genblk1.genblk1.genblk1.genblk1.genblk1.genblk1.genblk1.lut3 (4 -> 0)
  Optimizing lut $abc$15194$auto$blifparse.cc:525:parse_blif$15404.genblk1.genblk1.genblk1.genblk1.genblk1.genblk1.genblk1.lut5 (4 -> 0)
  Optimizing lut $abc$15194$auto$blifparse.cc:525:parse_blif$15404.genblk1.genblk1.genblk1.genblk1.genblk1.genblk1.genblk1.lut6 (4 -> 0)
  Optimizing lut $abc$15194$auto$blifparse.cc:525:parse_blif$15404.genblk1.genblk1.genblk1.genblk1.genblk1.genblk1.genblk1.lut7 (4 -> 0)
  Optimizing lut $abc$15194$auto$blifparse.cc:525:parse_blif$15407.genblk1.genblk1.genblk1.genblk1.genblk1.genblk1.genblk1.lut1 (4 -> 0)
  Optimizing lut $abc$15194$auto$blifparse.cc:525:parse_blif$15407.genblk1.genblk1.genblk1.genblk1.genblk1.genblk1.genblk1.lut2 (4 -> 0)
  Optimizing lut $abc$15194$auto$blifparse.cc:525:parse_blif$15407.genblk1.genblk1.genblk1.genblk1.genblk1.genblk1.genblk1.lut3 (4 -> 0)
  Optimizing lut $abc$15194$auto$blifparse.cc:525:parse_blif$15407.genblk1.genblk1.genblk1.genblk1.genblk1.genblk1.genblk1.lut4 (4 -> 0)
  Optimizing lut $abc$15194$auto$blifparse.cc:525:parse_blif$15407.genblk1.genblk1.genblk1.genblk1.genblk1.genblk1.genblk1.lut5 (4 -> 3)
  Optimizing lut $abc$15194$auto$blifparse.cc:525:parse_blif$15407.genblk1.genblk1.genblk1.genblk1.genblk1.genblk1.genblk1.lut6 (4 -> 3)
  Optimizing lut $abc$15194$auto$blifparse.cc:525:parse_blif$15407.genblk1.genblk1.genblk1.genblk1.genblk1.genblk1.genblk1.lut7 (4 -> 0)
  Optimizing lut $abc$15194$auto$blifparse.cc:525:parse_blif$15405.genblk1.genblk1.genblk1.genblk1.genblk1.genblk1.lut1 (4 -> 0)
  Optimizing lut $abc$15194$auto$blifparse.cc:525:parse_blif$15405.genblk1.genblk1.genblk1.genblk1.genblk1.genblk1.lut2 (4 -> 0)
  Optimizing lut $abc$15194$auto$blifparse.cc:525:parse_blif$15429.genblk1.genblk1.genblk1.genblk1.genblk1.genblk1.genblk1.lut2 (4 -> 0)
  Optimizing lut $abc$15194$auto$blifparse.cc:525:parse_blif$15429.genblk1.genblk1.genblk1.genblk1.genblk1.genblk1.genblk1.lut3 (4 -> 0)
  Optimizing lut $abc$15194$auto$blifparse.cc:525:parse_blif$15429.genblk1.genblk1.genblk1.genblk1.genblk1.genblk1.genblk1.lut4 (4 -> 0)
  Optimizing lut $abc$15194$auto$blifparse.cc:525:parse_blif$15429.genblk1.genblk1.genblk1.genblk1.genblk1.genblk1.genblk1.lut5 (4 -> 3)
  Optimizing lut $abc$15194$auto$blifparse.cc:525:parse_blif$15429.genblk1.genblk1.genblk1.genblk1.genblk1.genblk1.genblk1.lut6 (4 -> 3)
  Optimizing lut $abc$15194$auto$blifparse.cc:525:parse_blif$15429.genblk1.genblk1.genblk1.genblk1.genblk1.genblk1.genblk1.lut7 (4 -> 0)
  Optimizing lut $abc$15194$auto$blifparse.cc:525:parse_blif$15428.genblk1.genblk1.genblk1.genblk1.genblk1.genblk1.genblk1.lut1 (4 -> 0)
  Optimizing lut $abc$15194$auto$blifparse.cc:525:parse_blif$15428.genblk1.genblk1.genblk1.genblk1.genblk1.genblk1.genblk1.lut2 (4 -> 0)
  Optimizing lut $abc$15194$auto$blifparse.cc:525:parse_blif$15428.genblk1.genblk1.genblk1.genblk1.genblk1.genblk1.genblk1.lut3 (4 -> 0)
  Optimizing lut $abc$15194$auto$blifparse.cc:525:parse_blif$15428.genblk1.genblk1.genblk1.genblk1.genblk1.genblk1.genblk1.lut7 (4 -> 2)
  Optimizing lut $abc$15194$auto$blifparse.cc:525:parse_blif$15426.genblk1.genblk1.genblk1.genblk1.genblk1.genblk1.lut1 (4 -> 0)
  Optimizing lut $abc$15194$auto$blifparse.cc:525:parse_blif$15426.genblk1.genblk1.genblk1.genblk1.genblk1.genblk1.lut2 (4 -> 0)
  Optimizing lut $abc$15194$auto$blifparse.cc:525:parse_blif$15523.genblk1.genblk1.genblk1.genblk1.genblk1.genblk1.lut2 (4 -> 0)
  Optimizing lut $abc$15194$auto$blifparse.cc:525:parse_blif$15523.genblk1.genblk1.genblk1.genblk1.genblk1.genblk1.lut3 (4 -> 0)
  Optimizing lut $abc$15194$auto$blifparse.cc:525:parse_blif$15526.genblk1.genblk1.genblk1.genblk1.genblk1.genblk1.lut1 (4 -> 1)
  Optimizing lut $abc$15194$auto$blifparse.cc:525:parse_blif$15526.genblk1.genblk1.genblk1.genblk1.genblk1.genblk1.lut2 (4 -> 1)
  Optimizing lut $abc$15194$auto$blifparse.cc:525:parse_blif$15526.genblk1.genblk1.genblk1.genblk1.genblk1.genblk1.lut3 (4 -> 1)
  Optimizing lut $abc$15194$auto$blifparse.cc:525:parse_blif$15525.genblk1.genblk1.genblk1.genblk1.genblk1.genblk1.lut1 (4 -> 1)
  Optimizing lut $abc$15194$auto$blifparse.cc:525:parse_blif$15525.genblk1.genblk1.genblk1.genblk1.genblk1.genblk1.lut2 (4 -> 1)
  Optimizing lut $abc$15194$auto$blifparse.cc:525:parse_blif$15525.genblk1.genblk1.genblk1.genblk1.genblk1.genblk1.lut3 (4 -> 1)
  Optimizing lut $abc$15194$auto$blifparse.cc:525:parse_blif$15206.genblk1.genblk1.genblk1.genblk1.genblk1.genblk1.lut2 (4 -> 2)
  Optimizing lut $abc$15194$auto$blifparse.cc:525:parse_blif$15206.genblk1.genblk1.genblk1.genblk1.genblk1.genblk1.lut3 (4 -> 2)
  Optimizing lut $abc$15194$auto$blifparse.cc:525:parse_blif$15414.genblk1.genblk1.genblk1.genblk1.genblk1.genblk1.genblk1.lut2 (4 -> 0)
  Optimizing lut $abc$15194$auto$blifparse.cc:525:parse_blif$15414.genblk1.genblk1.genblk1.genblk1.genblk1.genblk1.genblk1.lut3 (4 -> 0)
  Optimizing lut $abc$15194$auto$blifparse.cc:525:parse_blif$15414.genblk1.genblk1.genblk1.genblk1.genblk1.genblk1.genblk1.lut5 (4 -> 0)
  Optimizing lut $abc$15194$auto$blifparse.cc:525:parse_blif$15414.genblk1.genblk1.genblk1.genblk1.genblk1.genblk1.genblk1.lut6 (4 -> 0)
  Optimizing lut $abc$15194$auto$blifparse.cc:525:parse_blif$15414.genblk1.genblk1.genblk1.genblk1.genblk1.genblk1.genblk1.lut7 (4 -> 0)
  Optimizing lut $abc$15194$auto$blifparse.cc:525:parse_blif$15417.genblk1.genblk1.genblk1.genblk1.genblk1.genblk1.genblk1.lut1 (4 -> 0)
  Optimizing lut $abc$15194$auto$blifparse.cc:525:parse_blif$15417.genblk1.genblk1.genblk1.genblk1.genblk1.genblk1.genblk1.lut2 (4 -> 0)
  Optimizing lut $abc$15194$auto$blifparse.cc:525:parse_blif$15417.genblk1.genblk1.genblk1.genblk1.genblk1.genblk1.genblk1.lut3 (4 -> 0)
  Optimizing lut $abc$15194$auto$blifparse.cc:525:parse_blif$15417.genblk1.genblk1.genblk1.genblk1.genblk1.genblk1.genblk1.lut4 (4 -> 0)
  Optimizing lut $abc$15194$auto$blifparse.cc:525:parse_blif$15417.genblk1.genblk1.genblk1.genblk1.genblk1.genblk1.genblk1.lut5 (4 -> 3)
  Optimizing lut $abc$15194$auto$blifparse.cc:525:parse_blif$15417.genblk1.genblk1.genblk1.genblk1.genblk1.genblk1.genblk1.lut6 (4 -> 3)
  Optimizing lut $abc$15194$auto$blifparse.cc:525:parse_blif$15417.genblk1.genblk1.genblk1.genblk1.genblk1.genblk1.genblk1.lut7 (4 -> 0)
  Optimizing lut $abc$15194$auto$blifparse.cc:525:parse_blif$15415.genblk1.genblk1.genblk1.genblk1.genblk1.genblk1.lut1 (4 -> 0)
  Optimizing lut $abc$15194$auto$blifparse.cc:525:parse_blif$15415.genblk1.genblk1.genblk1.genblk1.genblk1.genblk1.lut2 (4 -> 0)
  Optimizing lut $abc$15194$auto$blifparse.cc:525:parse_blif$15412.genblk1.genblk1.genblk1.genblk1.genblk1.genblk1.lut2 (4 -> 1)
  Optimizing lut $abc$15194$auto$blifparse.cc:525:parse_blif$15412.genblk1.genblk1.genblk1.genblk1.genblk1.genblk1.lut3 (4 -> 1)
  Optimizing lut $abc$15194$auto$blifparse.cc:525:parse_blif$15292.genblk1.genblk1.genblk1.genblk1.genblk1.genblk1.lut2 (4 -> 2)
  Optimizing lut $abc$15194$auto$blifparse.cc:525:parse_blif$15292.genblk1.genblk1.genblk1.genblk1.genblk1.genblk1.lut3 (4 -> 2)
  Optimizing lut $abc$15194$auto$blifparse.cc:525:parse_blif$15420.genblk1.genblk1.genblk1.genblk1.genblk1.genblk1.lut1 (4 -> 3)
  Optimizing lut $abc$15194$auto$blifparse.cc:525:parse_blif$15420.genblk1.genblk1.genblk1.genblk1.genblk1.genblk1.lut2 (4 -> 0)
  Optimizing lut $abc$15194$auto$blifparse.cc:525:parse_blif$15420.genblk1.genblk1.genblk1.genblk1.genblk1.genblk1.lut3 (4 -> 0)
  Optimizing lut $abc$15194$auto$blifparse.cc:525:parse_blif$15422.genblk1.genblk1.genblk1.genblk1.genblk1.genblk1.lut1 (4 -> 1)
  Optimizing lut $abc$15194$auto$blifparse.cc:525:parse_blif$15422.genblk1.genblk1.genblk1.genblk1.genblk1.genblk1.lut2 (4 -> 1)
  Optimizing lut $abc$15194$auto$blifparse.cc:525:parse_blif$15422.genblk1.genblk1.genblk1.genblk1.genblk1.genblk1.lut3 (4 -> 1)
  Optimizing lut $abc$15194$auto$blifparse.cc:525:parse_blif$15421.genblk1.genblk1.genblk1.genblk1.genblk1.genblk1.lut1 (4 -> 1)
  Optimizing lut $abc$15194$auto$blifparse.cc:525:parse_blif$15421.genblk1.genblk1.genblk1.genblk1.genblk1.genblk1.lut2 (4 -> 1)
  Optimizing lut $abc$15194$auto$blifparse.cc:525:parse_blif$15421.genblk1.genblk1.genblk1.genblk1.genblk1.genblk1.lut3 (4 -> 1)
  Optimizing lut $abc$15194$auto$blifparse.cc:525:parse_blif$15411.genblk1.genblk1.genblk1.genblk1.genblk1.genblk1.lut2 (4 -> 1)
  Optimizing lut $abc$15194$auto$blifparse.cc:525:parse_blif$15411.genblk1.genblk1.genblk1.genblk1.genblk1.genblk1.lut3 (4 -> 1)
  Optimizing lut $abc$15194$auto$blifparse.cc:525:parse_blif$15712.genblk1.genblk1.genblk1.genblk1.genblk1.genblk1.genblk1.lut2 (4 -> 1)
  Optimizing lut $abc$15194$auto$blifparse.cc:525:parse_blif$15712.genblk1.genblk1.genblk1.genblk1.genblk1.genblk1.genblk1.lut3 (4 -> 1)
  Optimizing lut $abc$15194$auto$blifparse.cc:525:parse_blif$15712.genblk1.genblk1.genblk1.genblk1.genblk1.genblk1.genblk1.lut4 (4 -> 1)
  Optimizing lut $abc$15194$auto$blifparse.cc:525:parse_blif$15712.genblk1.genblk1.genblk1.genblk1.genblk1.genblk1.genblk1.lut5 (4 -> 1)
  Optimizing lut $abc$15194$auto$blifparse.cc:525:parse_blif$15712.genblk1.genblk1.genblk1.genblk1.genblk1.genblk1.genblk1.lut6 (4 -> 1)
  Optimizing lut $abc$15194$auto$blifparse.cc:525:parse_blif$15712.genblk1.genblk1.genblk1.genblk1.genblk1.genblk1.genblk1.lut7 (4 -> 1)
  Optimizing lut $abc$15194$auto$blifparse.cc:525:parse_blif$15248.genblk1.genblk1.genblk1.genblk1.genblk1.genblk1.lut1 (4 -> 0)
  Optimizing lut $abc$15194$auto$blifparse.cc:525:parse_blif$15248.genblk1.genblk1.genblk1.genblk1.genblk1.genblk1.lut2 (4 -> 2)
  Optimizing lut $abc$15194$auto$blifparse.cc:525:parse_blif$15248.genblk1.genblk1.genblk1.genblk1.genblk1.genblk1.lut3 (4 -> 2)
  Optimizing lut $abc$15194$auto$blifparse.cc:525:parse_blif$15205.genblk1.genblk1.genblk1.genblk1.genblk1.genblk1.lut1 (4 -> 0)
  Optimizing lut $abc$15194$auto$blifparse.cc:525:parse_blif$15205.genblk1.genblk1.genblk1.genblk1.genblk1.genblk1.lut3 (4 -> 0)
  Optimizing lut $abc$15194$auto$blifparse.cc:525:parse_blif$15204.genblk1.genblk1.genblk1.genblk1.genblk1.genblk1.lut1 (4 -> 0)
  Optimizing lut $abc$15194$auto$blifparse.cc:525:parse_blif$15204.genblk1.genblk1.genblk1.genblk1.genblk1.genblk1.lut3 (4 -> 0)
  Optimizing lut $abc$15194$auto$blifparse.cc:525:parse_blif$15203.genblk1.genblk1.genblk1.genblk1.genblk1.genblk1.lut1 (4 -> 2)
  Optimizing lut $abc$15194$auto$blifparse.cc:525:parse_blif$15203.genblk1.genblk1.genblk1.genblk1.genblk1.genblk1.lut2 (4 -> 2)
  Optimizing lut $abc$15194$auto$blifparse.cc:525:parse_blif$15203.genblk1.genblk1.genblk1.genblk1.genblk1.genblk1.lut3 (4 -> 2)
  Optimizing lut $abc$15194$auto$blifparse.cc:525:parse_blif$15271.genblk1.genblk1.genblk1.genblk1.genblk1.genblk1.lut1 (4 -> 2)
  Optimizing lut $abc$15194$auto$blifparse.cc:525:parse_blif$15271.genblk1.genblk1.genblk1.genblk1.genblk1.genblk1.lut2 (4 -> 2)
  Optimizing lut $abc$15194$auto$blifparse.cc:525:parse_blif$15271.genblk1.genblk1.genblk1.genblk1.genblk1.genblk1.lut3 (4 -> 2)
  Optimizing lut $abc$15194$auto$blifparse.cc:525:parse_blif$15203.genblk1.genblk1.genblk1.genblk1.genblk1.genblk1.lut0 (4 -> 2)
  Optimizing lut $abc$15194$auto$blifparse.cc:525:parse_blif$15204.genblk1.genblk1.genblk1.genblk1.genblk1.genblk1.lut0 (4 -> 0)
  Optimizing lut $abc$15194$auto$blifparse.cc:525:parse_blif$15205.genblk1.genblk1.genblk1.genblk1.genblk1.genblk1.lut0 (4 -> 0)
  Optimizing lut $abc$15194$auto$blifparse.cc:525:parse_blif$15206.genblk1.genblk1.genblk1.genblk1.genblk1.genblk1.lut0 (4 -> 2)
  Optimizing lut $abc$15194$auto$blifparse.cc:525:parse_blif$15222.genblk1.genblk1.genblk1.genblk1.genblk1.lut0 (4 -> 0)
  Optimizing lut $abc$15194$auto$blifparse.cc:525:parse_blif$15292.genblk1.genblk1.genblk1.genblk1.genblk1.genblk1.lut1 (4 -> 2)
  Optimizing lut $abc$15194$auto$blifparse.cc:525:parse_blif$15239.genblk1.genblk1.genblk1.genblk1.genblk1.genblk1.lut1 (4 -> 2)
  Optimizing lut $abc$15194$auto$blifparse.cc:525:parse_blif$15245.genblk1.genblk1.genblk1.genblk1.genblk1.lut1 (4 -> 3)
  Optimizing lut $abc$15194$auto$blifparse.cc:525:parse_blif$15239.genblk1.genblk1.genblk1.genblk1.genblk1.genblk1.lut0 (4 -> 2)
  Optimizing lut $abc$15194$auto$blifparse.cc:525:parse_blif$15245.genblk1.genblk1.genblk1.genblk1.genblk1.lut0 (4 -> 3)
  Optimizing lut $abc$15194$auto$blifparse.cc:525:parse_blif$15247.genblk1.genblk1.genblk1.genblk1.genblk1.lut0 (4 -> 0)
  Optimizing lut $abc$15194$auto$blifparse.cc:525:parse_blif$15248.genblk1.genblk1.genblk1.genblk1.genblk1.genblk1.lut0 (4 -> 2)
  Optimizing lut $abc$15194$auto$blifparse.cc:525:parse_blif$15250.genblk1.genblk1.genblk1.genblk1.genblk1.lut1 (4 -> 3)
  Optimizing lut $abc$15194$auto$blifparse.cc:525:parse_blif$15250.genblk1.genblk1.genblk1.genblk1.genblk1.lut0 (4 -> 3)
  Optimizing lut $abc$15194$auto$blifparse.cc:525:parse_blif$15253.genblk1.genblk1.genblk1.genblk1.genblk1.lut0 (4 -> 0)
  Optimizing lut $abc$15194$auto$blifparse.cc:525:parse_blif$15357.genblk1.genblk1.genblk1.genblk1.genblk1.lut1 (4 -> 3)
  Optimizing lut $abc$15194$auto$blifparse.cc:525:parse_blif$15363.genblk1.genblk1.genblk1.genblk1.genblk1.lut1 (4 -> 3)
  Optimizing lut $abc$15194$auto$blifparse.cc:525:parse_blif$15271.genblk1.genblk1.genblk1.genblk1.genblk1.genblk1.lut0 (4 -> 2)
  Optimizing lut $abc$15194$auto$blifparse.cc:525:parse_blif$15273.genblk1.genblk1.genblk1.genblk1.genblk1.lut0 (4 -> 0)
  Optimizing lut $abc$15194$auto$blifparse.cc:525:parse_blif$15280.genblk1.genblk1.genblk1.genblk1.genblk1.lut0 (4 -> 0)
  Optimizing lut $abc$15194$auto$blifparse.cc:525:parse_blif$15354.genblk1.genblk1.genblk1.genblk1.genblk1.lut1 (4 -> 3)
  Optimizing lut $abc$15194$auto$blifparse.cc:525:parse_blif$15358.genblk1.genblk1.genblk1.genblk1.genblk1.lut1 (4 -> 3)
  Optimizing lut $abc$15194$auto$blifparse.cc:525:parse_blif$15288.genblk1.genblk1.genblk1.genblk1.genblk1.lut0 (4 -> 0)
  Optimizing lut $abc$15194$auto$blifparse.cc:525:parse_blif$15206.genblk1.genblk1.genblk1.genblk1.genblk1.genblk1.lut1 (4 -> 2)
  Optimizing lut $abc$15194$auto$blifparse.cc:525:parse_blif$15292.genblk1.genblk1.genblk1.genblk1.genblk1.genblk1.lut0 (4 -> 2)
  Optimizing lut $abc$15194$auto$blifparse.cc:525:parse_blif$15295.genblk1.genblk1.genblk1.genblk1.genblk1.lut0 (4 -> 0)
  Optimizing lut $abc$15194$auto$blifparse.cc:525:parse_blif$15364.genblk1.genblk1.genblk1.genblk1.genblk1.lut1 (4 -> 3)
  Optimizing lut $abc$15194$auto$blifparse.cc:525:parse_blif$15352.genblk1.genblk1.genblk1.genblk1.genblk1.lut1 (4 -> 3)
  Optimizing lut $abc$15194$auto$blifparse.cc:525:parse_blif$15309.genblk1.genblk1.genblk1.genblk1.genblk1.genblk1.lut0 (4 -> 2)
  Optimizing lut $abc$15194$auto$blifparse.cc:525:parse_blif$15349.genblk1.genblk1.genblk1.genblk1.genblk1.lut1 (4 -> 3)
  Optimizing lut $abc$15194$auto$blifparse.cc:525:parse_blif$15350.genblk1.genblk1.genblk1.genblk1.genblk1.lut1 (4 -> 3)
  Optimizing lut $abc$15194$auto$blifparse.cc:525:parse_blif$15314.genblk1.genblk1.genblk1.genblk1.genblk1.lut0 (4 -> 0)
  Optimizing lut $abc$15194$auto$blifparse.cc:525:parse_blif$15315.genblk1.genblk1.genblk1.genblk1.genblk1.lut0 (4 -> 0)
  Optimizing lut $abc$15194$auto$blifparse.cc:525:parse_blif$15316.genblk1.genblk1.genblk1.genblk1.genblk1.lut0 (4 -> 0)
  Optimizing lut $abc$15194$auto$blifparse.cc:525:parse_blif$15319.genblk1.genblk1.genblk1.genblk1.genblk1.lut1 (4 -> 0)
  Optimizing lut $abc$15194$auto$blifparse.cc:525:parse_blif$15359.genblk1.genblk1.genblk1.genblk1.genblk1.lut1 (4 -> 3)
  Optimizing lut $abc$15194$auto$blifparse.cc:525:parse_blif$15331.genblk1.genblk1.genblk1.genblk1.genblk1.lut0 (4 -> 0)
  Optimizing lut $abc$15194$auto$blifparse.cc:525:parse_blif$15334.genblk1.genblk1.genblk1.genblk1.genblk1.lut0 (4 -> 0)
  Optimizing lut $abc$15194$auto$blifparse.cc:525:parse_blif$15335.genblk1.genblk1.genblk1.genblk1.genblk1.lut0 (4 -> 0)
  Optimizing lut $abc$15194$auto$blifparse.cc:525:parse_blif$15361.genblk1.genblk1.genblk1.genblk1.genblk1.lut1 (4 -> 3)
  Optimizing lut $abc$15194$auto$blifparse.cc:525:parse_blif$15343.genblk1.genblk1.genblk1.genblk1.genblk1.lut0 (4 -> 0)
  Optimizing lut $abc$15194$auto$blifparse.cc:525:parse_blif$15345.genblk1.genblk1.genblk1.genblk1.genblk1.lut0 (4 -> 3)
  Optimizing lut $abc$15194$auto$blifparse.cc:525:parse_blif$15379.genblk1.genblk1.genblk1.genblk1.genblk1.genblk1.genblk1.lut1 (4 -> 0)
  Optimizing lut $abc$15194$auto$blifparse.cc:525:parse_blif$15349.genblk1.genblk1.genblk1.genblk1.genblk1.lut0 (4 -> 3)
  Optimizing lut $abc$15194$auto$blifparse.cc:525:parse_blif$15350.genblk1.genblk1.genblk1.genblk1.genblk1.lut0 (4 -> 3)
  Optimizing lut $abc$15194$auto$blifparse.cc:525:parse_blif$15351.genblk1.genblk1.genblk1.genblk1.genblk1.lut0 (4 -> 3)
  Optimizing lut $abc$15194$auto$blifparse.cc:525:parse_blif$15352.genblk1.genblk1.genblk1.genblk1.genblk1.lut0 (4 -> 3)
  Optimizing lut $abc$15194$auto$blifparse.cc:525:parse_blif$15353.genblk1.genblk1.genblk1.genblk1.genblk1.lut0 (4 -> 3)
  Optimizing lut $abc$15194$auto$blifparse.cc:525:parse_blif$15354.genblk1.genblk1.genblk1.genblk1.genblk1.lut0 (4 -> 3)
  Optimizing lut $abc$15194$auto$blifparse.cc:525:parse_blif$15355.genblk1.genblk1.genblk1.genblk1.genblk1.lut0 (4 -> 3)
  Optimizing lut $abc$15194$auto$blifparse.cc:525:parse_blif$15356.genblk1.genblk1.genblk1.genblk1.genblk1.lut0 (4 -> 3)
  Optimizing lut $abc$15194$auto$blifparse.cc:525:parse_blif$15357.genblk1.genblk1.genblk1.genblk1.genblk1.lut0 (4 -> 3)
  Optimizing lut $abc$15194$auto$blifparse.cc:525:parse_blif$15358.genblk1.genblk1.genblk1.genblk1.genblk1.lut0 (4 -> 3)
  Optimizing lut $abc$15194$auto$blifparse.cc:525:parse_blif$15359.genblk1.genblk1.genblk1.genblk1.genblk1.lut0 (4 -> 3)
  Optimizing lut $abc$15194$auto$blifparse.cc:525:parse_blif$15360.genblk1.genblk1.genblk1.genblk1.genblk1.lut0 (4 -> 3)
  Optimizing lut $abc$15194$auto$blifparse.cc:525:parse_blif$15361.genblk1.genblk1.genblk1.genblk1.genblk1.lut0 (4 -> 3)
  Optimizing lut $abc$15194$auto$blifparse.cc:525:parse_blif$15362.genblk1.genblk1.genblk1.genblk1.genblk1.lut0 (4 -> 3)
  Optimizing lut $abc$15194$auto$blifparse.cc:525:parse_blif$15363.genblk1.genblk1.genblk1.genblk1.genblk1.lut0 (4 -> 3)
  Optimizing lut $abc$15194$auto$blifparse.cc:525:parse_blif$15364.genblk1.genblk1.genblk1.genblk1.genblk1.lut0 (4 -> 3)
  Optimizing lut $abc$15194$auto$blifparse.cc:525:parse_blif$15375.genblk1.genblk1.genblk1.genblk1.genblk1.genblk1.genblk1.lut1 (4 -> 1)
  Optimizing lut $abc$15194$auto$blifparse.cc:525:parse_blif$15373.genblk1.genblk1.genblk1.genblk1.genblk1.genblk1.genblk1.lut1 (4 -> 0)
  Optimizing lut $abc$15194$auto$blifparse.cc:525:parse_blif$15370.genblk1.genblk1.genblk1.genblk1.genblk1.genblk1.lut0 (4 -> 0)
  Optimizing lut $abc$15194$auto$blifparse.cc:525:parse_blif$15371.genblk1.genblk1.genblk1.genblk1.genblk1.lut0 (4 -> 0)
  Optimizing lut $abc$15194$auto$blifparse.cc:525:parse_blif$15372.genblk1.genblk1.genblk1.genblk1.genblk1.genblk1.genblk1.lut0 (4 -> 0)
  Optimizing lut $abc$15194$auto$blifparse.cc:525:parse_blif$15373.genblk1.genblk1.genblk1.genblk1.genblk1.genblk1.genblk1.lut0 (4 -> 0)
  Optimizing lut $abc$15194$auto$blifparse.cc:525:parse_blif$15375.genblk1.genblk1.genblk1.genblk1.genblk1.genblk1.genblk1.lut0 (4 -> 1)
  Optimizing lut $abc$15194$auto$blifparse.cc:525:parse_blif$15376.genblk1.genblk1.genblk1.genblk1.genblk1.genblk1.lut0 (4 -> 1)
  Optimizing lut $abc$15194$auto$blifparse.cc:525:parse_blif$15377.genblk1.genblk1.genblk1.genblk1.genblk1.genblk1.lut0 (4 -> 1)
  Optimizing lut $abc$15194$auto$blifparse.cc:525:parse_blif$15378.genblk1.genblk1.genblk1.genblk1.genblk1.lut0 (4 -> 1)
  Optimizing lut $abc$15194$auto$blifparse.cc:525:parse_blif$15379.genblk1.genblk1.genblk1.genblk1.genblk1.genblk1.genblk1.lut0 (4 -> 0)
  Optimizing lut $abc$15194$auto$blifparse.cc:525:parse_blif$15380.genblk1.genblk1.genblk1.genblk1.genblk1.lut0 (4 -> 0)
  Optimizing lut $abc$15194$auto$blifparse.cc:525:parse_blif$15381.genblk1.genblk1.genblk1.genblk1.genblk1.lut0 (4 -> 0)
  Optimizing lut $abc$15194$auto$blifparse.cc:525:parse_blif$15382.genblk1.genblk1.genblk1.genblk1.genblk1.genblk1.lut0 (4 -> 0)
  Optimizing lut $abc$15194$auto$blifparse.cc:525:parse_blif$15383.genblk1.genblk1.genblk1.genblk1.genblk1.lut0 (4 -> 0)
  Optimizing lut $abc$15194$auto$blifparse.cc:525:parse_blif$15384.genblk1.genblk1.genblk1.genblk1.genblk1.genblk1.genblk1.lut0 (4 -> 0)
  Optimizing lut $abc$15194$auto$blifparse.cc:525:parse_blif$15385.genblk1.genblk1.genblk1.genblk1.genblk1.lut0 (4 -> 0)
  Optimizing lut $abc$15194$auto$blifparse.cc:525:parse_blif$15386.genblk1.genblk1.genblk1.genblk1.genblk1.genblk1.lut0 (4 -> 1)
  Optimizing lut $abc$15194$auto$blifparse.cc:525:parse_blif$15387.genblk1.genblk1.genblk1.genblk1.genblk1.genblk1.lut0 (4 -> 1)
  Optimizing lut $abc$15194$auto$blifparse.cc:525:parse_blif$15387.genblk1.genblk1.genblk1.genblk1.genblk1.genblk1.lut1 (4 -> 1)
  Optimizing lut $abc$15194$auto$blifparse.cc:525:parse_blif$15389.genblk1.genblk1.genblk1.genblk1.genblk1.lut0 (4 -> 1)
  Optimizing lut $abc$15194$auto$blifparse.cc:525:parse_blif$15390.genblk1.genblk1.genblk1.genblk1.genblk1.genblk1.genblk1.lut0 (4 -> 0)
  Optimizing lut $abc$15194$auto$blifparse.cc:525:parse_blif$15391.genblk1.genblk1.genblk1.genblk1.genblk1.genblk1.lut0 (4 -> 0)
  Optimizing lut $abc$15194$auto$blifparse.cc:525:parse_blif$15392.genblk1.genblk1.genblk1.genblk1.genblk1.lut0 (4 -> 0)
  Optimizing lut $abc$15194$auto$blifparse.cc:525:parse_blif$15393.genblk1.genblk1.genblk1.genblk1.genblk1.genblk1.genblk1.lut0 (4 -> 0)
  Optimizing lut $abc$15194$auto$blifparse.cc:525:parse_blif$15394.genblk1.genblk1.genblk1.genblk1.genblk1.lut0 (4 -> 0)
  Optimizing lut $abc$15194$auto$blifparse.cc:525:parse_blif$15395.genblk1.genblk1.genblk1.genblk1.genblk1.genblk1.lut0 (4 -> 1)
  Optimizing lut $abc$15194$auto$blifparse.cc:525:parse_blif$15396.genblk1.genblk1.genblk1.genblk1.genblk1.genblk1.lut0 (4 -> 1)
  Optimizing lut $abc$15194$auto$blifparse.cc:525:parse_blif$15396.genblk1.genblk1.genblk1.genblk1.genblk1.genblk1.lut1 (4 -> 1)
  Optimizing lut $abc$15194$auto$blifparse.cc:525:parse_blif$15400.genblk1.genblk1.genblk1.genblk1.genblk1.lut0 (4 -> 0)
  Optimizing lut $abc$15194$auto$blifparse.cc:525:parse_blif$15401.genblk1.genblk1.genblk1.genblk1.genblk1.genblk1.lut0 (4 -> 1)
  Optimizing lut $abc$15194$auto$blifparse.cc:525:parse_blif$15402.genblk1.genblk1.genblk1.genblk1.genblk1.genblk1.lut0 (4 -> 1)
  Optimizing lut $abc$15194$auto$blifparse.cc:525:parse_blif$15401.genblk1.genblk1.genblk1.genblk1.genblk1.genblk1.lut1 (4 -> 1)
  Optimizing lut $abc$15194$auto$blifparse.cc:525:parse_blif$15404.genblk1.genblk1.genblk1.genblk1.genblk1.genblk1.genblk1.lut0 (4 -> 0)
  Optimizing lut $abc$15194$auto$blifparse.cc:525:parse_blif$15405.genblk1.genblk1.genblk1.genblk1.genblk1.genblk1.lut0 (4 -> 0)
  Optimizing lut $abc$15194$auto$blifparse.cc:525:parse_blif$15406.genblk1.genblk1.genblk1.genblk1.genblk1.lut0 (4 -> 0)
  Optimizing lut $abc$15194$auto$blifparse.cc:525:parse_blif$15407.genblk1.genblk1.genblk1.genblk1.genblk1.genblk1.genblk1.lut0 (4 -> 0)
  Optimizing lut $abc$15194$auto$blifparse.cc:525:parse_blif$15414.genblk1.genblk1.genblk1.genblk1.genblk1.genblk1.genblk1.lut1 (4 -> 0)
  Optimizing lut $abc$15194$auto$blifparse.cc:525:parse_blif$15410.genblk1.genblk1.genblk1.genblk1.genblk1.lut0 (4 -> 0)
  Optimizing lut $abc$15194$auto$blifparse.cc:525:parse_blif$15411.genblk1.genblk1.genblk1.genblk1.genblk1.genblk1.lut0 (4 -> 1)
  Optimizing lut $abc$15194$auto$blifparse.cc:525:parse_blif$15412.genblk1.genblk1.genblk1.genblk1.genblk1.genblk1.lut0 (4 -> 1)
  Optimizing lut $abc$15194$auto$blifparse.cc:525:parse_blif$15412.genblk1.genblk1.genblk1.genblk1.genblk1.genblk1.lut1 (4 -> 1)
  Optimizing lut $abc$15194$auto$blifparse.cc:525:parse_blif$15414.genblk1.genblk1.genblk1.genblk1.genblk1.genblk1.genblk1.lut0 (4 -> 0)
  Optimizing lut $abc$15194$auto$blifparse.cc:525:parse_blif$15415.genblk1.genblk1.genblk1.genblk1.genblk1.genblk1.lut0 (4 -> 0)
  Optimizing lut $abc$15194$auto$blifparse.cc:525:parse_blif$15416.genblk1.genblk1.genblk1.genblk1.genblk1.lut0 (4 -> 0)
  Optimizing lut $abc$15194$auto$blifparse.cc:525:parse_blif$15417.genblk1.genblk1.genblk1.genblk1.genblk1.genblk1.genblk1.lut0 (4 -> 0)
  Optimizing lut $abc$15194$auto$blifparse.cc:525:parse_blif$15374.genblk1.genblk1.genblk1.genblk1.genblk1.lut1 (4 -> 2)
  Optimizing lut $abc$15194$auto$blifparse.cc:525:parse_blif$15420.genblk1.genblk1.genblk1.genblk1.genblk1.genblk1.lut0 (4 -> 3)
  Optimizing lut $abc$15194$auto$blifparse.cc:525:parse_blif$15421.genblk1.genblk1.genblk1.genblk1.genblk1.genblk1.lut0 (4 -> 1)
  Optimizing lut $abc$15194$auto$blifparse.cc:525:parse_blif$15422.genblk1.genblk1.genblk1.genblk1.genblk1.genblk1.lut0 (4 -> 1)
  Optimizing lut $abc$15194$auto$blifparse.cc:525:parse_blif$15411.genblk1.genblk1.genblk1.genblk1.genblk1.genblk1.lut1 (4 -> 1)
  Optimizing lut $abc$15194$auto$blifparse.cc:525:parse_blif$15429.genblk1.genblk1.genblk1.genblk1.genblk1.genblk1.genblk1.lut1 (4 -> 0)
  Optimizing lut $abc$15194$auto$blifparse.cc:525:parse_blif$15426.genblk1.genblk1.genblk1.genblk1.genblk1.genblk1.lut0 (4 -> 0)
  Optimizing lut $abc$15194$auto$blifparse.cc:525:parse_blif$15427.genblk1.genblk1.genblk1.genblk1.genblk1.lut0 (4 -> 0)
  Optimizing lut $abc$15194$auto$blifparse.cc:525:parse_blif$15428.genblk1.genblk1.genblk1.genblk1.genblk1.genblk1.genblk1.lut0 (4 -> 0)
  Optimizing lut $abc$15194$auto$blifparse.cc:525:parse_blif$15429.genblk1.genblk1.genblk1.genblk1.genblk1.genblk1.genblk1.lut0 (4 -> 0)
  Optimizing lut $abc$15194$auto$blifparse.cc:525:parse_blif$15431.genblk1.genblk1.genblk1.genblk1.genblk1.genblk1.lut0 (4 -> 0)
  Optimizing lut $abc$15194$auto$blifparse.cc:525:parse_blif$15434.genblk1.genblk1.genblk1.genblk1.genblk1.genblk1.lut1 (4 -> 1)
  Optimizing lut $abc$15194$auto$blifparse.cc:525:parse_blif$15433.genblk1.genblk1.genblk1.genblk1.genblk1.genblk1.lut0 (4 -> 1)
  Optimizing lut $abc$15194$auto$blifparse.cc:525:parse_blif$15434.genblk1.genblk1.genblk1.genblk1.genblk1.genblk1.lut0 (4 -> 1)
  Optimizing lut $abc$15194$auto$blifparse.cc:525:parse_blif$15439.genblk1.genblk1.genblk1.genblk1.genblk1.lut0 (4 -> 0)
  Optimizing lut $abc$15194$auto$blifparse.cc:525:parse_blif$15440.genblk1.genblk1.genblk1.genblk1.genblk1.genblk1.lut0 (4 -> 1)
  Optimizing lut $abc$15194$auto$blifparse.cc:525:parse_blif$15441.genblk1.genblk1.genblk1.genblk1.genblk1.genblk1.lut0 (4 -> 1)
  Optimizing lut $abc$15194$auto$blifparse.cc:525:parse_blif$15441.genblk1.genblk1.genblk1.genblk1.genblk1.genblk1.lut1 (4 -> 1)
  Optimizing lut $abc$15194$auto$blifparse.cc:525:parse_blif$15443.genblk1.genblk1.genblk1.genblk1.genblk1.genblk1.genblk1.lut0 (4 -> 0)
  Optimizing lut $abc$15194$auto$blifparse.cc:525:parse_blif$15444.genblk1.genblk1.genblk1.genblk1.genblk1.genblk1.lut0 (4 -> 0)
  Optimizing lut $abc$15194$auto$blifparse.cc:525:parse_blif$15445.genblk1.genblk1.genblk1.genblk1.genblk1.lut0 (4 -> 0)
  Optimizing lut $abc$15194$auto$blifparse.cc:525:parse_blif$15446.genblk1.genblk1.genblk1.genblk1.genblk1.genblk1.genblk1.lut0 (4 -> 0)
  Optimizing lut $abc$15194$auto$blifparse.cc:525:parse_blif$15447.genblk1.genblk1.genblk1.genblk1.genblk1.genblk1.genblk1.lut0 (4 -> 0)
  Optimizing lut $abc$15194$auto$blifparse.cc:525:parse_blif$15448.genblk1.genblk1.genblk1.genblk1.genblk1.genblk1.lut0 (4 -> 3)
  Optimizing lut $abc$15194$auto$blifparse.cc:525:parse_blif$15449.genblk1.genblk1.genblk1.genblk1.genblk1.genblk1.lut0 (4 -> 1)
  Optimizing lut $abc$15194$auto$blifparse.cc:525:parse_blif$15450.genblk1.genblk1.genblk1.genblk1.genblk1.genblk1.lut0 (4 -> 1)
  Optimizing lut $abc$15194$auto$blifparse.cc:525:parse_blif$15450.genblk1.genblk1.genblk1.genblk1.genblk1.genblk1.lut1 (4 -> 1)
  Optimizing lut $abc$15194$auto$blifparse.cc:525:parse_blif$15453.genblk1.genblk1.genblk1.genblk1.genblk1.genblk1.lut0 (4 -> 0)
  Optimizing lut $abc$15194$auto$blifparse.cc:525:parse_blif$15454.genblk1.genblk1.genblk1.genblk1.genblk1.lut0 (4 -> 0)
  Optimizing lut $abc$15194$auto$blifparse.cc:525:parse_blif$15455.genblk1.genblk1.genblk1.genblk1.genblk1.genblk1.genblk1.lut0 (4 -> 0)
  Optimizing lut $abc$15194$auto$blifparse.cc:525:parse_blif$15456.genblk1.genblk1.genblk1.genblk1.genblk1.genblk1.genblk1.lut0 (4 -> 0)
  Optimizing lut $abc$15194$auto$blifparse.cc:525:parse_blif$15457.genblk1.genblk1.genblk1.genblk1.genblk1.genblk1.lut0 (4 -> 3)
  Optimizing lut $abc$15194$auto$blifparse.cc:525:parse_blif$15458.genblk1.genblk1.genblk1.genblk1.genblk1.genblk1.lut0 (4 -> 1)
  Optimizing lut $abc$15194$auto$blifparse.cc:525:parse_blif$15459.genblk1.genblk1.genblk1.genblk1.genblk1.genblk1.lut0 (4 -> 1)
  Optimizing lut $abc$15194$auto$blifparse.cc:525:parse_blif$15459.genblk1.genblk1.genblk1.genblk1.genblk1.genblk1.lut1 (4 -> 1)
  Optimizing lut $abc$15194$auto$blifparse.cc:525:parse_blif$15462.genblk1.genblk1.genblk1.genblk1.genblk1.genblk1.lut0 (4 -> 0)
  Optimizing lut $abc$15194$auto$blifparse.cc:525:parse_blif$15463.genblk1.genblk1.genblk1.genblk1.genblk1.lut0 (4 -> 0)
  Optimizing lut $abc$15194$auto$blifparse.cc:525:parse_blif$15464.genblk1.genblk1.genblk1.genblk1.genblk1.genblk1.genblk1.lut0 (4 -> 0)
  Optimizing lut $abc$15194$auto$blifparse.cc:525:parse_blif$15465.genblk1.genblk1.genblk1.genblk1.genblk1.genblk1.genblk1.lut0 (4 -> 0)
  Optimizing lut $abc$15194$auto$blifparse.cc:525:parse_blif$15466.genblk1.genblk1.genblk1.genblk1.genblk1.genblk1.lut0 (4 -> 3)
  Optimizing lut $abc$15194$auto$blifparse.cc:525:parse_blif$15467.genblk1.genblk1.genblk1.genblk1.genblk1.genblk1.lut0 (4 -> 1)
  Optimizing lut $abc$15194$auto$blifparse.cc:525:parse_blif$15468.genblk1.genblk1.genblk1.genblk1.genblk1.genblk1.lut0 (4 -> 1)
  Optimizing lut $abc$15194$auto$blifparse.cc:525:parse_blif$15468.genblk1.genblk1.genblk1.genblk1.genblk1.genblk1.lut1 (4 -> 1)
  Optimizing lut $abc$15194$auto$blifparse.cc:525:parse_blif$15471.genblk1.genblk1.genblk1.genblk1.genblk1.genblk1.lut0 (4 -> 0)
  Optimizing lut $abc$15194$auto$blifparse.cc:525:parse_blif$15472.genblk1.genblk1.genblk1.genblk1.genblk1.lut0 (4 -> 0)
  Optimizing lut $abc$15194$auto$blifparse.cc:525:parse_blif$15473.genblk1.genblk1.genblk1.genblk1.genblk1.genblk1.genblk1.lut0 (4 -> 0)
  Optimizing lut $abc$15194$auto$blifparse.cc:525:parse_blif$15474.genblk1.genblk1.genblk1.genblk1.genblk1.genblk1.genblk1.lut0 (4 -> 0)
  Optimizing lut $abc$15194$auto$blifparse.cc:525:parse_blif$15475.genblk1.genblk1.genblk1.genblk1.genblk1.genblk1.lut0 (4 -> 3)
  Optimizing lut $abc$15194$auto$blifparse.cc:525:parse_blif$15476.genblk1.genblk1.genblk1.genblk1.genblk1.genblk1.lut0 (4 -> 1)
  Optimizing lut $abc$15194$auto$blifparse.cc:525:parse_blif$15477.genblk1.genblk1.genblk1.genblk1.genblk1.genblk1.lut0 (4 -> 1)
  Optimizing lut $abc$15194$auto$blifparse.cc:525:parse_blif$15477.genblk1.genblk1.genblk1.genblk1.genblk1.genblk1.lut1 (4 -> 1)
  Optimizing lut $abc$15194$auto$blifparse.cc:525:parse_blif$15480.genblk1.genblk1.genblk1.genblk1.genblk1.genblk1.lut0 (4 -> 0)
  Optimizing lut $abc$15194$auto$blifparse.cc:525:parse_blif$15481.genblk1.genblk1.genblk1.genblk1.genblk1.lut0 (4 -> 0)
  Optimizing lut $abc$15194$auto$blifparse.cc:525:parse_blif$15482.genblk1.genblk1.genblk1.genblk1.genblk1.genblk1.genblk1.lut0 (4 -> 0)
  Optimizing lut $abc$15194$auto$blifparse.cc:525:parse_blif$15483.genblk1.genblk1.genblk1.genblk1.genblk1.genblk1.genblk1.lut0 (4 -> 0)
  Optimizing lut $abc$15194$auto$blifparse.cc:525:parse_blif$15484.genblk1.genblk1.genblk1.genblk1.genblk1.genblk1.lut0 (4 -> 3)
  Optimizing lut $abc$15194$auto$blifparse.cc:525:parse_blif$15485.genblk1.genblk1.genblk1.genblk1.genblk1.genblk1.lut0 (4 -> 1)
  Optimizing lut $abc$15194$auto$blifparse.cc:525:parse_blif$15486.genblk1.genblk1.genblk1.genblk1.genblk1.genblk1.lut0 (4 -> 1)
  Optimizing lut $abc$15194$auto$blifparse.cc:525:parse_blif$15486.genblk1.genblk1.genblk1.genblk1.genblk1.genblk1.lut1 (4 -> 1)
  Optimizing lut $abc$15194$auto$blifparse.cc:525:parse_blif$15489.genblk1.genblk1.genblk1.genblk1.genblk1.genblk1.lut0 (4 -> 0)
  Optimizing lut $abc$15194$auto$blifparse.cc:525:parse_blif$15490.genblk1.genblk1.genblk1.genblk1.genblk1.lut0 (4 -> 0)
  Optimizing lut $abc$15194$auto$blifparse.cc:525:parse_blif$15491.genblk1.genblk1.genblk1.genblk1.genblk1.genblk1.genblk1.lut0 (4 -> 0)
  Optimizing lut $abc$15194$auto$blifparse.cc:525:parse_blif$15492.genblk1.genblk1.genblk1.genblk1.genblk1.genblk1.lut0 (4 -> 0)
  Optimizing lut $abc$15194$auto$blifparse.cc:525:parse_blif$15493.genblk1.genblk1.genblk1.genblk1.genblk1.genblk1.lut0 (4 -> 3)
  Optimizing lut $abc$15194$auto$blifparse.cc:525:parse_blif$15494.genblk1.genblk1.genblk1.genblk1.genblk1.genblk1.lut0 (4 -> 1)
  Optimizing lut $abc$15194$auto$blifparse.cc:525:parse_blif$15495.genblk1.genblk1.genblk1.genblk1.genblk1.genblk1.lut0 (4 -> 1)
  Optimizing lut $abc$15194$auto$blifparse.cc:525:parse_blif$15495.genblk1.genblk1.genblk1.genblk1.genblk1.genblk1.lut1 (4 -> 1)
  Optimizing lut $abc$15194$auto$blifparse.cc:525:parse_blif$15498.genblk1.genblk1.genblk1.genblk1.genblk1.genblk1.lut0 (4 -> 0)
  Optimizing lut $abc$15194$auto$blifparse.cc:525:parse_blif$15499.genblk1.genblk1.genblk1.genblk1.genblk1.lut0 (4 -> 0)
  Optimizing lut $abc$15194$auto$blifparse.cc:525:parse_blif$15500.genblk1.genblk1.genblk1.genblk1.genblk1.lut0 (4 -> 0)
  Optimizing lut $abc$15194$auto$blifparse.cc:525:parse_blif$15501.genblk1.genblk1.genblk1.genblk1.genblk1.genblk1.genblk1.lut0 (4 -> 0)
  Optimizing lut $abc$15194$auto$blifparse.cc:525:parse_blif$15502.genblk1.genblk1.genblk1.genblk1.genblk1.genblk1.lut0 (4 -> 3)
  Optimizing lut $abc$15194$auto$blifparse.cc:525:parse_blif$15503.genblk1.genblk1.genblk1.genblk1.genblk1.lut0 (4 -> 0)
  Optimizing lut $abc$15194$auto$blifparse.cc:525:parse_blif$15504.genblk1.genblk1.genblk1.genblk1.genblk1.genblk1.lut0 (4 -> 1)
  Optimizing lut $abc$15194$auto$blifparse.cc:525:parse_blif$15505.genblk1.genblk1.genblk1.genblk1.genblk1.genblk1.lut0 (4 -> 1)
  Optimizing lut $abc$15194$auto$blifparse.cc:525:parse_blif$15505.genblk1.genblk1.genblk1.genblk1.genblk1.genblk1.lut1 (4 -> 1)
  Optimizing lut $abc$15194$auto$blifparse.cc:525:parse_blif$15507.genblk1.genblk1.genblk1.genblk1.genblk1.lut0 (4 -> 0)
  Optimizing lut $abc$15194$auto$blifparse.cc:525:parse_blif$15509.genblk1.genblk1.genblk1.genblk1.genblk1.genblk1.lut0 (4 -> 3)
  Optimizing lut $abc$15194$auto$blifparse.cc:525:parse_blif$15510.genblk1.genblk1.genblk1.genblk1.genblk1.lut0 (4 -> 0)
  Optimizing lut $abc$15194$auto$blifparse.cc:525:parse_blif$15511.genblk1.genblk1.genblk1.genblk1.genblk1.genblk1.lut0 (4 -> 1)
  Optimizing lut $abc$15194$auto$blifparse.cc:525:parse_blif$15512.genblk1.genblk1.genblk1.genblk1.genblk1.genblk1.lut0 (4 -> 1)
  Optimizing lut $abc$15194$auto$blifparse.cc:525:parse_blif$15511.genblk1.genblk1.genblk1.genblk1.genblk1.genblk1.lut1 (4 -> 1)
  Optimizing lut $abc$15194$auto$blifparse.cc:525:parse_blif$15514.genblk1.genblk1.genblk1.genblk1.genblk1.lut0 (4 -> 0)
  Optimizing lut $abc$15194$auto$blifparse.cc:525:parse_blif$15516.genblk1.genblk1.genblk1.genblk1.genblk1.genblk1.lut0 (4 -> 3)
  Optimizing lut $abc$15194$auto$blifparse.cc:525:parse_blif$15517.genblk1.genblk1.genblk1.genblk1.genblk1.lut0 (4 -> 0)
  Optimizing lut $abc$15194$auto$blifparse.cc:525:parse_blif$15518.genblk1.genblk1.genblk1.genblk1.genblk1.genblk1.lut0 (4 -> 1)
  Optimizing lut $abc$15194$auto$blifparse.cc:525:parse_blif$15519.genblk1.genblk1.genblk1.genblk1.genblk1.genblk1.lut0 (4 -> 1)
  Optimizing lut $abc$15194$auto$blifparse.cc:525:parse_blif$15519.genblk1.genblk1.genblk1.genblk1.genblk1.genblk1.lut1 (4 -> 1)
  Optimizing lut $abc$15194$auto$blifparse.cc:525:parse_blif$15521.genblk1.genblk1.genblk1.genblk1.genblk1.lut0 (4 -> 0)
  Optimizing lut $abc$15194$auto$blifparse.cc:525:parse_blif$15523.genblk1.genblk1.genblk1.genblk1.genblk1.genblk1.lut0 (4 -> 3)
  Optimizing lut $abc$15194$auto$blifparse.cc:525:parse_blif$15524.genblk1.genblk1.genblk1.genblk1.genblk1.lut0 (4 -> 0)
  Optimizing lut $abc$15194$auto$blifparse.cc:525:parse_blif$15525.genblk1.genblk1.genblk1.genblk1.genblk1.genblk1.lut0 (4 -> 1)
  Optimizing lut $abc$15194$auto$blifparse.cc:525:parse_blif$15526.genblk1.genblk1.genblk1.genblk1.genblk1.genblk1.lut0 (4 -> 1)
  Optimizing lut $abc$15194$auto$blifparse.cc:525:parse_blif$15528.genblk1.genblk1.genblk1.genblk1.genblk1.lut0 (4 -> 0)
  Optimizing lut $abc$15194$auto$blifparse.cc:525:parse_blif$15530.genblk1.genblk1.genblk1.genblk1.genblk1.lut0 (4 -> 3)
  Optimizing lut $abc$15194$auto$blifparse.cc:525:parse_blif$15531.genblk1.genblk1.genblk1.genblk1.genblk1.lut0 (4 -> 0)
  Optimizing lut $abc$15194$auto$blifparse.cc:525:parse_blif$15532.genblk1.genblk1.genblk1.genblk1.genblk1.genblk1.lut0 (4 -> 1)
  Optimizing lut $abc$15194$auto$blifparse.cc:525:parse_blif$15533.genblk1.genblk1.genblk1.genblk1.genblk1.genblk1.lut0 (4 -> 1)
  Optimizing lut $abc$15194$auto$blifparse.cc:525:parse_blif$15533.genblk1.genblk1.genblk1.genblk1.genblk1.genblk1.lut1 (4 -> 1)
  Optimizing lut $abc$15194$auto$blifparse.cc:525:parse_blif$15666.genblk1.genblk1.genblk1.genblk1.genblk1.lut1 (4 -> 1)
  Optimizing lut $abc$15194$auto$blifparse.cc:525:parse_blif$15538.genblk1.genblk1.genblk1.genblk1.genblk1.lut0 (4 -> 0)
  Optimizing lut $abc$15194$auto$blifparse.cc:525:parse_blif$15539.genblk1.genblk1.genblk1.genblk1.genblk1.genblk1.lut0 (4 -> 1)
  Optimizing lut $abc$15194$auto$blifparse.cc:525:parse_blif$15540.genblk1.genblk1.genblk1.genblk1.genblk1.genblk1.lut0 (4 -> 1)
  Optimizing lut $abc$15194$auto$blifparse.cc:525:parse_blif$15540.genblk1.genblk1.genblk1.genblk1.genblk1.genblk1.lut1 (4 -> 1)
  Optimizing lut $abc$15194$auto$blifparse.cc:525:parse_blif$15545.genblk1.genblk1.genblk1.genblk1.genblk1.lut0 (4 -> 0)
  Optimizing lut $abc$15194$auto$blifparse.cc:525:parse_blif$15546.genblk1.genblk1.genblk1.genblk1.genblk1.genblk1.lut0 (4 -> 1)
  Optimizing lut $abc$15194$auto$blifparse.cc:525:parse_blif$15547.genblk1.genblk1.genblk1.genblk1.genblk1.genblk1.lut0 (4 -> 1)
  Optimizing lut $abc$15194$auto$blifparse.cc:525:parse_blif$15547.genblk1.genblk1.genblk1.genblk1.genblk1.genblk1.lut1 (4 -> 1)
  Optimizing lut $abc$15194$auto$blifparse.cc:525:parse_blif$15550.genblk1.genblk1.genblk1.genblk1.genblk1.lut0 (4 -> 3)
  Optimizing lut $abc$15194$auto$blifparse.cc:525:parse_blif$15551.genblk1.genblk1.genblk1.genblk1.genblk1.lut0 (4 -> 0)
  Optimizing lut $abc$15194$auto$blifparse.cc:525:parse_blif$15552.genblk1.genblk1.genblk1.genblk1.genblk1.genblk1.lut0 (4 -> 1)
  Optimizing lut $abc$15194$auto$blifparse.cc:525:parse_blif$15553.genblk1.genblk1.genblk1.genblk1.genblk1.genblk1.lut0 (4 -> 1)
  Optimizing lut $abc$15194$auto$blifparse.cc:525:parse_blif$15556.genblk1.genblk1.genblk1.genblk1.genblk1.lut0 (4 -> 3)
  Optimizing lut $abc$15194$auto$blifparse.cc:525:parse_blif$15557.genblk1.genblk1.genblk1.genblk1.genblk1.lut0 (4 -> 0)
  Optimizing lut $abc$15194$auto$blifparse.cc:525:parse_blif$15558.genblk1.genblk1.genblk1.genblk1.genblk1.genblk1.lut0 (4 -> 1)
  Optimizing lut $abc$15194$auto$blifparse.cc:525:parse_blif$15559.genblk1.genblk1.genblk1.genblk1.genblk1.genblk1.lut0 (4 -> 1)
  Optimizing lut $abc$15194$auto$blifparse.cc:525:parse_blif$15559.genblk1.genblk1.genblk1.genblk1.genblk1.genblk1.lut1 (4 -> 1)
  Optimizing lut $abc$15194$auto$blifparse.cc:525:parse_blif$15562.genblk1.genblk1.genblk1.genblk1.genblk1.lut0 (4 -> 3)
  Optimizing lut $abc$15194$auto$blifparse.cc:525:parse_blif$15563.genblk1.genblk1.genblk1.genblk1.genblk1.lut0 (4 -> 0)
  Optimizing lut $abc$15194$auto$blifparse.cc:525:parse_blif$15564.genblk1.genblk1.genblk1.genblk1.genblk1.genblk1.lut0 (4 -> 1)
  Optimizing lut $abc$15194$auto$blifparse.cc:525:parse_blif$15565.genblk1.genblk1.genblk1.genblk1.genblk1.genblk1.lut0 (4 -> 1)
  Optimizing lut $abc$15194$auto$blifparse.cc:525:parse_blif$15564.genblk1.genblk1.genblk1.genblk1.genblk1.genblk1.lut1 (4 -> 1)
  Optimizing lut $abc$15194$auto$blifparse.cc:525:parse_blif$15568.genblk1.genblk1.genblk1.genblk1.genblk1.lut0 (4 -> 3)
  Optimizing lut $abc$15194$auto$blifparse.cc:525:parse_blif$15569.genblk1.genblk1.genblk1.genblk1.genblk1.lut0 (4 -> 0)
  Optimizing lut $abc$15194$auto$blifparse.cc:525:parse_blif$15570.genblk1.genblk1.genblk1.genblk1.genblk1.genblk1.lut0 (4 -> 1)
  Optimizing lut $abc$15194$auto$blifparse.cc:525:parse_blif$15571.genblk1.genblk1.genblk1.genblk1.genblk1.genblk1.lut0 (4 -> 1)
  Optimizing lut $abc$15194$auto$blifparse.cc:525:parse_blif$15574.genblk1.genblk1.genblk1.genblk1.genblk1.lut0 (4 -> 3)
  Optimizing lut $abc$15194$auto$blifparse.cc:525:parse_blif$15575.genblk1.genblk1.genblk1.genblk1.genblk1.lut0 (4 -> 0)
  Optimizing lut $abc$15194$auto$blifparse.cc:525:parse_blif$15576.genblk1.genblk1.genblk1.genblk1.genblk1.genblk1.lut0 (4 -> 1)
  Optimizing lut $abc$15194$auto$blifparse.cc:525:parse_blif$15577.genblk1.genblk1.genblk1.genblk1.genblk1.genblk1.lut0 (4 -> 1)
  Optimizing lut $abc$15194$auto$blifparse.cc:525:parse_blif$15577.genblk1.genblk1.genblk1.genblk1.genblk1.genblk1.lut1 (4 -> 1)
  Optimizing lut $abc$15194$auto$blifparse.cc:525:parse_blif$15580.genblk1.genblk1.genblk1.genblk1.genblk1.lut0 (4 -> 3)
  Optimizing lut $abc$15194$auto$blifparse.cc:525:parse_blif$15581.genblk1.genblk1.genblk1.genblk1.genblk1.lut0 (4 -> 0)
  Optimizing lut $abc$15194$auto$blifparse.cc:525:parse_blif$15582.genblk1.genblk1.genblk1.genblk1.genblk1.genblk1.lut0 (4 -> 1)
  Optimizing lut $abc$15194$auto$blifparse.cc:525:parse_blif$15583.genblk1.genblk1.genblk1.genblk1.genblk1.genblk1.lut0 (4 -> 1)
  Optimizing lut $abc$15194$auto$blifparse.cc:525:parse_blif$15583.genblk1.genblk1.genblk1.genblk1.genblk1.genblk1.lut1 (4 -> 1)
  Optimizing lut $abc$15194$auto$blifparse.cc:525:parse_blif$15586.genblk1.genblk1.genblk1.genblk1.genblk1.lut0 (4 -> 3)
  Optimizing lut $abc$15194$auto$blifparse.cc:525:parse_blif$15587.genblk1.genblk1.genblk1.genblk1.genblk1.lut0 (4 -> 0)
  Optimizing lut $abc$15194$auto$blifparse.cc:525:parse_blif$15588.genblk1.genblk1.genblk1.genblk1.genblk1.genblk1.lut0 (4 -> 1)
  Optimizing lut $abc$15194$auto$blifparse.cc:525:parse_blif$15589.genblk1.genblk1.genblk1.genblk1.genblk1.genblk1.lut0 (4 -> 1)
  Optimizing lut $abc$15194$auto$blifparse.cc:525:parse_blif$15589.genblk1.genblk1.genblk1.genblk1.genblk1.genblk1.lut1 (4 -> 1)
  Optimizing lut $abc$15194$auto$blifparse.cc:525:parse_blif$15592.genblk1.genblk1.genblk1.genblk1.genblk1.lut0 (4 -> 3)
  Optimizing lut $abc$15194$auto$blifparse.cc:525:parse_blif$15593.genblk1.genblk1.genblk1.genblk1.genblk1.lut0 (4 -> 0)
  Optimizing lut $abc$15194$auto$blifparse.cc:525:parse_blif$15594.genblk1.genblk1.genblk1.genblk1.genblk1.genblk1.lut0 (4 -> 1)
  Optimizing lut $abc$15194$auto$blifparse.cc:525:parse_blif$15595.genblk1.genblk1.genblk1.genblk1.genblk1.genblk1.lut0 (4 -> 1)
  Optimizing lut $abc$15194$auto$blifparse.cc:525:parse_blif$15595.genblk1.genblk1.genblk1.genblk1.genblk1.genblk1.lut1 (4 -> 1)
  Optimizing lut $abc$15194$auto$blifparse.cc:525:parse_blif$15598.genblk1.genblk1.genblk1.genblk1.genblk1.lut0 (4 -> 3)
  Optimizing lut $abc$15194$auto$blifparse.cc:525:parse_blif$15599.genblk1.genblk1.genblk1.genblk1.genblk1.lut0 (4 -> 0)
  Optimizing lut $abc$15194$auto$blifparse.cc:525:parse_blif$15600.genblk1.genblk1.genblk1.genblk1.genblk1.genblk1.lut0 (4 -> 1)
  Optimizing lut $abc$15194$auto$blifparse.cc:525:parse_blif$15601.genblk1.genblk1.genblk1.genblk1.genblk1.genblk1.lut0 (4 -> 1)
  Optimizing lut $abc$15194$auto$blifparse.cc:525:parse_blif$16096.genblk1.genblk1.genblk1.genblk1.genblk1.genblk1.lut1 (4 -> 0)
  Optimizing lut $abc$15194$auto$blifparse.cc:525:parse_blif$15665.genblk1.genblk1.genblk1.genblk1.genblk1.lut1 (4 -> 1)
  Optimizing lut $abc$15194$auto$blifparse.cc:525:parse_blif$15657.genblk1.genblk1.genblk1.genblk1.genblk1.lut1 (4 -> 1)
  Optimizing lut $abc$15194$auto$blifparse.cc:525:parse_blif$15663.genblk1.genblk1.genblk1.genblk1.genblk1.lut1 (4 -> 1)
  Optimizing lut $abc$15194$auto$blifparse.cc:525:parse_blif$16202.genblk1.genblk1.genblk1.genblk1.genblk1.genblk1.genblk1.lut1 (4 -> 0)
  Optimizing lut $abc$15194$auto$blifparse.cc:525:parse_blif$15651.genblk1.genblk1.genblk1.genblk1.genblk1.lut0 (4 -> 3)
  Optimizing lut $abc$15194$auto$blifparse.cc:525:parse_blif$15652.genblk1.genblk1.genblk1.genblk1.genblk1.lut0 (4 -> 3)
  Optimizing lut $abc$15194$auto$blifparse.cc:525:parse_blif$15653.genblk1.genblk1.genblk1.genblk1.genblk1.lut0 (4 -> 3)
  Optimizing lut $abc$15194$auto$blifparse.cc:525:parse_blif$15654.genblk1.genblk1.genblk1.genblk1.genblk1.lut0 (4 -> 3)
  Optimizing lut $abc$15194$auto$blifparse.cc:525:parse_blif$15655.genblk1.genblk1.genblk1.genblk1.genblk1.lut0 (4 -> 3)
  Optimizing lut $abc$15194$auto$blifparse.cc:525:parse_blif$15656.genblk1.genblk1.genblk1.genblk1.genblk1.lut0 (4 -> 3)
  Optimizing lut $abc$15194$auto$blifparse.cc:525:parse_blif$15657.genblk1.genblk1.genblk1.genblk1.genblk1.lut0 (4 -> 3)
  Optimizing lut $abc$15194$auto$blifparse.cc:525:parse_blif$15658.genblk1.genblk1.genblk1.genblk1.genblk1.lut0 (4 -> 3)
  Optimizing lut $abc$15194$auto$blifparse.cc:525:parse_blif$15659.genblk1.genblk1.genblk1.genblk1.genblk1.lut0 (4 -> 3)
  Optimizing lut $abc$15194$auto$blifparse.cc:525:parse_blif$15660.genblk1.genblk1.genblk1.genblk1.genblk1.lut0 (4 -> 3)
  Optimizing lut $abc$15194$auto$blifparse.cc:525:parse_blif$15661.genblk1.genblk1.genblk1.genblk1.genblk1.lut0 (4 -> 3)
  Optimizing lut $abc$15194$auto$blifparse.cc:525:parse_blif$15662.genblk1.genblk1.genblk1.genblk1.genblk1.lut0 (4 -> 3)
  Optimizing lut $abc$15194$auto$blifparse.cc:525:parse_blif$15663.genblk1.genblk1.genblk1.genblk1.genblk1.lut0 (4 -> 3)
  Optimizing lut $abc$15194$auto$blifparse.cc:525:parse_blif$15664.genblk1.genblk1.genblk1.genblk1.genblk1.lut0 (4 -> 3)
  Optimizing lut $abc$15194$auto$blifparse.cc:525:parse_blif$15665.genblk1.genblk1.genblk1.genblk1.genblk1.lut0 (4 -> 3)
  Optimizing lut $abc$15194$auto$blifparse.cc:525:parse_blif$15666.genblk1.genblk1.genblk1.genblk1.genblk1.lut0 (4 -> 3)
  Optimizing lut $abc$15194$auto$blifparse.cc:525:parse_blif$15667.genblk1.genblk1.genblk1.genblk1.genblk1.lut0 (4 -> 3)
  Optimizing lut $abc$15194$auto$blifparse.cc:525:parse_blif$15668.genblk1.genblk1.genblk1.genblk1.genblk1.lut0 (4 -> 3)
  Optimizing lut $abc$15194$auto$blifparse.cc:525:parse_blif$15669.genblk1.genblk1.genblk1.genblk1.genblk1.lut0 (4 -> 3)
  Optimizing lut $abc$15194$auto$blifparse.cc:525:parse_blif$15670.genblk1.genblk1.genblk1.genblk1.genblk1.lut0 (4 -> 3)
  Optimizing lut $abc$15194$auto$blifparse.cc:525:parse_blif$15671.genblk1.genblk1.genblk1.genblk1.genblk1.lut0 (4 -> 3)
  Optimizing lut $abc$15194$auto$blifparse.cc:525:parse_blif$15672.genblk1.genblk1.genblk1.genblk1.genblk1.lut0 (4 -> 3)
  Optimizing lut $abc$15194$auto$blifparse.cc:525:parse_blif$15673.genblk1.genblk1.genblk1.genblk1.genblk1.lut0 (4 -> 3)
  Optimizing lut $abc$15194$auto$blifparse.cc:525:parse_blif$15674.genblk1.genblk1.genblk1.genblk1.genblk1.lut0 (4 -> 3)
  Optimizing lut $abc$15194$auto$blifparse.cc:525:parse_blif$15675.genblk1.genblk1.genblk1.genblk1.genblk1.lut0 (4 -> 3)
  Optimizing lut $abc$15194$auto$blifparse.cc:525:parse_blif$15676.genblk1.genblk1.genblk1.genblk1.genblk1.lut0 (4 -> 3)
  Optimizing lut $abc$15194$auto$blifparse.cc:525:parse_blif$15677.genblk1.genblk1.genblk1.genblk1.genblk1.lut0 (4 -> 3)
  Optimizing lut $abc$15194$auto$blifparse.cc:525:parse_blif$15678.genblk1.genblk1.genblk1.genblk1.genblk1.lut0 (4 -> 3)
  Optimizing lut $abc$15194$auto$blifparse.cc:525:parse_blif$15679.genblk1.genblk1.genblk1.genblk1.genblk1.lut0 (4 -> 3)
  Optimizing lut $abc$15194$auto$blifparse.cc:525:parse_blif$15680.genblk1.genblk1.genblk1.genblk1.genblk1.lut0 (4 -> 3)
  Optimizing lut $abc$15194$auto$blifparse.cc:525:parse_blif$15702.genblk1.genblk1.genblk1.genblk1.genblk1.genblk1.genblk1.lut1 (4 -> 3)
  Optimizing lut $abc$15194$auto$blifparse.cc:525:parse_blif$15685.genblk1.genblk1.genblk1.genblk1.genblk1.lut0 (4 -> 3)
  Optimizing lut $abc$15194$auto$blifparse.cc:525:parse_blif$15668.genblk1.genblk1.genblk1.genblk1.genblk1.lut1 (4 -> 1)
  Optimizing lut $abc$15194$auto$blifparse.cc:525:parse_blif$15688.genblk1.genblk1.genblk1.genblk1.genblk1.lut0 (4 -> 3)
  Optimizing lut $abc$15194$auto$blifparse.cc:525:parse_blif$15677.genblk1.genblk1.genblk1.genblk1.genblk1.lut1 (4 -> 1)
  Optimizing lut $abc$15194$auto$blifparse.cc:525:parse_blif$15678.genblk1.genblk1.genblk1.genblk1.genblk1.lut1 (4 -> 1)
  Optimizing lut $abc$15194$auto$blifparse.cc:525:parse_blif$15691.genblk1.genblk1.genblk1.genblk1.genblk1.genblk1.genblk1.lut0 (4 -> 3)
  Optimizing lut $abc$15194$auto$blifparse.cc:525:parse_blif$15692.genblk1.genblk1.genblk1.genblk1.genblk1.genblk1.genblk1.lut0 (4 -> 3)
  Optimizing lut $abc$15194$auto$blifparse.cc:525:parse_blif$15693.genblk1.genblk1.genblk1.genblk1.genblk1.genblk1.genblk1.lut0 (4 -> 3)
  Optimizing lut $abc$15194$auto$blifparse.cc:525:parse_blif$15694.genblk1.genblk1.genblk1.genblk1.genblk1.genblk1.genblk1.lut0 (4 -> 3)
  Optimizing lut $abc$15194$auto$blifparse.cc:525:parse_blif$15695.genblk1.genblk1.genblk1.genblk1.genblk1.genblk1.genblk1.lut0 (4 -> 3)
  Optimizing lut $abc$15194$auto$blifparse.cc:525:parse_blif$15696.genblk1.genblk1.genblk1.genblk1.genblk1.genblk1.genblk1.lut0 (4 -> 3)
  Optimizing lut $abc$15194$auto$blifparse.cc:525:parse_blif$15697.genblk1.genblk1.genblk1.genblk1.genblk1.genblk1.genblk1.lut0 (4 -> 3)
  Optimizing lut $abc$15194$auto$blifparse.cc:525:parse_blif$15698.genblk1.genblk1.genblk1.genblk1.genblk1.genblk1.genblk1.lut0 (4 -> 3)
  Optimizing lut $abc$15194$auto$blifparse.cc:525:parse_blif$15699.genblk1.genblk1.genblk1.genblk1.genblk1.genblk1.genblk1.lut0 (4 -> 3)
  Optimizing lut $abc$15194$auto$blifparse.cc:525:parse_blif$15700.genblk1.genblk1.genblk1.genblk1.genblk1.genblk1.genblk1.lut0 (4 -> 3)
  Optimizing lut $abc$15194$auto$blifparse.cc:525:parse_blif$15701.genblk1.genblk1.genblk1.genblk1.genblk1.genblk1.genblk1.lut0 (4 -> 3)
  Optimizing lut $abc$15194$auto$blifparse.cc:525:parse_blif$15702.genblk1.genblk1.genblk1.genblk1.genblk1.genblk1.genblk1.lut0 (4 -> 3)
  Optimizing lut $abc$15194$auto$blifparse.cc:525:parse_blif$15703.genblk1.genblk1.genblk1.genblk1.genblk1.genblk1.genblk1.lut0 (4 -> 3)
  Optimizing lut $abc$15194$auto$blifparse.cc:525:parse_blif$15704.genblk1.genblk1.genblk1.genblk1.genblk1.genblk1.genblk1.lut0 (4 -> 3)
  Optimizing lut $abc$15194$auto$blifparse.cc:525:parse_blif$15705.genblk1.genblk1.genblk1.genblk1.genblk1.genblk1.genblk1.lut0 (4 -> 3)
  Optimizing lut $abc$15194$auto$blifparse.cc:525:parse_blif$15706.genblk1.genblk1.genblk1.genblk1.genblk1.genblk1.genblk1.lut0 (4 -> 3)
  Optimizing lut $abc$15194$auto$blifparse.cc:525:parse_blif$15707.genblk1.genblk1.genblk1.genblk1.genblk1.genblk1.genblk1.lut0 (4 -> 3)
  Optimizing lut $abc$15194$auto$blifparse.cc:525:parse_blif$15708.genblk1.genblk1.genblk1.genblk1.genblk1.genblk1.genblk1.lut0 (4 -> 3)
  Optimizing lut $abc$15194$auto$blifparse.cc:525:parse_blif$15709.genblk1.genblk1.genblk1.genblk1.genblk1.genblk1.genblk1.lut0 (4 -> 3)
  Optimizing lut $abc$15194$auto$blifparse.cc:525:parse_blif$15710.genblk1.genblk1.genblk1.genblk1.genblk1.genblk1.genblk1.lut0 (4 -> 3)
  Optimizing lut $abc$15194$auto$blifparse.cc:525:parse_blif$15711.genblk1.genblk1.genblk1.genblk1.genblk1.genblk1.genblk1.lut0 (4 -> 3)
  Optimizing lut $abc$15194$auto$blifparse.cc:525:parse_blif$15712.genblk1.genblk1.genblk1.genblk1.genblk1.genblk1.genblk1.lut0 (4 -> 3)
  Optimizing lut $abc$15194$auto$blifparse.cc:525:parse_blif$15712.genblk1.genblk1.genblk1.genblk1.genblk1.genblk1.genblk1.lut1 (4 -> 3)
  Optimizing lut $abc$15194$auto$blifparse.cc:525:parse_blif$15710.genblk1.genblk1.genblk1.genblk1.genblk1.genblk1.genblk1.lut1 (4 -> 3)
  Optimizing lut $abc$15194$auto$blifparse.cc:525:parse_blif$16410.genblk1.genblk1.genblk1.genblk1.genblk1.lut1 (4 -> 1)
  Optimizing lut $abc$15194$auto$blifparse.cc:525:parse_blif$16168.genblk1.genblk1.genblk1.genblk1.genblk1.genblk1.lut1 (4 -> 3)
  Optimizing lut $abc$15194$auto$blifparse.cc:525:parse_blif$15779.genblk1.genblk1.genblk1.genblk1.genblk1.lut1 (4 -> 3)
  Optimizing lut $abc$15194$auto$blifparse.cc:525:parse_blif$15780.genblk1.genblk1.genblk1.genblk1.genblk1.lut1 (4 -> 3)
  Optimizing lut $abc$15194$auto$blifparse.cc:525:parse_blif$15782.genblk1.genblk1.genblk1.genblk1.genblk1.lut1 (4 -> 3)
  Optimizing lut $abc$15194$auto$blifparse.cc:525:parse_blif$15783.genblk1.genblk1.genblk1.genblk1.genblk1.lut1 (4 -> 3)
  Optimizing lut $abc$15194$auto$blifparse.cc:525:parse_blif$15784.genblk1.genblk1.genblk1.genblk1.genblk1.lut1 (4 -> 3)
  Optimizing lut $abc$15194$auto$blifparse.cc:525:parse_blif$15787.genblk1.genblk1.genblk1.genblk1.genblk1.lut1 (4 -> 3)
  Optimizing lut $abc$15194$auto$blifparse.cc:525:parse_blif$15785.genblk1.genblk1.genblk1.genblk1.genblk1.lut1 (4 -> 3)
  Optimizing lut $abc$15194$auto$blifparse.cc:525:parse_blif$15775.genblk1.genblk1.genblk1.genblk1.genblk1.lut0 (4 -> 3)
  Optimizing lut $abc$15194$auto$blifparse.cc:525:parse_blif$15776.genblk1.genblk1.genblk1.genblk1.genblk1.lut0 (4 -> 3)
  Optimizing lut $abc$15194$auto$blifparse.cc:525:parse_blif$15777.genblk1.genblk1.genblk1.genblk1.genblk1.lut0 (4 -> 3)
  Optimizing lut $abc$15194$auto$blifparse.cc:525:parse_blif$15778.genblk1.genblk1.genblk1.genblk1.genblk1.lut0 (4 -> 3)
  Optimizing lut $abc$15194$auto$blifparse.cc:525:parse_blif$15779.genblk1.genblk1.genblk1.genblk1.genblk1.lut0 (4 -> 3)
  Optimizing lut $abc$15194$auto$blifparse.cc:525:parse_blif$15780.genblk1.genblk1.genblk1.genblk1.genblk1.lut0 (4 -> 3)
  Optimizing lut $abc$15194$auto$blifparse.cc:525:parse_blif$15781.genblk1.genblk1.genblk1.genblk1.genblk1.lut0 (4 -> 3)
  Optimizing lut $abc$15194$auto$blifparse.cc:525:parse_blif$15782.genblk1.genblk1.genblk1.genblk1.genblk1.lut0 (4 -> 3)
  Optimizing lut $abc$15194$auto$blifparse.cc:525:parse_blif$15783.genblk1.genblk1.genblk1.genblk1.genblk1.lut0 (4 -> 3)
  Optimizing lut $abc$15194$auto$blifparse.cc:525:parse_blif$15784.genblk1.genblk1.genblk1.genblk1.genblk1.lut0 (4 -> 3)
  Optimizing lut $abc$15194$auto$blifparse.cc:525:parse_blif$15785.genblk1.genblk1.genblk1.genblk1.genblk1.lut0 (4 -> 3)
  Optimizing lut $abc$15194$auto$blifparse.cc:525:parse_blif$15786.genblk1.genblk1.genblk1.genblk1.genblk1.lut0 (4 -> 3)
  Optimizing lut $abc$15194$auto$blifparse.cc:525:parse_blif$15787.genblk1.genblk1.genblk1.genblk1.genblk1.lut0 (4 -> 3)
  Optimizing lut $abc$15194$auto$blifparse.cc:525:parse_blif$15994.genblk1.genblk1.genblk1.genblk1.genblk1.genblk1.lut1 (4 -> 0)
  Optimizing lut $abc$15194$auto$blifparse.cc:525:parse_blif$15786.genblk1.genblk1.genblk1.genblk1.genblk1.lut1 (4 -> 3)
  Optimizing lut $abc$15194$auto$blifparse.cc:525:parse_blif$16220.genblk1.genblk1.genblk1.genblk1.genblk1.genblk1.genblk1.lut1 (4 -> 0)
  Optimizing lut $abc$15194$auto$blifparse.cc:525:parse_blif$15781.genblk1.genblk1.genblk1.genblk1.genblk1.lut1 (4 -> 3)
  Optimizing lut $abc$15194$auto$blifparse.cc:525:parse_blif$15842.genblk1.genblk1.genblk1.genblk1.genblk1.lut0 (4 -> 3)
  Optimizing lut $abc$15194$auto$blifparse.cc:525:parse_blif$15850.genblk1.genblk1.genblk1.genblk1.genblk1.lut0 (4 -> 2)
  Optimizing lut $abc$15194$auto$blifparse.cc:525:parse_blif$15858.genblk1.genblk1.genblk1.genblk1.genblk1.lut0 (4 -> 0)
  Optimizing lut $abc$15194$auto$blifparse.cc:525:parse_blif$15862.genblk1.genblk1.genblk1.genblk1.genblk1.lut0 (4 -> 0)
  Optimizing lut $abc$15194$auto$blifparse.cc:525:parse_blif$15864.genblk1.genblk1.genblk1.genblk1.genblk1.lut1 (4 -> 3)
  Optimizing lut $abc$15194$auto$blifparse.cc:525:parse_blif$15866.genblk1.genblk1.genblk1.genblk1.genblk1.lut0 (4 -> 3)
  Optimizing lut $abc$15194$auto$blifparse.cc:525:parse_blif$15865.genblk1.genblk1.genblk1.genblk1.genblk1.lut1 (4 -> 3)
  Optimizing lut $abc$15194$auto$blifparse.cc:525:parse_blif$15842.genblk1.genblk1.genblk1.genblk1.genblk1.lut1 (4 -> 3)
  Optimizing lut $abc$15194$auto$blifparse.cc:525:parse_blif$15850.genblk1.genblk1.genblk1.genblk1.genblk1.lut1 (4 -> 3)
  Optimizing lut $abc$15194$auto$blifparse.cc:525:parse_blif$16014.genblk1.genblk1.genblk1.genblk1.genblk1.lut1 (4 -> 2)
  Optimizing lut $abc$15194$auto$blifparse.cc:525:parse_blif$16048.genblk1.genblk1.genblk1.genblk1.genblk1.lut1 (4 -> 0)
  Optimizing lut $abc$15194$auto$blifparse.cc:525:parse_blif$16050.genblk1.genblk1.genblk1.genblk1.genblk1.genblk1.genblk1.lut1 (4 -> 0)
  Optimizing lut $abc$15194$auto$blifparse.cc:525:parse_blif$16040.genblk1.genblk1.genblk1.genblk1.genblk1.genblk1.genblk1.lut1 (4 -> 0)
  Optimizing lut $abc$15194$auto$blifparse.cc:525:parse_blif$15978.genblk1.genblk1.genblk1.genblk1.genblk1.lut0 (4 -> 0)
  Optimizing lut $abc$15194$auto$blifparse.cc:525:parse_blif$15979.genblk1.genblk1.genblk1.genblk1.genblk1.genblk1.lut0 (4 -> 0)
  Optimizing lut $abc$15194$auto$blifparse.cc:525:parse_blif$15983.genblk1.genblk1.genblk1.genblk1.genblk1.genblk1.lut0 (4 -> 0)
  Optimizing lut $abc$15194$auto$blifparse.cc:525:parse_blif$15986.genblk1.genblk1.genblk1.genblk1.genblk1.genblk1.lut1 (4 -> 1)
  Optimizing lut $abc$15194$auto$blifparse.cc:525:parse_blif$15985.genblk1.genblk1.genblk1.genblk1.genblk1.genblk1.lut0 (4 -> 1)
  Optimizing lut $abc$15194$auto$blifparse.cc:525:parse_blif$15986.genblk1.genblk1.genblk1.genblk1.genblk1.genblk1.lut0 (4 -> 1)
  Optimizing lut $abc$15194$auto$blifparse.cc:525:parse_blif$15988.genblk1.genblk1.genblk1.genblk1.genblk1.lut0 (4 -> 0)
  Optimizing lut $abc$15194$auto$blifparse.cc:525:parse_blif$15989.genblk1.genblk1.genblk1.genblk1.genblk1.lut0 (4 -> 0)
  Optimizing lut $abc$15194$auto$blifparse.cc:525:parse_blif$15990.genblk1.genblk1.genblk1.genblk1.genblk1.lut0 (4 -> 0)
  Optimizing lut $abc$15194$auto$blifparse.cc:525:parse_blif$15987.genblk1.genblk1.genblk1.genblk1.genblk1.genblk1.genblk1.lut1 (4 -> 0)
  Optimizing lut $abc$15194$auto$blifparse.cc:525:parse_blif$15994.genblk1.genblk1.genblk1.genblk1.genblk1.genblk1.lut0 (4 -> 0)
  Optimizing lut $abc$15194$auto$blifparse.cc:525:parse_blif$15982.genblk1.genblk1.genblk1.genblk1.genblk1.lut1 (4 -> 2)
  Optimizing lut $abc$15194$auto$blifparse.cc:525:parse_blif$16007.genblk1.genblk1.genblk1.genblk1.genblk1.lut0 (4 -> 2)
  Optimizing lut $abc$15194$auto$blifparse.cc:525:parse_blif$16012.genblk1.genblk1.genblk1.genblk1.genblk1.lut0 (4 -> 0)
  Optimizing lut $abc$15194$auto$blifparse.cc:525:parse_blif$16013.genblk1.genblk1.genblk1.genblk1.genblk1.lut0 (4 -> 0)
  Optimizing lut $abc$15194$auto$blifparse.cc:525:parse_blif$16015.genblk1.genblk1.genblk1.genblk1.genblk1.genblk1.lut0 (4 -> 0)
  Optimizing lut $abc$15194$auto$blifparse.cc:525:parse_blif$16018.genblk1.genblk1.genblk1.genblk1.genblk1.genblk1.lut1 (4 -> 1)
  Optimizing lut $abc$15194$auto$blifparse.cc:525:parse_blif$16017.genblk1.genblk1.genblk1.genblk1.genblk1.genblk1.lut0 (4 -> 1)
  Optimizing lut $abc$15194$auto$blifparse.cc:525:parse_blif$16018.genblk1.genblk1.genblk1.genblk1.genblk1.genblk1.lut0 (4 -> 1)
  Optimizing lut $abc$15194$auto$blifparse.cc:525:parse_blif$16019.genblk1.genblk1.genblk1.genblk1.genblk1.genblk1.genblk1.lut0 (4 -> 0)
  Optimizing lut $abc$15194$auto$blifparse.cc:525:parse_blif$16020.genblk1.genblk1.genblk1.genblk1.genblk1.lut0 (4 -> 0)
  Optimizing lut $abc$15194$auto$blifparse.cc:525:parse_blif$16021.genblk1.genblk1.genblk1.genblk1.genblk1.genblk1.lut0 (4 -> 0)
  Optimizing lut $abc$15194$auto$blifparse.cc:525:parse_blif$16022.genblk1.genblk1.genblk1.genblk1.genblk1.genblk1.genblk1.lut0 (4 -> 0)
  Optimizing lut $abc$15194$auto$blifparse.cc:525:parse_blif$16028.genblk1.genblk1.genblk1.genblk1.genblk1.lut1 (4 -> 0)
  Optimizing lut $abc$15194$auto$blifparse.cc:525:parse_blif$15685.genblk1.genblk1.genblk1.genblk1.genblk1.lut1 (4 -> 3)
  Optimizing lut $abc$15194$auto$blifparse.cc:525:parse_blif$16025.genblk1.genblk1.genblk1.genblk1.genblk1.lut1 (4 -> 0)
  Optimizing lut $abc$15194$auto$blifparse.cc:525:parse_blif$16031.genblk1.genblk1.genblk1.genblk1.genblk1.genblk1.genblk1.lut0 (4 -> 0)
  Optimizing lut $abc$15194$auto$blifparse.cc:525:parse_blif$16032.genblk1.genblk1.genblk1.genblk1.genblk1.genblk1.genblk1.lut0 (4 -> 1)
  Optimizing lut $abc$15194$auto$blifparse.cc:525:parse_blif$16035.genblk1.genblk1.genblk1.genblk1.genblk1.lut1 (4 -> 0)
  Optimizing lut $abc$15194$auto$blifparse.cc:525:parse_blif$16038.genblk1.genblk1.genblk1.genblk1.genblk1.lut1 (4 -> 0)
  Optimizing lut $abc$15194$auto$blifparse.cc:525:parse_blif$16031.genblk1.genblk1.genblk1.genblk1.genblk1.genblk1.genblk1.lut1 (4 -> 0)
  Optimizing lut $abc$15194$auto$blifparse.cc:525:parse_blif$16040.genblk1.genblk1.genblk1.genblk1.genblk1.genblk1.genblk1.lut0 (4 -> 0)
  Optimizing lut $abc$15194$auto$blifparse.cc:525:parse_blif$16050.genblk1.genblk1.genblk1.genblk1.genblk1.genblk1.genblk1.lut0 (4 -> 0)
  Optimizing lut $abc$15194$auto$blifparse.cc:525:parse_blif$16058.genblk1.genblk1.genblk1.genblk1.genblk1.lut1 (4 -> 0)
  Optimizing lut $abc$15194$auto$blifparse.cc:525:parse_blif$16055.genblk1.genblk1.genblk1.genblk1.genblk1.lut1 (4 -> 0)
  Optimizing lut $abc$15194$auto$blifparse.cc:525:parse_blif$16060.genblk1.genblk1.genblk1.genblk1.genblk1.lut0 (4 -> 0)
  Optimizing lut $abc$15194$auto$blifparse.cc:525:parse_blif$16063.genblk1.genblk1.genblk1.genblk1.genblk1.genblk1.lut1 (4 -> 0)
  Optimizing lut $abc$15194$auto$blifparse.cc:525:parse_blif$16063.genblk1.genblk1.genblk1.genblk1.genblk1.genblk1.lut0 (4 -> 0)
  Optimizing lut $abc$15194$auto$blifparse.cc:525:parse_blif$16066.genblk1.genblk1.genblk1.genblk1.genblk1.lut1 (4 -> 0)
  Optimizing lut $abc$15194$auto$blifparse.cc:525:parse_blif$15775.genblk1.genblk1.genblk1.genblk1.genblk1.lut1 (4 -> 3)
  Optimizing lut $abc$15194$auto$blifparse.cc:525:parse_blif$16071.genblk1.genblk1.genblk1.genblk1.genblk1.lut0 (4 -> 0)
  Optimizing lut $abc$15194$auto$blifparse.cc:525:parse_blif$16074.genblk1.genblk1.genblk1.genblk1.genblk1.genblk1.lut1 (4 -> 0)
  Optimizing lut $abc$15194$auto$blifparse.cc:525:parse_blif$16074.genblk1.genblk1.genblk1.genblk1.genblk1.genblk1.lut0 (4 -> 0)
  Optimizing lut $abc$15194$auto$blifparse.cc:525:parse_blif$16077.genblk1.genblk1.genblk1.genblk1.genblk1.lut1 (4 -> 0)
  Optimizing lut $abc$15194$auto$blifparse.cc:525:parse_blif$16080.genblk1.genblk1.genblk1.genblk1.genblk1.lut1 (4 -> 0)
  Optimizing lut $abc$15194$auto$blifparse.cc:525:parse_blif$16082.genblk1.genblk1.genblk1.genblk1.genblk1.genblk1.lut0 (4 -> 1)
  Optimizing lut $abc$15194$auto$blifparse.cc:525:parse_blif$16084.genblk1.genblk1.genblk1.genblk1.genblk1.genblk1.genblk1.lut0 (4 -> 1)
  Optimizing lut $abc$15194$auto$blifparse.cc:525:parse_blif$16085.genblk1.genblk1.genblk1.genblk1.genblk1.genblk1.lut0 (4 -> 0)
  Optimizing lut $abc$15194$auto$blifparse.cc:525:parse_blif$16087.genblk1.genblk1.genblk1.genblk1.genblk1.lut0 (4 -> 0)
  Optimizing lut $abc$15194$auto$blifparse.cc:525:parse_blif$16417.genblk1.genblk1.genblk1.genblk1.genblk1.lut1 (4 -> 1)
  Optimizing lut $abc$15194$auto$blifparse.cc:525:parse_blif$16093.genblk1.genblk1.genblk1.genblk1.genblk1.lut0 (4 -> 0)
  Optimizing lut $abc$15194$auto$blifparse.cc:525:parse_blif$16094.genblk1.genblk1.genblk1.genblk1.genblk1.genblk1.genblk1.lut0 (4 -> 0)
  Optimizing lut $abc$15194$auto$blifparse.cc:525:parse_blif$16095.genblk1.genblk1.genblk1.genblk1.genblk1.genblk1.genblk1.lut0 (4 -> 1)
  Optimizing lut $abc$15194$auto$blifparse.cc:525:parse_blif$16096.genblk1.genblk1.genblk1.genblk1.genblk1.genblk1.lut0 (4 -> 0)
  Optimizing lut $abc$15194$auto$blifparse.cc:525:parse_blif$16097.genblk1.genblk1.genblk1.genblk1.genblk1.genblk1.genblk1.lut0 (4 -> 3)
  Optimizing lut $abc$15194$auto$blifparse.cc:525:parse_blif$16103.genblk1.genblk1.genblk1.genblk1.genblk1.lut1 (4 -> 0)
  Optimizing lut $abc$15194$auto$blifparse.cc:525:parse_blif$16100.genblk1.genblk1.genblk1.genblk1.genblk1.lut1 (4 -> 0)
  Optimizing lut $abc$15194$auto$blifparse.cc:525:parse_blif$16105.genblk1.genblk1.genblk1.genblk1.genblk1.lut0 (4 -> 0)
  Optimizing lut $abc$15194$auto$blifparse.cc:525:parse_blif$16106.genblk1.genblk1.genblk1.genblk1.genblk1.genblk1.lut0 (4 -> 3)
  Optimizing lut $abc$15194$auto$blifparse.cc:525:parse_blif$16112.genblk1.genblk1.genblk1.genblk1.genblk1.lut1 (4 -> 0)
  Optimizing lut $abc$15194$auto$blifparse.cc:525:parse_blif$16109.genblk1.genblk1.genblk1.genblk1.genblk1.lut1 (4 -> 0)
  Optimizing lut $abc$15194$auto$blifparse.cc:525:parse_blif$16114.genblk1.genblk1.genblk1.genblk1.genblk1.lut0 (4 -> 0)
  Optimizing lut $abc$15194$auto$blifparse.cc:525:parse_blif$16115.genblk1.genblk1.genblk1.genblk1.genblk1.lut0 (4 -> 2)
  Optimizing lut $abc$15194$auto$blifparse.cc:525:parse_blif$16118.genblk1.genblk1.genblk1.genblk1.genblk1.lut1 (4 -> 0)
  Optimizing lut $abc$15194$auto$blifparse.cc:525:parse_blif$16123.genblk1.genblk1.genblk1.genblk1.genblk1.lut0 (4 -> 0)
  Optimizing lut $abc$15194$auto$blifparse.cc:525:parse_blif$16124.genblk1.genblk1.genblk1.genblk1.genblk1.lut0 (4 -> 2)
  Optimizing lut $abc$15194$auto$blifparse.cc:525:parse_blif$16127.genblk1.genblk1.genblk1.genblk1.genblk1.lut1 (4 -> 0)
  Optimizing lut $abc$15194$auto$blifparse.cc:525:parse_blif$16130.genblk1.genblk1.genblk1.genblk1.genblk1.lut1 (4 -> 0)
  Optimizing lut $abc$15194$auto$blifparse.cc:525:parse_blif$16178.genblk1.genblk1.genblk1.genblk1.genblk1.genblk1.lut1 (4 -> 0)
  Optimizing lut $abc$15194$auto$blifparse.cc:525:parse_blif$16132.genblk1.genblk1.genblk1.genblk1.genblk1.lut0 (4 -> 0)
  Optimizing lut $abc$15194$auto$blifparse.cc:525:parse_blif$16133.genblk1.genblk1.genblk1.genblk1.genblk1.lut0 (4 -> 2)
  Optimizing lut $abc$15194$auto$blifparse.cc:525:parse_blif$16139.genblk1.genblk1.genblk1.genblk1.genblk1.lut0 (4 -> 0)
  Optimizing lut $abc$15194$auto$blifparse.cc:525:parse_blif$16228.genblk1.genblk1.genblk1.genblk1.genblk1.genblk1.lut1 (4 -> 3)
  Optimizing lut $abc$15194$auto$blifparse.cc:525:parse_blif$16141.genblk1.genblk1.genblk1.genblk1.genblk1.genblk1.lut0 (4 -> 3)
  Optimizing lut $abc$15194$auto$blifparse.cc:525:parse_blif$16142.genblk1.genblk1.genblk1.genblk1.genblk1.lut0 (4 -> 0)
  Optimizing lut $abc$15194$auto$blifparse.cc:525:parse_blif$16143.genblk1.genblk1.genblk1.genblk1.genblk1.lut0 (4 -> 2)
  Optimizing lut $abc$15194$auto$blifparse.cc:525:parse_blif$16146.genblk1.genblk1.genblk1.genblk1.genblk1.lut1 (4 -> 0)
  Optimizing lut $abc$15194$auto$blifparse.cc:525:parse_blif$16149.genblk1.genblk1.genblk1.genblk1.genblk1.lut0 (4 -> 0)
  Optimizing lut $abc$15194$auto$blifparse.cc:525:parse_blif$16150.genblk1.genblk1.genblk1.genblk1.genblk1.genblk1.lut0 (4 -> 3)
  Optimizing lut $abc$15194$auto$blifparse.cc:525:parse_blif$16151.genblk1.genblk1.genblk1.genblk1.genblk1.lut0 (4 -> 0)
  Optimizing lut $abc$15194$auto$blifparse.cc:525:parse_blif$16152.genblk1.genblk1.genblk1.genblk1.genblk1.lut0 (4 -> 2)
  Optimizing lut $abc$15194$auto$blifparse.cc:525:parse_blif$16155.genblk1.genblk1.genblk1.genblk1.genblk1.lut1 (4 -> 0)
  Optimizing lut $abc$15194$auto$blifparse.cc:525:parse_blif$16158.genblk1.genblk1.genblk1.genblk1.genblk1.lut0 (4 -> 0)
  Optimizing lut $abc$15194$auto$blifparse.cc:525:parse_blif$16159.genblk1.genblk1.genblk1.genblk1.genblk1.genblk1.lut0 (4 -> 3)
  Optimizing lut $abc$15194$auto$blifparse.cc:525:parse_blif$16160.genblk1.genblk1.genblk1.genblk1.genblk1.lut0 (4 -> 0)
  Optimizing lut $abc$15194$auto$blifparse.cc:525:parse_blif$16161.genblk1.genblk1.genblk1.genblk1.genblk1.lut0 (4 -> 2)
  Optimizing lut $abc$15194$auto$blifparse.cc:525:parse_blif$16164.genblk1.genblk1.genblk1.genblk1.genblk1.lut1 (4 -> 0)
  Optimizing lut $abc$15194$auto$blifparse.cc:525:parse_blif$16181.genblk1.genblk1.genblk1.genblk1.genblk1.lut1 (4 -> 0)
  Optimizing lut $abc$15194$auto$blifparse.cc:525:parse_blif$16167.genblk1.genblk1.genblk1.genblk1.genblk1.lut0 (4 -> 0)
  Optimizing lut $abc$15194$auto$blifparse.cc:525:parse_blif$16168.genblk1.genblk1.genblk1.genblk1.genblk1.genblk1.lut0 (4 -> 3)
  Optimizing lut $abc$15194$auto$blifparse.cc:525:parse_blif$16169.genblk1.genblk1.genblk1.genblk1.genblk1.genblk1.lut0 (4 -> 0)
  Optimizing lut $abc$15194$auto$blifparse.cc:525:parse_blif$16170.genblk1.genblk1.genblk1.genblk1.genblk1.genblk1.genblk1.lut0 (4 -> 2)
  Optimizing lut $abc$15194$auto$blifparse.cc:525:parse_blif$16173.genblk1.genblk1.genblk1.genblk1.genblk1.lut1 (4 -> 0)
  Optimizing lut $abc$15194$auto$blifparse.cc:525:parse_blif$16176.genblk1.genblk1.genblk1.genblk1.genblk1.lut0 (4 -> 0)
  Optimizing lut $abc$15194$auto$blifparse.cc:525:parse_blif$16177.genblk1.genblk1.genblk1.genblk1.genblk1.genblk1.lut0 (4 -> 3)
  Optimizing lut $abc$15194$auto$blifparse.cc:525:parse_blif$16178.genblk1.genblk1.genblk1.genblk1.genblk1.genblk1.lut0 (4 -> 0)
  Optimizing lut $abc$15194$auto$blifparse.cc:525:parse_blif$16184.genblk1.genblk1.genblk1.genblk1.genblk1.lut0 (4 -> 0)
  Optimizing lut $abc$15194$auto$blifparse.cc:525:parse_blif$16185.genblk1.genblk1.genblk1.genblk1.genblk1.genblk1.lut0 (4 -> 3)
  Optimizing lut $abc$15194$auto$blifparse.cc:525:parse_blif$16186.genblk1.genblk1.genblk1.genblk1.genblk1.genblk1.lut0 (4 -> 0)
  Optimizing lut $abc$15194$auto$blifparse.cc:525:parse_blif$16189.genblk1.genblk1.genblk1.genblk1.genblk1.lut1 (4 -> 0)
  Optimizing lut $abc$15194$auto$blifparse.cc:525:parse_blif$16192.genblk1.genblk1.genblk1.genblk1.genblk1.lut0 (4 -> 0)
  Optimizing lut $abc$15194$auto$blifparse.cc:525:parse_blif$16193.genblk1.genblk1.genblk1.genblk1.genblk1.genblk1.lut0 (4 -> 3)
  Optimizing lut $abc$15194$auto$blifparse.cc:525:parse_blif$16194.genblk1.genblk1.genblk1.genblk1.genblk1.genblk1.lut0 (4 -> 0)
  Optimizing lut $abc$15194$auto$blifparse.cc:525:parse_blif$16200.genblk1.genblk1.genblk1.genblk1.genblk1.lut0 (4 -> 0)
  Optimizing lut $abc$15194$auto$blifparse.cc:525:parse_blif$16201.genblk1.genblk1.genblk1.genblk1.genblk1.genblk1.lut0 (4 -> 3)
  Optimizing lut $abc$15194$auto$blifparse.cc:525:parse_blif$16202.genblk1.genblk1.genblk1.genblk1.genblk1.genblk1.genblk1.lut0 (4 -> 0)
  Optimizing lut $abc$15194$auto$blifparse.cc:525:parse_blif$16206.genblk1.genblk1.genblk1.genblk1.genblk1.lut1 (4 -> 0)
  Optimizing lut $abc$15194$auto$blifparse.cc:525:parse_blif$16209.genblk1.genblk1.genblk1.genblk1.genblk1.lut0 (4 -> 0)
  Optimizing lut $abc$15194$auto$blifparse.cc:525:parse_blif$16210.genblk1.genblk1.genblk1.genblk1.genblk1.genblk1.lut0 (4 -> 3)
  Optimizing lut $abc$15194$auto$blifparse.cc:525:parse_blif$16211.genblk1.genblk1.genblk1.genblk1.genblk1.genblk1.genblk1.lut0 (4 -> 0)
  Optimizing lut $abc$15194$auto$blifparse.cc:525:parse_blif$16212.genblk1.genblk1.genblk1.genblk1.genblk1.lut0 (4 -> 0)
  Optimizing lut $abc$15194$auto$blifparse.cc:525:parse_blif$16218.genblk1.genblk1.genblk1.genblk1.genblk1.lut0 (4 -> 0)
  Optimizing lut $abc$15194$auto$blifparse.cc:525:parse_blif$16219.genblk1.genblk1.genblk1.genblk1.genblk1.genblk1.lut0 (4 -> 3)
  Optimizing lut $abc$15194$auto$blifparse.cc:525:parse_blif$16220.genblk1.genblk1.genblk1.genblk1.genblk1.genblk1.genblk1.lut0 (4 -> 0)
  Optimizing lut $abc$15194$auto$blifparse.cc:525:parse_blif$16221.genblk1.genblk1.genblk1.genblk1.genblk1.lut0 (4 -> 0)
  Optimizing lut $abc$15194$auto$blifparse.cc:525:parse_blif$16224.genblk1.genblk1.genblk1.genblk1.genblk1.lut1 (4 -> 0)
  Optimizing lut $abc$15194$auto$blifparse.cc:525:parse_blif$16227.genblk1.genblk1.genblk1.genblk1.genblk1.lut0 (4 -> 0)
  Optimizing lut $abc$15194$auto$blifparse.cc:525:parse_blif$16228.genblk1.genblk1.genblk1.genblk1.genblk1.genblk1.lut0 (4 -> 3)
  Optimizing lut $abc$15194$auto$blifparse.cc:525:parse_blif$16229.genblk1.genblk1.genblk1.genblk1.genblk1.genblk1.genblk1.lut0 (4 -> 0)
  Optimizing lut $abc$15194$auto$blifparse.cc:525:parse_blif$16233.genblk1.genblk1.genblk1.genblk1.genblk1.lut1 (4 -> 0)
  Optimizing lut $abc$15194$auto$blifparse.cc:525:parse_blif$16236.genblk1.genblk1.genblk1.genblk1.genblk1.lut0 (4 -> 0)
  Optimizing lut $abc$15194$auto$blifparse.cc:525:parse_blif$16237.genblk1.genblk1.genblk1.genblk1.genblk1.genblk1.lut0 (4 -> 3)
  Optimizing lut $abc$15194$auto$blifparse.cc:525:parse_blif$16238.genblk1.genblk1.genblk1.genblk1.genblk1.genblk1.genblk1.lut0 (4 -> 0)
  Optimizing lut $abc$15194$auto$blifparse.cc:525:parse_blif$16244.genblk1.genblk1.genblk1.genblk1.genblk1.genblk1.genblk1.lut0 (4 -> 0)
  Optimizing lut $abc$15194$auto$blifparse.cc:525:parse_blif$16256.genblk1.genblk1.genblk1.genblk1.genblk1.genblk1.genblk1.lut1 (4 -> 0)
  Optimizing lut $abc$15194$auto$blifparse.cc:525:parse_blif$15701.genblk1.genblk1.genblk1.genblk1.genblk1.genblk1.genblk1.lut1 (4 -> 3)
  Optimizing lut $abc$15194$auto$blifparse.cc:525:parse_blif$16250.genblk1.genblk1.genblk1.genblk1.genblk1.genblk1.genblk1.lut0 (4 -> 0)
  Optimizing lut $abc$15194$auto$blifparse.cc:525:parse_blif$16256.genblk1.genblk1.genblk1.genblk1.genblk1.genblk1.genblk1.lut0 (4 -> 0)
  Optimizing lut $abc$15194$auto$blifparse.cc:525:parse_blif$16262.genblk1.genblk1.genblk1.genblk1.genblk1.genblk1.lut0 (4 -> 0)
  Optimizing lut $abc$15194$auto$blifparse.cc:525:parse_blif$16267.genblk1.genblk1.genblk1.genblk1.genblk1.genblk1.genblk1.lut0 (4 -> 0)
  Optimizing lut $abc$15194$auto$blifparse.cc:525:parse_blif$16238.genblk1.genblk1.genblk1.genblk1.genblk1.genblk1.genblk1.lut1 (4 -> 0)
  Optimizing lut $abc$15194$auto$blifparse.cc:525:parse_blif$16273.genblk1.genblk1.genblk1.genblk1.genblk1.genblk1.genblk1.lut0 (4 -> 0)
  Optimizing lut $abc$15194$auto$blifparse.cc:525:parse_blif$16279.genblk1.genblk1.genblk1.genblk1.genblk1.genblk1.genblk1.lut1 (4 -> 0)
  Optimizing lut $abc$15194$auto$blifparse.cc:525:parse_blif$16211.genblk1.genblk1.genblk1.genblk1.genblk1.genblk1.genblk1.lut1 (4 -> 0)
  Optimizing lut $abc$15194$auto$blifparse.cc:525:parse_blif$16279.genblk1.genblk1.genblk1.genblk1.genblk1.genblk1.genblk1.lut0 (4 -> 0)
  Optimizing lut $abc$15194$auto$blifparse.cc:525:parse_blif$16281.genblk1.genblk1.genblk1.genblk1.genblk1.lut0 (4 -> 0)
  Optimizing lut $abc$15194$auto$blifparse.cc:525:parse_blif$16283.genblk1.genblk1.genblk1.genblk1.genblk1.lut1 (4 -> 0)
  Optimizing lut $abc$15194$auto$blifparse.cc:525:parse_blif$15667.genblk1.genblk1.genblk1.genblk1.genblk1.lut1 (4 -> 1)
  Optimizing lut $abc$15194$auto$blifparse.cc:525:parse_blif$16244.genblk1.genblk1.genblk1.genblk1.genblk1.genblk1.genblk1.lut1 (4 -> 0)
  Optimizing lut $abc$15194$auto$blifparse.cc:525:parse_blif$16412.genblk1.genblk1.genblk1.genblk1.genblk1.lut1 (4 -> 1)
  Optimizing lut $abc$15194$auto$blifparse.cc:525:parse_blif$16250.genblk1.genblk1.genblk1.genblk1.genblk1.genblk1.genblk1.lut1 (4 -> 0)
  Optimizing lut $abc$15194$auto$blifparse.cc:525:parse_blif$16237.genblk1.genblk1.genblk1.genblk1.genblk1.genblk1.lut1 (4 -> 3)
  Optimizing lut $abc$15194$auto$blifparse.cc:525:parse_blif$16273.genblk1.genblk1.genblk1.genblk1.genblk1.genblk1.genblk1.lut1 (4 -> 0)
  Optimizing lut $abc$15194$auto$blifparse.cc:525:parse_blif$15651.genblk1.genblk1.genblk1.genblk1.genblk1.lut1 (4 -> 1)
  Optimizing lut $abc$15194$auto$blifparse.cc:525:parse_blif$15654.genblk1.genblk1.genblk1.genblk1.genblk1.lut1 (4 -> 1)
  Optimizing lut $abc$15194$auto$blifparse.cc:525:parse_blif$16215.genblk1.genblk1.genblk1.genblk1.genblk1.lut1 (4 -> 0)
  Optimizing lut $abc$15194$auto$blifparse.cc:525:parse_blif$15703.genblk1.genblk1.genblk1.genblk1.genblk1.genblk1.genblk1.lut1 (4 -> 3)
  Optimizing lut $abc$15194$auto$blifparse.cc:525:parse_blif$15404.genblk1.genblk1.genblk1.genblk1.genblk1.genblk1.genblk1.lut1 (4 -> 0)
  Optimizing lut $abc$15194$auto$blifparse.cc:525:parse_blif$15711.genblk1.genblk1.genblk1.genblk1.genblk1.genblk1.genblk1.lut1 (4 -> 3)
  Optimizing lut $abc$15194$auto$blifparse.cc:525:parse_blif$16082.genblk1.genblk1.genblk1.genblk1.genblk1.genblk1.lut1 (4 -> 1)
  Optimizing lut $abc$15194$auto$blifparse.cc:525:parse_blif$16229.genblk1.genblk1.genblk1.genblk1.genblk1.genblk1.genblk1.lut1 (4 -> 0)
  Optimizing lut $abc$15194$auto$blifparse.cc:525:parse_blif$16407.genblk1.genblk1.genblk1.genblk1.genblk1.lut0 (4 -> 3)
  Optimizing lut $abc$15194$auto$blifparse.cc:525:parse_blif$16409.genblk1.genblk1.genblk1.genblk1.genblk1.lut1 (4 -> 1)
  Optimizing lut $abc$15194$auto$blifparse.cc:525:parse_blif$16409.genblk1.genblk1.genblk1.genblk1.genblk1.lut0 (4 -> 3)
  Optimizing lut $abc$15194$auto$blifparse.cc:525:parse_blif$16410.genblk1.genblk1.genblk1.genblk1.genblk1.lut0 (4 -> 3)
  Optimizing lut $abc$15194$auto$blifparse.cc:525:parse_blif$16412.genblk1.genblk1.genblk1.genblk1.genblk1.lut0 (4 -> 3)
  Optimizing lut $abc$15194$auto$blifparse.cc:525:parse_blif$16414.genblk1.genblk1.genblk1.genblk1.genblk1.lut0 (4 -> 3)
  Optimizing lut $abc$15194$auto$blifparse.cc:525:parse_blif$16416.genblk1.genblk1.genblk1.genblk1.genblk1.lut1 (4 -> 1)
  Optimizing lut $abc$15194$auto$blifparse.cc:525:parse_blif$16416.genblk1.genblk1.genblk1.genblk1.genblk1.lut0 (4 -> 3)
  Optimizing lut $abc$15194$auto$blifparse.cc:525:parse_blif$16417.genblk1.genblk1.genblk1.genblk1.genblk1.lut0 (4 -> 3)
  Optimizing lut $abc$15194$auto$blifparse.cc:525:parse_blif$16419.genblk1.genblk1.genblk1.genblk1.genblk1.lut0 (4 -> 3)
  Optimizing lut $abc$15194$auto$blifparse.cc:525:parse_blif$16421.genblk1.genblk1.genblk1.genblk1.genblk1.lut0 (4 -> 3)
  Optimizing lut $abc$15194$auto$blifparse.cc:525:parse_blif$16423.genblk1.genblk1.genblk1.genblk1.genblk1.lut1 (4 -> 1)
  Optimizing lut $abc$15194$auto$blifparse.cc:525:parse_blif$16423.genblk1.genblk1.genblk1.genblk1.genblk1.lut0 (4 -> 3)
  Optimizing lut $abc$15194$auto$blifparse.cc:525:parse_blif$16424.genblk1.genblk1.genblk1.genblk1.genblk1.lut0 (4 -> 3)
  Optimizing lut $abc$15194$auto$blifparse.cc:525:parse_blif$16426.genblk1.genblk1.genblk1.genblk1.genblk1.lut0 (4 -> 3)
  Optimizing lut $abc$15194$auto$blifparse.cc:525:parse_blif$16428.genblk1.genblk1.genblk1.genblk1.genblk1.lut0 (4 -> 3)
  Optimizing lut $abc$15194$auto$blifparse.cc:525:parse_blif$16430.genblk1.genblk1.genblk1.genblk1.genblk1.lut1 (4 -> 1)
  Optimizing lut $abc$15194$auto$blifparse.cc:525:parse_blif$16430.genblk1.genblk1.genblk1.genblk1.genblk1.lut0 (4 -> 3)
  Optimizing lut $abc$15194$auto$blifparse.cc:525:parse_blif$16431.genblk1.genblk1.genblk1.genblk1.genblk1.lut0 (4 -> 3)
  Optimizing lut $abc$15194$auto$blifparse.cc:525:parse_blif$16433.genblk1.genblk1.genblk1.genblk1.genblk1.lut0 (4 -> 3)
  Optimizing lut $abc$15194$auto$blifparse.cc:525:parse_blif$16436.genblk1.genblk1.genblk1.genblk1.genblk1.lut0 (4 -> 3)
  Optimizing lut $abc$15194$auto$blifparse.cc:525:parse_blif$16438.genblk1.genblk1.genblk1.genblk1.genblk1.lut1 (4 -> 1)
  Optimizing lut $abc$15194$auto$blifparse.cc:525:parse_blif$16438.genblk1.genblk1.genblk1.genblk1.genblk1.lut0 (4 -> 3)
  Optimizing lut $abc$15194$auto$blifparse.cc:525:parse_blif$16439.genblk1.genblk1.genblk1.genblk1.genblk1.lut0 (4 -> 3)
  Optimizing lut $abc$15194$auto$blifparse.cc:525:parse_blif$16439.genblk1.genblk1.genblk1.genblk1.genblk1.lut1 (4 -> 1)
  Optimizing lut $abc$15194$auto$blifparse.cc:525:parse_blif$16426.genblk1.genblk1.genblk1.genblk1.genblk1.lut1 (4 -> 1)
  Optimizing lut $abc$15194$auto$blifparse.cc:525:parse_blif$16424.genblk1.genblk1.genblk1.genblk1.genblk1.lut1 (4 -> 1)
  Optimizing lut $abc$15194$auto$blifparse.cc:525:parse_blif$16474.genblk1.genblk1.genblk1.genblk1.genblk1.lut0 (4 -> 0)
  Optimizing lut $abc$15194$auto$blifparse.cc:525:parse_blif$16431.genblk1.genblk1.genblk1.genblk1.genblk1.lut1 (4 -> 1)
  Optimizing lut $abc$15194$auto$blifparse.cc:525:parse_blif$16428.genblk1.genblk1.genblk1.genblk1.genblk1.lut1 (4 -> 1)
  Optimizing lut $abc$15194$auto$blifparse.cc:525:parse_blif$16484.genblk1.genblk1.genblk1.genblk1.genblk1.lut0 (4 -> 0)
  Optimizing lut $abc$15194$auto$blifparse.cc:525:parse_blif$16433.genblk1.genblk1.genblk1.genblk1.genblk1.lut1 (4 -> 1)
  Optimizing lut $abc$15194$auto$blifparse.cc:525:parse_blif$16436.genblk1.genblk1.genblk1.genblk1.genblk1.lut1 (4 -> 1)
  Optimizing lut $abc$15194$auto$blifparse.cc:525:parse_blif$15660.genblk1.genblk1.genblk1.genblk1.genblk1.lut1 (4 -> 1)
  Optimizing lut $abc$15194$auto$blifparse.cc:525:parse_blif$16407.genblk1.genblk1.genblk1.genblk1.genblk1.lut1 (4 -> 1)
  Optimizing lut $abc$15194$auto$blifparse.cc:525:parse_blif$15700.genblk1.genblk1.genblk1.genblk1.genblk1.genblk1.genblk1.lut1 (4 -> 3)
  Optimizing lut $abc$15194$auto$blifparse.cc:525:parse_blif$16421.genblk1.genblk1.genblk1.genblk1.genblk1.lut1 (4 -> 1)
  Optimizing lut $abc$15194$auto$blifparse.cc:525:parse_blif$16194.genblk1.genblk1.genblk1.genblk1.genblk1.genblk1.lut1 (4 -> 0)
  Optimizing lut $abc$15194$auto$blifparse.cc:525:parse_blif$15778.genblk1.genblk1.genblk1.genblk1.genblk1.lut1 (4 -> 3)
  Optimizing lut $abc$15194$auto$blifparse.cc:525:parse_blif$16169.genblk1.genblk1.genblk1.genblk1.genblk1.genblk1.lut1 (4 -> 0)
Removed 0 unused cells and 4094 unused wires.

38.46. Executing AUTONAME pass.
Renamed 95310 objects in module SOC (106 iterations).

38.47. Executing HIERARCHY pass (managing design hierarchy).

38.47.1. Analyzing design hierarchy..
Top module:  \SOC

38.47.2. Analyzing design hierarchy..
Top module:  \SOC
Removed 0 unused modules.

38.48. Printing statistics.

=== SOC ===

   Number of wires:               4155
   Number of wire bits:           9922
   Number of public wires:        4155
   Number of public wire bits:    9922
   Number of memories:               0
   Number of memory bits:            0
   Number of processes:              0
   Number of cells:               5195
     CCU2C                         145
     DP16KD                          9
     L6MUX21                       364
     LUT4                         2932
     PFUMX                         823
     TRELLIS_DPR16X4                32
     TRELLIS_FF                    890

38.49. Executing CHECK pass (checking for obvious problems).
Checking module SOC...
Found and reported 0 problems.

39. Executing JSON backend.

Warnings: 6 unique messages, 6 total
End of script. Logfile hash: c65a4f4aa6, CPU: user 7.06s system 0.15s, MEM: 114.29 MB peak
Yosys 0.33+6 (git sha1 41b34a193, x86_64-conda-linux-gnu-cc 11.2.0 -fvisibility-inlines-hidden -fmessage-length=0 -march=nocona -mtune=haswell -ftree-vectorize -fPIC -fstack-protector-strong -fno-plt -O2 -ffunction-sections -fdebug-prefix-map=/root/conda-eda/conda-eda/workdir/conda-env/conda-bld/yosys_1694128612374/work=/usr/local/src/conda/yosys-0.33_7_g41b34a193 -fdebug-prefix-map=/home/chema/miniconda3/envs/digital=/usr/local/src/conda-prefix -fPIC -Os -fno-merge-constants)
Time spent: 15% 30x opt_clean (1 sec), 15% 7x techmap (1 sec), ...
